lga_code16,lga_name16,erp_2001,erp_2002,erp_2003,erp_2004,erp_2005,erp_2006,erp_2007,erp_2008,erp_2009,erp_2010,erp_2011,erp_2012pr,erp_2013pr,erp_2014pr,erp_2015pr,erp_2016pr,areasqkm16
10050,Albury (C),45265,45816,46180,46505,47004,47566,48140,48518,48814,49222,49451,49802,50354,51021,51525,52165,305.9459
10130,Armidale Regional (A),29058,28920,28739,28524,28459,28479,28599,28923,29281,29524,29678,29848,29993,30105,30217,30311,8620.699
10250,Ballina (A),37856,38417,38870,39120,39305,39537,39824,40020,40295,40571,40747,41060,41378,41688,42075,42626,484.9389
10300,Balranald (A),2751,2703,2661,2596,2545,2507,2473,2433,2404,2381,2353,2359,2374,2366,2349,2310,21690.6753
10470,Bathurst Regional (A),35504,35831,36084,36245,36547,36916,37272,37904,38848,39484,39960,40345,40798,41272,41844,42389,3817.8646
10550,Bega Valley (A),30425,30790,31056,31406,31608,31829,32183,32367,32620,32962,33128,33301,33444,33587,33742,33946,6278.8811
10600,Bellingen (A),12634,12673,12705,12672,12682,12716,12773,12787,12837,12891,12923,12902,12902,12902,12901,12893,1600.4337
10650,Berrigan (A),8075,8058,8035,8014,8076,8160,8204,8237,8282,8291,8297,8360,8424,8502,8544,8572,2065.7759
10750,Blacktown (C),263103,267048,268806,271434,275206,278894,284925,292002,299450,306601,312346,317765,324729,331783,339368,347591,240.0487
10800,Bland (A),6603,6529,6453,6360,6263,6212,6178,6113,6101,6049,6021,6037,6033,6042,6038,6031,8557.6535
10850,Blayney (A),6478,6545,6562,6598,6649,6741,6821,6900,7041,7143,7217,7292,7335,7372,7388,7418,1524.6470000000002
10900,Blue Mountains (C),76528,76656,76651,76436,75971,75600,76198,77102,77869,78227,78553,78536,78682,78842,78847,78705,1431.1442
10950,Bogan (A),3156,3105,3052,3027,2964,2939,2972,2992,2999,3013,3009,2984,2928,2898,2851,2768,14599.8996
11100,Botany Bay (C),36966,37158,37228,37081,37215,37453,38041,39018,40026,40909,41504,42279,43264,44677,46454,49058,21.6826
11150,Bourke (A),3919,3781,3642,3494,3349,3185,3073,3046,3013,3033,3053,3005,2914,2888,2823,2787,41599.5072
11200,Brewarrina (A),2148,2121,2078,2039,2029,2004,1961,1944,1900,1878,1874,1824,1837,1796,1775,1725,19163.4798
11250,Broken Hill (C),20929,20681,20403,20111,19915,19753,19708,19604,19421,19267,19151,18975,18773,18587,18305,18027,170.1153
13910,Hilltops (A),18014,18022,18031,18060,18146,18213,18266,18337,18467,18639,18793,18831,18825,18839,18844,18841,7140.8863
14000,Hornsby (A),132644,134068,134991,135567,135974,136162,137694,139436,141117,142549,143273,143862,144620,145524,146485,147661,455.0375
14100,Hunters Hill (A),13296,13412,13512,13631,13636,13662,13716,13742,13835,13854,13897,14073,14240,14425,14538,14638,5.7169
14170,Inner West (A),166693,166368,166127,165989,166486,167602,170481,173375,176106,178395,180301,182278,184704,187135,189540,192030,35.3713
14200,Inverell (A),15632,15721,15723,15708,15765,15845,15973,16118,16320,16476,16584,16612,16619,16667,16717,16778,8597.2081
14300,Junee (A),5859,5869,5861,5854,5882,5943,5942,5978,6054,6105,6132,6147,6234,6316,6379,6462,2030.0222
14350,Kempsey (A),27164,27327,27466,27608,27936,28032,28193,28431,28775,28960,29128,29239,29303,29384,29420,29454,3375.6707
14400,Kiama (A),19793,19841,19836,19784,19690,19626,19809,19933,20219,20522,20806,20998,21243,21587,21855,22044,257.6636
14500,Ku-ring-gai (A),106965,106778,106559,105839,104883,104459,105551,107976,110464,112643,114604,116498,118487,120314,121947,123143,85.4096
14550,Kyogle (A),9739,9686,9590,9525,9507,9491,9491,9490,9514,9544,9537,9411,9332,9269,9170,9072,3584.1644
14600,Lachlan (A),7500,7386,7233,7090,6956,6829,6733,6692,6678,6663,6701,6653,6586,6533,6452,6352,14964.2752
14650,Lake Macquarie (C),186353,187385,188171,188415,188547,188503,189672,191478,193585,195263,196811,197866,199224,200690,201811,202847,648.6398
14700,Lane Cove (A),31880,31749,31695,31599,31538,31527,31678,31918,32308,32803,33233,33762,34315,35286,36524,37810,10.4794
14750,Leeton (A),11832,11807,11755,11681,11590,11562,11502,11457,11461,11432,11406,11437,11420,11422,11428,11418,1167.1877
14850,Lismore (C),42721,42749,42681,42764,43011,43338,43636,43750,43940,44190,44348,44392,44396,44316,44193,44054,1287.7043
14870,Lithgow (C),20451,20442,20418,20357,20272,20186,20277,20352,20621,20732,20850,21016,21141,21322,21449,21524,4512.2563
14900,Liverpool (C),158027,161908,163835,165627,167472,169868,172875,177372,181712,184910,188088,191921,196287,201010,206568,212232,305.7396
14920,Liverpool Plains (A),7977,7940,7859,7797,7736,7717,7720,7717,7718,7738,7761,7794,7826,7852,7865,7874,5082.2397
14950,Lockhart (A),3550,3470,3404,3330,3267,3237,3203,3171,3159,3133,3098,3088,3100,3125,3130,3182,2895.8049
15050,Maitland (C),56055,57642,59167,60440,61961,63505,65143,66244,67268,68561,69924,72093,74006,75910,77657,79340,391.5087
15240,Mid-Coast (A),81291,82081,83014,83730,84281,84579,85325,86091,86942,87948,88818,89372,90034,90622,91237,91958,10053.2455
15270,Mid-Western Regional (A),22003,22002,21862,21706,21647,21641,21887,22186,22469,22774,23020,23355,23759,24090,24412,24569,8752.259
15300,Moree Plains (A),16108,15834,15457,15028,14693,14407,14155,14070,14019,14032,14043,13978,13915,13841,13717,13590,17906.5241
15350,Mosman (A),27680,27644,27680,27737,27538,27570,27900,28422,28761,29131,29351,29483,29633,29839,30033,30215,8.6503
15520,Murray River (A),10997,10994,10966,10929,10932,11020,11082,11161,11226,11259,11257,11391,11526,11659,11777,11887,11863.4771
15560,Murrumbidgee (A),4548,4485,4402,4328,4273,4219,4109,4039,3992,3948,3888,3884,3922,3907,3901,3933,6882.8151
15650,Muswellbrook (A),15099,15339,15402,15402,15467,15639,15713,15749,15878,16108,16328,16406,16423,16445,16453,16468,3404.884
15700,Nambucca (A),18026,18005,17849,18136,18247,18299,18456,18695,18892,19140,19235,19306,19412,19478,19509,19521,1491.3432
15750,Narrabri (A),14422,14244,14050,13784,13592,13477,13359,13303,13349,13394,13438,13460,13539,13558,13562,13481,13014.9937
15800,Narrandera (A),6686,6580,6433,6307,6221,6149,6103,6069,6093,6105,6115,6093,6067,6035,6005,5976,4116.3459
15850,Narromine (A),7060,6980,6863,6777,6734,6691,6676,6726,6748,6815,6832,6794,6756,6715,6659,6599,5261.5165
15900,Newcastle (C),141001,142220,143613,144834,145914,146623,148524,150553,151895,153483,155550,156550,157615,158914,159981,160919,186.7549
15950,North Sydney (A),58337,58816,59583,60271,60850,61512,62476,63484,64762,65850,66747,67701,68782,69937,71100,72037,10.4857
15990,Northern Beaches (A),229816,230170,230208,230438,231741,233600,237084,239842,244500,248250,251696,254385,257456,260421,263503,266344,254.2074
16100,Oberon (A),5257,5269,5243,5209,5193,5179,5166,5161,5192,5207,5209,5248,5323,5351,5373,5399,3625.047
16150,Orange (C),36701,36728,36721,36501,36410,36374,36801,37401,37904,38660,39419,39818,40251,40751,41010,41384,284.2157
16200,Parkes (A),14927,14901,14807,14690,14627,14600,14643,14755,14835,14984,15083,15057,15036,15013,14984,14946,5957.6138
16260,Parramatta (C),170101,171245,172927,175370,178021,180919,185175,189684,195136,199575,203205,208363,214818,221568,228248,234968,83.8294
16350,Penrith (C),176277,176829,176610,175589,175799,176067,177280,179851,181901,182948,184589,187314,190511,193778,197678,201400,404.7016
11300,Burwood (A),30393,30682,30980,31370,31696,32199,32893,33343,33708,33835,34176,35098,36140,37201,37819,38495,7.1281
11350,Byron (A),29453,29697,29952,30141,30130,30125,30174,30347,30537,30664,30712,31099,31523,31920,32344,32790,565.8029
11400,Cabonne (A),12447,12478,12482,12506,12543,12634,12706,12799,12929,13071,13211,13339,13497,13543,13560,13625,6022.3498
11450,Camden (A),45163,47172,48441,48925,49990,50628,52178,53736,55377,56846,58439,61190,64197,68813,74329,80476,201.0281
11500,Campbelltown (C) (NSW),149192,149100,148743,147587,147220,146538,147159,148407,149986,150318,151173,152477,154338,156304,158591,161409,311.9111
11520,Canada Bay (A),61940,63077,64060,65350,66951,68309,70196,72320,75332,77709,80065,82636,85535,88535,90419,92382,19.9233
11570,Canterbury-Bankstown (A),307592,307011,306316,305670,307118,310578,316155,322404,327793,332118,335940,340522,345748,351013,356386,361551,110.2638
11600,Carrathool (A),3290,3246,3143,3054,2947,2863,2827,2784,2778,2732,2681,2671,2804,2808,2777,2803,18932.4603
11650,Central Coast (C) (NSW),294596,297530,299319,299999,301403,303051,306499,312338,316796,320361,322657,325022,327336,329815,332491,335309,1681.0695
11700,Central Darling (A),2432,2326,2218,2163,2096,2000,2003,2003,2029,2045,2059,2014,1977,1932,1920,1875,53492.1931
11720,Cessnock (C),46823,47024,47181,47266,47305,47426,48302,49303,50218,51304,52485,53348,54339,55165,55965,56762,1965.1589
11730,Clarence Valley (A),48247,48415,48509,48631,48853,49149,49524,49818,50433,50993,51287,51319,51358,51380,51383,51367,10428.6803
11750,Cobar (A),5141,5127,5082,5037,5028,5044,5042,4988,4954,4946,4883,4857,4833,4817,4789,4764,45579.3299
11800,Coffs Harbour (C),62582,63553,64574,65448,65957,66657,67567,68574,69358,70373,70972,71584,72317,73047,73773,74641,1173.7437
12000,Coolamon (A),4090,4078,4072,4066,4072,4097,4116,4145,4187,4216,4236,4282,4334,4368,4380,4403,2430.9037
12150,Coonamble (A),4797,4690,4578,4476,4394,4305,4253,4233,4223,4224,4226,4203,4181,4156,4119,4082,9916.0536
12350,Cowra (A),12989,12922,12849,12804,12774,12754,12688,12591,12548,12533,12523,12536,12520,12574,12624,12673,2808.7822
12380,Cumberland (A),171200,171580,172359,174036,177098,180403,185224,191102,195643,199981,203181,207678,212670,217226,221618,226051,71.5511
12700,Dungog (A),8338,8321,8312,8233,8263,8245,8245,8286,8415,8457,8556,8663,8799,8932,9025,9114,2249.9983
12730,Edward River (A),10074,9958,9798,9603,9440,9287,9228,9110,9072,8973,8888,8908,8916,8943,8987,8951,8883.4464
12750,Eurobodalla (A),33639,34239,34855,35326,35662,35855,36103,36301,36462,36807,37082,37163,37303,37537,37805,37968,3428.1695
12850,Fairfield (C),187825,187089,186489,185562,185740,186117,187872,190654,193557,195174,196479,198350,200499,202408,204277,206436,101.507
12870,Federation (A),12121,12141,12184,12237,12330,12497,12479,12468,12515,12520,12509,12508,12498,12488,12452,12411,5685.0486
12900,Forbes (A),10062,9995,9907,9744,9610,9540,9573,9526,9562,9495,9469,9530,9608,9698,9750,9808,4710.128
12930,Georges River (A),125777,126520,127183,128176,129490,130586,132751,135287,137979,140040,141726,144203,146718,149117,151403,153452,38.3189
12950,Gilgandra (A),4761,4730,4706,4660,4652,4618,4532,4471,4498,4529,4515,4468,4434,4392,4354,4309,4831.5057
13010,Glen Innes Severn (A),8818,8848,8870,8876,8907,8987,8919,8907,8926,8939,8911,8910,8915,8930,8939,8942,5479.977
13310,Goulburn Mulwaree (A),26401,26526,26576,26559,26615,26695,26803,27166,27654,28083,28363,28718,29153,29438,29749,30150,3220.0796
13340,Greater Hume Shire (A),10455,10331,10189,10126,10036,9999,9985,9988,10009,10060,10072,10162,10219,10319,10440,10509,5749.5185
13450,Griffith (C),24412,24377,24277,24235,24329,24450,24583,24817,25100,25264,25395,25638,25739,25998,26245,26422,1639.1728
13510,Gundagai (A),11397,11357,11292,11248,11256,11254,11201,11168,11230,11274,11308,11315,11315,11309,11307,11286,3981.4173
13550,Gunnedah (A),12306,12193,12036,11892,11792,11782,11879,11987,12151,12344,12519,12531,12510,12511,12504,12551,4987.0295
13660,Gwydir (A),5716,5652,5573,5492,5442,5428,5307,5210,5167,5131,5102,5174,5220,5253,5306,5326,9259.6542
13800,Hawkesbury (C),62412,62515,62530,62032,61698,61725,62262,63066,63618,63982,64353,64651,65082,65420,65773,66136,2775.1377
13850,Hay (A),3620,3616,3582,3538,3512,3483,3394,3292,3209,3153,3085,3028,3013,3002,2989,2975,11325.9324
16380,Port Macquarie-Hastings (A),64960,66573,67960,68987,69659,69947,71097,72528,73317,74460,75232,76266,77003,78000,78925,79905,3683.0099
16400,Port Stephens (A),58509,59506,60410,61256,61918,62132,63425,64316,65521,66447,67214,68038,68776,69587,70316,71118,858.4357
16490,Queanbeyan-Palerang Regional (A),44289,45669,47142,47783,48886,50070,51002,52141,53190,54250,54844,55498,56075,56776,57446,58128,5318.8822
16550,Randwick (C),124456,124390,124252,124088,124596,125346,128229,131136,133975,136006,137792,139949,142618,145112,147303,149276,36.3311
16610,Richmond Valley (A),21014,21213,21213,21167,21256,21728,22067,22291,22417,22597,22717,22839,22951,23047,23094,23164,3047.3748
16650,Rockdale (C),92109,92219,93370,94063,94897,95752,97790,100538,102501,103386,103481,105876,108235,110616,113173,115822,28.2078
16700,Ryde (C),98516,98711,98929,99089,99527,100344,102453,104602,105983,107319,108712,111304,113803,116244,119024,121807,40.4748
16900,Shellharbour (C),59383,60054,60815,61382,61863,62243,62916,63956,64778,65597,66218,66890,67771,68777,69625,70511,147.4211
16950,Shoalhaven (C),86856,88055,88861,89374,90173,90505,91497,92351,93754,95154,96203,97170,98063,99259,100497,101777,4566.6795
17000,Singleton (A),21066,21356,21671,21886,22254,22535,22663,22860,23063,23335,23523,23560,23573,23623,23620,23595,4892.717000000001
17040,Snowy Monaro Regional (A),19440,19571,19710,19762,19866,20008,20073,20147,20241,20335,20386,20422,20463,20504,20537,20617,15163.5461
17080,Snowy Valleys (A),15084,15018,15052,14793,14700,14684,14641,14575,14647,14728,14756,14753,14738,14719,14678,14644,8959.0028
17420,The Hills Shire (A),117301,122269,126698,130134,133214,136015,138034,141230,144388,146247,147779,149906,152307,155205,158719,162539,386.1588
17550,Tweed (A),73980,75711,77868,79555,80382,81531,83060,84842,86539,87722,88437,89242,90143,91029,92109,93458,1307.6562
17620,Upper Hunter Shire (A),13430,13415,13335,13235,13281,13333,13374,13599,13801,13983,14206,14406,14545,14557,14476,14409,8096.0892
17640,Upper Lachlan Shire (A),7210,7203,7195,7192,7185,7209,7229,7276,7333,7379,7422,7570,7591,7720,7799,7841,7127.3957
17650,Uralla (A),6052,6002,5912,5885,5888,5894,5930,5996,6129,6198,6241,6247,6260,6248,6208,6159,3226.5327
17750,Wagga Wagga (C),56280,56718,56897,57211,57761,58518,59493,60329,61061,61503,61781,62163,62509,62924,63520,64085,4824.4889
17850,Walcha (A),3282,3270,3257,3244,3244,3259,3210,3172,3154,3137,3119,3147,3157,3159,3142,3144,6261.0242
17900,Walgett (A),8261,8049,7800,7517,7312,7129,6979,6883,6914,6908,6797,6715,6618,6547,6465,6369,22308.3848
17950,Warren (A),3293,3201,3111,3008,2919,2814,2786,2789,2807,2840,2862,2858,2840,2813,2790,2802,10753.7673
18020,Warrumbungle Shire (A),10762,10620,10446,10258,10155,10034,9952,9925,9930,9921,9898,9849,9738,9682,9613,9541,12372.1201
18050,Waverley (A),62853,62832,62778,62988,63435,64294,65279,66458,67394,68082,68698,69338,70108,70835,71465,72106,9.3507
18100,Weddin (A),3826,3798,3768,3756,3737,3722,3710,3715,3720,3733,3759,3742,3730,3717,3703,3692,3414.8566
18200,Wentworth (A),7156,7078,7009,6946,6915,6926,6963,6964,6932,6910,6837,6847,6845,6874,6886,6920,26256.2398
18230,Western Plains Regional (A),47176,47162,47060,47025,47038,47148,47315,47849,48466,48949,49079,49419,49785,50370,50908,51429,7534.5251
18250,Willoughby (C),61399,62785,63389,64414,65578,66481,67809,68434,69512,70256,71139,72173,73151,74365,76135,78017,22.4258
18350,Wingecarribee (A),42384,42980,43257,43348,43402,43532,44054,44539,45165,45761,46126,46497,47008,47544,48247,49070,2689.3413
18400,Wollondilly (A),38178,38513,39215,39830,40411,40969,41589,42401,43145,43828,44607,45434,46372,47411,48510,49742,2555.4339999999997
18450,Wollongong (C),188275,189851,190475,190641,190721,190909,192770,195437,197887,200468,202068,203283,205100,207036,209123,211201,683.9860000000001
18500,Woollahra (A),52677,52792,52998,52723,52655,52995,53564,54076,54862,55497,56320,56733,57145,57619,57995,58290,12.2775
18710,Yass Valley (A),12002,12366,12772,13058,13247,13500,13916,14310,14714,15227,15615,15826,16040,16234,16418,16628,3995.3257
19399,Unincorporated NSW,1210,1189,1162,1135,1114,1095,1100,1107,1107,1114,1119,1124,1126,1132,1103,1108,93214.1592
20110,Alpine (S),12709,12655,12581,12432,12372,12260,12227,12156,12112,12089,12068,12160,12233,12286,12339,12450,4788.1568
20260,Ararat (RC),11544,11566,11536,11510,11452,11422,11363,11344,11332,11337,11326,11395,11475,11545,11625,11707,4211.1171
20570,Ballarat (C),82333,83168,84190,84775,85663,86647,87796,89531,91390,93359,95185,96730,98323,99917,101506,103407,739.0321
20660,Banyule (C),117967,117559,117313,116661,117149,117963,119362,120580,122248,122780,122983,123661,124432,125330,126409,127693,62.5402
20740,Bass Coast (S),25243,25809,26224,26476,26894,26941,27408,27981,28561,29474,30233,30789,31278,31847,32490,33317,865.8095
20830,Baw Baw (S),35850,35990,36283,36643,37079,37814,38503,39389,40516,42097,43389,44459,45520,46500,47654,49008,4027.6287
20910,Bayside (C),88262,88717,89088,89394,89873,90807,92041,93535,94850,95594,96119,96958,98199,99752,101227,102737,37.2111
21010,Benalla (RC),13886,13897,13878,13846,13829,13807,13802,13792,13796,13838,13818,13848,13873,13894,13920,13962,2352.6397
21110,Boroondara (C),156246,156886,157298,157885,158727,159605,161308,163408,165284,166326,167062,168540,170545,172816,174994,177361,60.1774
21180,Brimbank (C),167213,168499,169424,170953,172749,174231,177004,180561,185397,188895,191496,194042,196667,199365,202193,205741,123.3991
21270,Buloke (S),7220,7171,7102,7026,6995,6957,6861,6789,6751,6622,6465,6424,6367,6307,6269,6230,8000.4027
21370,Campaspe (S),36011,36247,36457,36549,36779,36969,37020,37017,37021,36973,36855,37016,37154,37260,37333,37429,4518.8582
21450,Cardinia (S),46720,47840,50038,52864,55173,57950,60368,63647,67889,71830,75831,80451,84623,88153,92430,97625,1282.5678
21610,Casey (C),180444,188914,198652,206646,213821,220440,228496,237529,246678,254471,261282,269447,278358,288553,300408,313521,409.4289
21670,Central Goldfields (S),12888,12835,12732,12566,12493,12434,12471,12531,12587,12600,12579,12702,12787,12847,12903,13012,1532.7843
21750,Colac-Otway (S),20686,20689,20697,20689,20684,20614,20687,20782,20844,20855,20799,20906,21037,21142,21248,21359,3437.4701
21830,Corangamite (S),17293,17232,17027,16962,16867,16815,16718,16636,16623,16563,16526,16452,16368,16282,16199,16133,4407.4921
21890,Darebin (C),127067,127359,127711,128735,130298,132299,134748,137525,140289,141780,142942,145000,147253,149539,152037,155022,53.4711
22110,East Gippsland (S),38843,39112,39329,39776,40173,40544,40969,41416,41904,42385,42826,43305,43746,44201,44771,45426,20940.2326
22170,Frankston (C),113306,114262,115483,117124,118530,120148,122182,124689,127252,129052,130350,132226,134376,136270,137932,139511,129.59799999999998
22250,Gannawarra (S),11873,11783,11661,11540,11455,11413,11207,11052,10923,10692,10453,10499,10526,10538,10543,10563,3735.3353
22830,Greater Shepparton (C),57610,57996,58379,58338,58419,58688,59208,59854,60758,61443,61744,62577,63256,63960,64555,65076,2421.9093
22910,Hepburn (S),14268,14192,14114,14097,13973,13926,14014,14187,14416,14561,14629,14836,15038,15214,15375,15560,1472.9844
22980,Hindmarsh (S),6496,6452,6361,6274,6189,6119,6080,6032,6025,5954,5856,5851,5835,5821,5779,5741,7524.1824
23110,Hobsons Bay (C),82854,83124,83107,82668,82990,83906,84819,85513,86767,87192,87395,88350,89182,90445,91724,93392,64.2404
23190,Horsham (RC),18305,18326,18340,18413,18584,18770,18917,19060,19243,19390,19523,19600,19671,19720,19757,19817,4266.769
23270,Hume (C),135147,137854,140995,144546,149059,152797,157516,161863,166728,170952,174290,179401,185218,191866,199001,207830,503.8505
23350,Indigo (S),14493,14603,14710,14810,14919,15038,15047,15128,15223,15287,15317,15431,15556,15663,15834,16035,2040.069
23430,Kingston (C) (Vic.),133063,134216,135191,136121,137091,138390,140487,142817,146050,147407,148304,150487,152392,154352,156461,159023,91.3677
23670,Knox (C),146525,147952,149038,149068,149362,150275,151343,152538,154122,154643,154625,155506,156494,157718,159104,160665,113.9115
23810,Latrobe (C) (Vic.),69573,69575,69633,69754,69939,70536,71045,71702,72306,73082,73788,73963,74019,74002,74102,74329,1425.6128
23940,Loddon (S),8473,8390,8284,8125,8012,7922,7883,7812,7741,7653,7546,7531,7519,7516,7537,7555,6696.4447
24130,Macedon Ranges (S),37325,37605,37942,38509,38998,39383,39900,40584,41582,42223,42883,43812,44614,45519,46443,47512,1748.2837
24210,Manningham (C),113194,113422,113434,113308,113432,113914,114771,115539,116372,116656,116750,117535,118509,119706,121166,122902,113.3478
24250,Mansfield (S),6718,6757,6807,6939,7124,7357,7465,7593,7754,7870,7942,8085,8250,8358,8483,8605,3843.8535
24330,Maribyrnong (C),60848,61557,62516,63168,64137,65518,67666,69902,71872,73613,75154,77281,79959,82761,85194,87355,31.2254
24410,Maroondah (C),99662,99999,100177,100476,101009,101430,102536,104034,106011,106677,107323,108493,109869,111596,113278,114979,61.4097
24600,Melbourne (C),55398,60415,65954,71425,76034,80154,85366,89937,94247,97623,100240,107912,119513,129254,138596,148039,37.3513
24650,Melton (C),52504,57724,63837,69145,74316,80595,86196,92552,99935,106848,112643,118424,124089,129582,135308,141749,527.5374
24780,Mildura (RC),48865,49405,49534,49677,49981,50540,50855,51140,51373,51625,51822,52469,53128,53712,54134,54564,22082.4836
24850,Mitchell (S),27526,28179,29158,29862,30492,30723,31529,32302,32897,33892,35105,36360,37728,39011,40171,41632,2862.0833
24900,Moira (S),26404,26437,26583,26684,26969,27477,27703,27968,28140,28331,28406,28645,28836,29012,29174,29306,4046.3738
24970,Monash (C),162135,162430,162824,163495,164949,167010,169145,171321,174398,175731,177345,180398,183374,186395,189541,192850,81.4829
25060,Moonee Valley (C),104793,104856,104629,104632,105059,105717,106716,108417,110367,111363,112180,113718,115519,117894,120427,122968,43.1386
25150,Moorabool (S),24839,24943,25197,25378,25783,26077,26431,26813,27453,28047,28670,29367,30409,31077,31769,32658,2110.5504
25250,Moreland (C),135540,136156,136630,137642,138963,140872,143694,146450,150114,152261,154247,156962,160224,164077,167873,172091,50.9519
25340,Mornington Peninsula (S),131574,133997,135620,136674,137759,139317,141740,144403,147002,148542,149271,151600,153760,156194,158454,160862,724.1679
17350,Temora (A),6288,6221,6123,6039,6016,6008,5977,5959,5936,5951,5953,6009,6068,6117,6190,6236,2802.0159999999996
17400,Tenterfield (A),6842,6808,6709,6650,6630,6666,6731,6796,6882,6941,6990,6922,6824,6755,6694,6667,7322.793000000001
22670,Greater Dandenong (C),127724,127336,127060,127293,128054,130068,132860,135884,138740,140212,142167,145295,148817,152667,156800,160952,129.5469
22750,Greater Geelong (C),191534,194713,196973,198541,199996,201495,203802,206479,209429,212585,215837,219018,223021,227326,232411,238603,1247.9876
25430,Mount Alexander (S),16881,16968,17153,17180,17240,17304,17415,17585,17683,17806,17872,18031,18197,18432,18706,18966,1529.6184
25490,Moyne (S),15525,15578,15605,15597,15635,15708,15744,15848,15976,16082,16167,16300,16416,16497,16573,16693,5481.6861
25620,Murrindindi (S),13257,13349,13395,13381,13472,13663,13690,13748,13352,13318,13335,13447,13542,13660,13814,13993,3879.7505
25710,Nillumbik (S),60444,60501,60452,60682,61102,61515,61858,62367,62785,62838,62716,62971,63228,63533,63822,64280,432.3373
25810,Northern Grampians (S),12857,12793,12616,12460,12285,12095,12095,12087,12117,12113,12054,11974,11885,11788,11661,11577,5729.8764
17100,Strathfield (A),29253,29578,30256,31242,32143,33030,34219,35343,36592,37002,37239,37967,38899,40275,41239,42331,14.0009
17150,Sutherland Shire (A),212458,212978,212719,211907,211460,211230,213161,216400,219065,220060,220250,221217,222456,223817,225063,226041,333.5933
17200,Sydney (C),128901,136368,145079,152892,158834,164597,169056,172985,177150,180748,183281,189885,196949,205541,215421,224211,26.7429
17310,Tamworth Regional (A),53557,53831,54016,54111,54363,54887,55607,56148,56814,57650,58228,58723,59263,59917,60487,60998,9884.3506
22310,Glen Eira (C),122346,123197,123816,125037,126485,128474,130524,132900,135414,136515,137152,139234,141453,144039,146410,149012,38.6906
22410,Glenelg (S),20083,20065,20039,20033,20051,20077,20035,20020,19995,19949,19848,19822,19787,19747,19716,19726,6218.5734
22490,Golden Plains (S),14872,15119,15477,15931,16390,16666,17022,17456,17941,18441,18958,19590,20331,20860,21340,21929,2703.3898
22620,Greater Bendigo (C),89071,90176,91513,92535,93269,94577,96097,97417,99003,100506,101995,103830,105779,107732,109626,111783,2999.9721
25900,Port Phillip (C),80054,82220,84170,86017,87831,89641,91490,93174,95272,96375,97276,99902,102144,104471,106432,108558,20.7092
25990,Pyrenees (S),6541,6546,6551,6561,6603,6648,6650,6661,6721,6748,6759,6859,6933,7043,7174,7301,3434.5689
26080,Queenscliffe (B),3226,3196,3158,3119,3104,3086,3081,3077,3065,3059,3061,3052,2993,2957,2916,2904,8.6166
26170,South Gippsland (S),25762,25786,25910,25957,26068,26128,26350,26556,26903,27173,27512,27895,28203,28426,28661,28936,3296.3307
26260,Southern Grampians (S),16873,16862,16880,16854,16879,16858,16874,16869,16822,16705,16571,16453,16336,16230,16132,16066,6654.0186
26350,Stonnington (C),89424,90370,91034,92061,92893,94056,95228,96841,98186,98728,98853,101555,103726,106304,108595,111606,25.6514
26430,Strathbogie (S),9558,9538,9564,9489,9455,9509,9538,9552,9564,9598,9598,9740,9858,10007,10163,10329,3303.2568
26490,Surf Coast (S),20556,21001,21292,21518,21819,22333,23135,24064,25052,25861,26666,27532,28226,28880,29639,30445,1552.944
26610,Swan Hill (RC),21025,21065,21064,21009,20977,20950,20972,20976,21043,20982,20865,20978,21010,20958,20919,20904,6115.3087
26670,Towong (S),6216,6196,6148,6138,6105,6097,6060,6048,6050,6004,5918,5926,5933,5942,5953,5973,6674.9467
26700,Wangaratta (RC),26260,26341,26378,26464,26608,26776,26871,27005,27111,27200,27212,27437,27640,27860,28144,28559,3645.1095
26730,Warrnambool (C),29180,29658,29998,30266,30553,30959,31380,31696,32036,32370,32667,33068,33429,33752,34041,34245,120.9488
26810,Wellington (S),40835,40671,40533,40481,40504,40682,40897,41174,41506,41803,42068,42441,42701,42936,43163,43465,10817.3346
26890,West Wimmera (S),4808,4749,4707,4636,4583,4539,4488,4452,4427,4373,4287,4210,4115,4026,3958,3912,9108.2042
26980,Whitehorse (C),146178,146110,146036,146453,147344,149017,151180,153487,155959,157058,157538,159788,162290,164690,167205,170093,64.28
27070,Whittlesea (C),117390,119629,122215,123736,125893,128491,132938,138446,145445,152709,160800,170196,179625,188509,197695,207881,489.6939
27170,Wodonga (C),31964,32481,32995,33528,33597,33595,33837,34157,34654,35287,36025,36715,37478,38238,39057,39844,432.6894
27260,Wyndham (C),86604,90333,95776,101789,108795,115161,123778,133063,143405,155251,166699,179376,190642,202250,214872,228088,542.0949
27350,Yarra (C),68522,69415,70115,70811,71719,72808,74289,75868,77311,78430,78903,81383,84171,87571,90401,93380,19.5425
27450,Yarra Ranges (S),141674,142449,142928,142827,142928,143393,144485,145884,147663,148473,148901,149914,150960,152112,153611,155312,2468.205
27630,Yarriambiack (S),8184,8095,7982,7847,7715,7609,7505,7438,7412,7312,7183,7096,7031,6925,6829,6738,7325.797
29399,Unincorporated Vic,451,516,578,638,697,757,741,745,749,759,769,797,807,833,859,887,283.0142
30250,Aurukun (S),1074,1109,1100,1110,1098,1089,1164,1252,1315,1365,1398,1372,1350,1333,1322,1323,7423.9890000000005
30300,Balonne (S),5473,5336,5174,5000,4878,4754,4760,4786,4813,4833,4862,4791,4784,4740,4629,4480,31103.7071
30370,Banana (S),15534,15328,15136,14959,14913,15026,14883,14880,14941,14855,14812,14861,14963,14890,14749,14607,28550.1626
30410,Barcaldine (R),3483,3482,3388,3350,3359,3341,3338,3322,3303,3295,3292,3249,3232,3166,3083,2909,53382.6558
30450,Barcoo (S),454,437,408,404,381,370,364,371,360,360,363,348,333,317,297,272,61830.0907
30760,Blackall-Tambo (R),2385,2327,2218,2164,2126,2063,2076,2124,2171,2216,2257,2236,2214,2154,2037,1924,30537.2479
34710,Longreach (R),4537,4545,4447,4379,4284,4174,4174,4193,4219,4250,4296,4217,4104,4029,3815,3727,40572.2443
34770,Mackay (R),89337,91554,93642,96285,99901,103567,106026,108644,111455,113669,115960,117603,119076,119272,118771,117703,7613.2964
34800,McKinlay (S),1045,1033,993,973,951,922,963,994,1011,1044,1085,1039,989,939,872,810,40736.7989
34830,Mapoon (S),205,213,224,232,239,247,254,262,271,276,281,291,295,305,307,322,537.1003
34860,Maranoa (R),12368,12383,12436,12461,12501,12612,12770,12952,13113,13286,13437,13426,13515,13443,13305,12928,58704.3908
34880,Mareeba (S),18125,18236,18307,18353,18553,18753,19195,19737,20177,20495,20745,20979,21428,21624,21925,22157,53502.0248
35010,Moreton Bay (R),283062,291543,302027,312887,323085,331713,344545,357499,370447,381357,390051,401031,410317,419398,428542,438313,2041.4746
35250,Mornington (S),991,999,1046,1054,1067,1082,1119,1120,1158,1184,1220,1218,1206,1203,1203,1196,1247.6932
35300,Mount Isa (C),20743,20276,19997,19908,20153,20374,20711,21381,21607,21830,22079,21906,21713,21109,20384,19332,43713.0221
35600,Murweh (S),4936,4892,4848,4803,4774,4692,4665,4668,4699,4714,4731,4738,4687,4645,4534,4391,40699.7585
35670,Napranum (S),785,799,819,836,856,876,881,890,901,910,908,923,928,948,970,1001,2004.3545
35740,Noosa (S),43496,44893,46063,47183,47635,48082,48595,49600,50315,50770,51038,51703,52407,53085,53629,54033,869.8657
35760,North Burnett (R),10450,10408,10415,10445,10403,10378,10322,10335,10377,10358,10374,10404,10478,10539,10597,10623,19669.8489
35780,Northern Peninsula Area (R),2055,2058,2069,2074,2070,2063,2168,2234,2273,2391,2463,2548,2623,2746,2844,2952,1052.0676
35790,Palm Island (S),2269,2249,2202,2155,2103,2070,2162,2265,2333,2430,2538,2543,2537,2541,2569,2602,71.9928
35800,Paroo (S),2172,2127,2106,2075,2042,1991,1946,1921,1909,1924,1937,1907,1856,1819,1749,1686,47612.8774
36070,Pormpuraaw (S),618,622,622,623,623,621,647,662,673,691,715,730,737,748,765,785,4395.3657
36150,Quilpie (S),1086,1064,1045,1025,1019,1012,994,992,996,1003,1007,985,947,921,876,833,67414.6563
36250,Redland (C),115832,118870,122994,126010,128654,130760,133596,136771,139859,141552,143711,145685,147242,148777,150041,151987,537.1669999999999
36300,Richmond (S),1128,1090,1062,1007,975,935,908,895,898,873,847,841,837,835,815,800,26580.7478
36370,Rockhampton (R),70480,70909,71499,72420,73185,74204,75195,76272,77448,78193,78939,80617,81854,82342,82301,81589,6570.2667
36510,Scenic Rim (R),30030,30715,31930,32749,33560,34231,34983,35578,36525,37167,37437,37967,38731,39898,40331,40975,4251.6225
36580,Somerset (R),17866,18117,18361,18609,19085,19608,19919,20366,21071,21717,22200,22767,23628,24484,24715,25173,5373.4337
36630,South Burnett (R),27651,27942,28251,28630,29050,29699,30114,30583,31173,31518,31803,32367,32699,32697,32712,32747,8381.558
36660,Southern Downs (R),31064,31361,31593,31729,32010,32411,32933,33451,33976,34313,34649,35013,35496,35589,35580,35622,7107.816
36720,Sunshine Coast (R),198931,205772,214931,223143,230168,236654,243309,250800,258047,263053,267241,274966,282203,289133,295983,303389,2253.8526
36820,Tablelands (R),21894,22201,22502,22699,22861,23228,23553,23885,24103,24230,24372,24625,24867,25130,25206,25312,11281.895
36910,Toowoomba (R),134955,136619,138528,140827,143791,145992,147927,150140,152525,154222,155473,157986,160096,161865,163243,164595,12957.2108
36950,Torres (S),3531,3560,3544,3512,3481,3373,3418,3457,3481,3485,3477,3565,3643,3713,3748,3789,883.7310000000001
36960,Torres Strait Island (R),4244,4314,4387,4400,4485,4548,4577,4606,4609,4600,4578,4601,4618,4699,4743,4785,490.031
37010,Townsville (C),142012,145115,147964,151172,155330,159482,163509,168503,173067,176528,180114,183771,186808,189304,190726,192058,3730.82
30900,Boulia (S),566,534,502,477,456,434,428,443,456,485,493,486,481,473,459,437,60905.7352
31000,Brisbane (C),885787,908289,930535,949935,967989,987831,1010222,1033472,1057692,1073144,1089879,1111796,1131832,1149393,1165914,1184215,1342.7188
37340,Whitsunday (R),27396,27996,28491,28977,29606,30255,30759,31337,31838,32140,32416,33418,34151,34433,34606,34626,23818.8922
31750,Bulloo (S),450,445,429,417,397,380,369,379,390,405,418,410,398,390,375,360,73723.75099999999
31820,Bundaberg (R),77430,78571,79559,80991,82876,84816,86486,88599,90335,91400,92063,93342,93932,94193,94258,94453,6432.6598
31900,Burdekin (S),18158,18038,17846,17636,17536,17451,17568,17653,17776,17786,17775,17862,17750,17696,17568,17313,5043.9317
31950,Burke (S),490,496,501,492,506,512,532,542,543,549,557,551,506,450,396,342,39684.0526
32080,Cairns (R),115373,117266,120286,123392,127336,131843,136251,141403,145962,148943,150992,154232,157120,159188,160771,162451,1689.3129
32250,Carpentaria (S),2246,2253,2242,2191,2080,2003,2087,2124,2136,2182,2197,2170,2146,2112,2092,2051,64121.0124
32260,Cassowary Coast (R),29536,29447,29438,29337,29124,28603,28706,28739,28761,28718,28636,28904,28996,29119,29208,29396,4687.8240000000005
32270,Central Highlands (R) (Qld),24581,25054,25540,26141,26661,27265,27596,28090,28714,29082,29541,29762,29820,29671,29241,28783,59834.8359
32310,Charters Towers (R),12007,11962,11939,11872,11783,11729,11915,12096,12239,12316,12434,12402,12386,12366,12233,12074,68382.1643
34420,Kowanyama (S),999,1012,1016,1030,1048,1063,1075,1079,1088,1103,1112,1078,1042,1015,997,984,2555.3325
34530,Livingstone (S),25863,26488,27280,28159,28755,29543,30629,31407,32474,32906,33394,34404,35322,36146,36691,37055,11757.8683
34570,Lockhart River (S),638,623,607,591,584,578,573,555,554,552,520,571,620,669,696,747,3574.5183
34580,Lockyer Valley (R),28213,28813,29078,29485,30524,31305,32050,32974,34333,35110,35880,36548,37678,38377,38881,39486,2269.0053
34590,Logan (C),234351,239515,244076,249161,253905,259116,264410,270628,277372,282189,287474,293860,300272,304875,308998,313785,958.1322
32330,Cherbourg (S),1186,1191,1197,1192,1188,1182,1190,1206,1222,1245,1264,1284,1293,1302,1307,1296,31.6002
32450,Cloncurry (S),3754,3664,3552,3424,3342,3248,3250,3308,3304,3301,3342,3356,3323,3264,3172,3114,47971.2596
32500,Cook (S),3636,3650,3611,3696,3626,3565,3650,3787,3988,4135,4409,4237,4272,4139,4319,4424,105724.3855
32600,Croydon (S),282,277,274,266,271,264,271,297,307,319,327,318,310,306,301,300,29497.9024
37300,Weipa (T),2131,2241,2367,2507,2721,2902,3133,3246,3303,3337,3423,3681,3805,3855,3954,4024,10.8218
37310,Western Downs (R),28715,28711,28636,28655,28837,29122,29520,30235,30893,31466,32365,32932,33475,33850,34010,34197,37937.4546
32750,Diamantina (S),320,313,301,295,294,291,290,295,296,293,292,295,299,303,302,297,94730.4545
41140,Clare and Gilbert Valleys (DC),8347,8378,8335,8320,8328,8370,8448,8537,8622,8759,8871,8961,9063,9136,9200,9233,1892.4466
41010,Ceduna (DC),3625,3643,3665,3676,3684,3702,3693,3672,3642,3638,3595,3593,3571,3572,3571,3559,5420.3436
41060,Charles Sturt (C),102897,102884,102776,102751,102797,103364,103897,104773,106320,107662,108680,109986,111214,112708,113959,114688,54.7876
32770,Doomadgee (S),1178,1166,1154,1142,1136,1129,1194,1235,1273,1327,1374,1368,1399,1423,1455,1474,1827.6518
32810,Douglas (S),10264,10442,10522,10453,10369,10524,10768,10995,11116,11146,11186,11367,11556,11719,11828,11997,2427.8626
33100,Etheridge (S),997,972,941,897,883,869,902,915,927,923,929,899,868,848,828,819,39199.2956
33200,Flinders (S) (Qld),2050,2016,2017,1946,1897,1844,1842,1837,1834,1834,1840,1792,1749,1704,1635,1569,41199.9374
33220,Fraser Coast (R),72781,74299,77048,80111,83010,86117,89109,92018,94813,96618,97661,99026,100291,101381,102202,102953,7102.9419
33360,Gladstone (R),45479,46592,47860,49517,50587,52051,53587,55425,57046,57697,59461,60582,62270,63561,63963,63288,10484.2862
33430,Gold Coast (C),379679,394631,410545,424005,436671,450075,466940,481569,495835,506135,515202,528712,541356,551985,563356,576918,1333.7031
33610,Goondiwindi (R),10219,10297,10326,10306,10297,10364,10468,10605,10722,10823,10900,10950,10962,10922,10862,10837,19258.1008
33620,Gympie (R),38062,38549,39389,40469,41682,42628,43634,44700,45774,46366,46837,47784,48478,49096,49550,50292,6883.9713
33800,Hinchinbrook (S),12172,12046,12004,11851,11814,11810,11822,11826,11829,11808,11817,11769,11622,11432,11207,10990,2807.1889
33830,Hope Vale (S),875,867,850,831,824,812,850,897,955,1011,1052,1049,1028,1005,973,967,1107.0641
33960,Ipswich (C),123934,126116,128646,132119,137324,141986,148133,154428,161664,167134,172200,178237,183705,189312,194438,200123,1084.9777
33980,Isaac (R),18169,18590,19050,19231,19785,20372,21018,21632,22237,22658,23188,23350,23294,22809,22206,21563,58707.9174
37400,Winton (S),1585,1567,1543,1473,1454,1423,1403,1372,1371,1359,1380,1346,1314,1279,1225,1156,53813.4826
41750,Elliston (DC),1150,1161,1170,1175,1172,1164,1150,1131,1107,1086,1066,1067,1070,1073,1078,1077,6741.9317
37550,Woorabinda (S),1014,987,966,943,915,886,902,916,934,957,976,983,983,986,984,992,390.5578
47630,Tatiara (DC),7032,7067,7115,7100,7070,7037,6974,6891,6841,6815,6740,6785,6811,6845,6868,6871,6527.2084
47700,Tea Tree Gully (C),99121,99116,99126,98713,98422,98456,98458,98504,98640,98624,98315,98615,98714,98981,99332,99518,95.2108
47800,The Coorong (DC),5893,5915,5880,5877,5837,5838,5809,5749,5708,5667,5657,5638,5614,5592,5572,5555,8833.4534
47910,Tumby Bay (DC),2580,2586,2592,2595,2606,2609,2610,2612,2618,2618,2616,2626,2641,2652,2673,2676,2669.0747
37570,Wujal Wujal (S),366,361,356,347,342,336,325,319,311,297,287,288,290,294,290,296,11.842
37600,Yarrabah (S),2236,2278,2323,2365,2410,2468,2498,2531,2535,2588,2595,2643,2686,2696,2698,2703,158.8381
40070,Adelaide (C),13211,13857,14533,15613,16573,17479,18549,19217,19914,20525,20920,21504,22082,22539,22974,23396,15.5733
40120,Adelaide Hills (DC),38549,38681,38829,38890,39066,39165,39204,39301,39424,39640,39699,39697,39646,39607,39568,39525,794.4957
40220,Alexandrina (DC),18091,18689,19297,20019,20611,21208,21843,22472,23027,23729,24125,24689,25196,25702,26201,26541,1826.8066
40250,Anangu Pitjantjatjara (AC),2661,2599,2543,2469,2389,2310,2352,2416,2476,2560,2660,2651,2623,2607,2571,2500,102353.0512
40310,Barossa (DC),19418,19619,19920,20370,20751,21096,21357,21641,21889,22257,22525,22864,23161,23509,23889,24256,893.5424
40430,Barunga West (DC),2585,2600,2596,2596,2590,2590,2587,2575,2560,2535,2496,2488,2496,2523,2545,2594,1590.3887
40520,Berri and Barmera (DC),11273,11244,11226,11197,11190,11239,11175,11029,10902,10819,10733,10774,10794,10834,10838,10808,476.1962
40700,Burnside (C),42403,42609,42730,42998,43272,43414,43549,43678,43969,44091,44092,44329,44559,44843,45164,45464,27.5183
40910,Campbelltown (C) (SA),46544,46661,46801,46883,47059,47383,47886,48379,49067,49531,49788,50279,50553,50846,51117,51265,24.3486
41190,Cleve (DC),1939,1958,1968,1976,1981,2000,1970,1916,1877,1852,1814,1805,1805,1807,1798,1809,5018.8484
41330,Coober Pedy (DC),2414,2298,2220,2150,2040,1984,1928,1860,1799,1781,1760,1792,1821,1840,1842,1842,77.6795
41560,Copper Coast (DC),10988,11054,11144,11266,11440,11649,12042,12382,12781,13033,13126,13461,13736,14014,14253,14446,772.9149
41830,Flinders Ranges (DC),1804,1791,1785,1776,1767,1767,1767,1753,1736,1728,1722,1716,1708,1698,1686,1671,4070.4827
41960,Franklin Harbour (DC),1250,1249,1248,1243,1240,1245,1252,1254,1254,1250,1238,1280,1292,1304,1328,1329,2755.5640000000003
42030,Gawler (T),18235,18459,18593,18746,18966,19241,19851,20270,20755,20939,20987,21242,21591,22186,22592,23192,41.1379
42110,Goyder (DC),4254,4278,4261,4267,4265,4271,4265,4249,4246,4246,4225,4241,4246,4246,4238,4220,6715.1418
42250,Grant (DC),7359,7436,7512,7546,7585,7613,7643,7729,7818,7917,7954,7938,7978,8122,8252,8374,1898.0143
42600,Holdfast Bay (C),33490,33447,33653,33730,34007,34371,34817,35375,35650,35940,36120,36184,36230,36283,36336,36399,13.752
42750,Kangaroo Island (DC),4227,4312,4303,4355,4392,4396,4427,4451,4477,4501,4522,4579,4636,4706,4777,4852,4400.8558
43080,Karoonda East Murray (DC),1276,1258,1233,1216,1200,1189,1163,1134,1110,1076,1050,1073,1086,1101,1116,1117,4415.7959
43220,Kimba (DC),1229,1209,1200,1183,1160,1147,1135,1122,1113,1108,1105,1108,1100,1094,1086,1078,5697.1076
43360,Kingston (DC) (SA),2339,2349,2354,2343,2404,2390,2393,2381,2381,2363,2343,2373,2386,2402,2416,2429,3339.7952
43650,Light (RegC),10494,10936,11491,11922,12325,12680,12994,13138,13464,13788,13984,14212,14427,14630,14871,15016,1276.8453
43710,Lower Eyre Peninsula (DC),4200,4269,4281,4345,4408,4537,4619,4712,4809,4911,5013,5188,5303,5433,5549,5670,4721.2875
43790,Loxton Waikerie (DC),12197,12171,12153,12081,12023,11902,11870,11771,11662,11561,11478,11514,11577,11684,11735,11746,7763.9231
43920,Mallala (DC),7354,7509,7710,7816,8023,8118,8255,8285,8324,8417,8483,8578,8650,8753,8832,8922,932.4913
44000,Maralinga Tjarutja (AC),136,132,129,123,116,111,98,88,84,80,75,78,74,70,66,62,102703.899
44060,Marion (C),78590,78960,79250,79611,79980,80646,81616,82536,83917,85110,85714,86880,87812,88741,89650,90602,55.6407
44210,Mid Murray (DC),8376,8357,8337,8307,8253,8216,8195,8199,8210,8200,8225,8303,8430,8572,8684,8795,6271.6254
44340,Mitcham (C),62010,62304,62801,62966,63265,63676,64017,64252,64678,64875,64999,65341,65603,65945,66182,66372,75.5468
44550,Mount Barker (DC),23664,24425,25140,25913,26706,27393,27990,28695,29367,29973,30353,31023,31545,32346,33137,33810,594.6405
44620,Mount Gambier (C),23750,23863,24096,24211,24495,24626,25004,25222,25402,25712,25773,26131,26398,26677,26892,26993,33.8938
44830,Mount Remarkable (DC),2998,2956,2937,2900,2899,2906,2918,2915,2906,2903,2906,2899,2909,2913,2919,2911,3422.7733
45040,Murray Bridge (RC),17023,17239,17427,17649,17931,18159,18594,19144,19556,19818,20137,20432,20697,20965,21226,21486,1831.7597
45090,Naracoorte and Lucindale (DC),8239,8311,8314,8300,8345,8354,8311,8294,8304,8314,8342,8448,8558,8633,8635,8619,4520.127
45120,Northern Areas (DC),4765,4761,4770,4751,4755,4760,4755,4717,4660,4603,4568,4588,4591,4606,4611,4613,2986.1818
45290,Norwood Payneham St Peters (C),33546,33915,34125,34389,34621,34967,35315,35594,35868,36190,36291,36352,36369,36403,36428,36443,15.1036
45340,Onkaparinga (C),150119,150642,150926,151155,151906,153244,154841,156775,159268,161579,163392,164972,166136,167254,168294,169073,518.1251
45400,Orroroo/Carrieton (DC),1013,1010,1009,994,970,959,958,938,915,893,884,894,893,898,909,909,3321.8238
45540,Peterborough (DC),2014,2009,2010,1994,1963,1946,1925,1887,1838,1792,1758,1739,1726,1715,1704,1705,3020.1420000000003
45680,Playford (C),68247,68767,69311,69752,70488,71385,72682,74514,76574,78623,80684,83044,85284,87481,89123,90669,345.20300000000003
45890,Port Adelaide Enfield (C),101371,102167,103051,103526,104370,105579,107820,110157,112299,114488,116492,118168,119856,121430,122789,123947,91.7586
46090,Port Augusta (C),13700,13701,13998,14059,14108,14251,14300,14348,14404,14438,14413,14457,14505,14516,14467,14380,1195.5836
46300,Port Lincoln (C),13842,13896,13992,13993,14012,14060,14144,14256,14364,14432,14462,14505,14554,14633,14638,14577,30.3681
46450,Port Pirie City and Dists (M),17568,17608,17536,17515,17511,17551,17610,17619,17650,17680,17627,17721,17810,17900,17868,17807,1760.7097
46510,Prospect (C),19106,19304,19472,19594,19714,19959,20219,20447,20634,20722,20690,20835,20948,21040,21086,21095,7.7915
46670,Renmark Paringa (DC),9793,9832,9674,9635,9678,9689,9657,9625,9567,9519,9429,9512,9577,9644,9707,9753,915.8655
46860,Robe (DC),1379,1385,1386,1376,1395,1386,1401,1408,1423,1431,1431,1429,1428,1430,1430,1422,1091.7162
46970,Roxby Downs (M),3618,3801,3930,3969,4014,4186,4370,4566,4670,4735,4826,4724,4601,4408,4314,4032,110.4762
47140,Salisbury (C),113849,114841,116172,117595,119469,121288,123789,126281,128854,131227,132880,134486,136113,137641,139228,140906,159.8432
47290,Southern Mallee (DC),2300,2262,2229,2210,2197,2187,2176,2165,2155,2137,2123,2105,2086,2070,2055,2058,5702.2095
47490,Streaky Bay (DC),1981,1997,2002,2015,2031,2067,2100,2126,2140,2157,2175,2172,2198,2186,2171,2175,6222.8591
47980,Unley (C),36405,36491,36668,36658,36805,37211,37512,37821,38113,38331,38374,38507,38545,38695,38828,38916,14.2703
48050,Victor Harbor (C),11062,11374,11664,11953,12180,12303,12694,13144,13508,13866,14176,14389,14551,14771,14946,15075,384.6255
48130,Wakefield (DC),6576,6586,6552,6536,6533,6533,6559,6585,6628,6692,6741,6779,6843,6901,6940,6954,3468.4881
51960,Coolgardie (S),4284,4240,4221,4052,4023,4005,3977,4011,4047,4080,4138,4146,4210,4061,3917,3710,30297.6977
52030,Coorow (S),1381,1378,1389,1366,1301,1259,1189,1157,1146,1126,1091,1097,1098,1083,1070,1050,4189.8791
48260,Walkerville (M),6995,7023,7061,7101,7118,7179,7199,7223,7259,7290,7308,7378,7422,7484,7783,7838,3.53
48340,Wattle Range (DC),12234,12287,12242,12220,12250,12224,12160,12144,12055,11990,11792,11871,11916,11958,11979,11975,3926.3233
48410,West Torrens (C),52056,52338,52564,52829,53069,53692,54508,55095,55896,56611,57026,57639,58175,58679,59151,59457,37.04
48540,Whyalla (C),22049,22009,21970,21947,21890,21989,22165,22275,22375,22497,22561,22614,22657,22706,22677,22503,1071.6099
48640,Wudinna (DC),1449,1438,1417,1391,1363,1346,1321,1305,1295,1291,1280,1273,1275,1282,1286,1288,5075.2783
48750,Yankalilla (DC),3832,3914,3959,4048,4151,4245,4331,4396,4442,4448,4451,4581,4750,4913,5078,5251,751.2577
48830,Yorke Peninsula (DC),11466,11492,11519,11498,11530,11474,11409,11360,11315,11252,11198,11229,11236,11250,11262,11278,5899.6079
49399,Unincorporated SA,5911,4878,4516,4303,4080,3858,4024,4190,4327,4456,4556,4383,4210,4045,3873,3667,622489.1953
50080,Albany (C),31362,31713,32020,32237,32726,33171,33310,33704,34164,34518,34873,35677,36436,37047,37322,37407,4310.8905
50210,Armadale (C),52391,52204,52049,52041,51795,52299,53735,55809,58508,61858,65395,69174,72907,75825,79093,82280,559.5261
50250,Ashburton (S),5969,6138,6467,6925,7263,7608,7939,8480,9004,9510,10227,11187,12028,12504,12969,13262,100816.1523
50280,Augusta-Margaret River (S),10228,10346,10639,10791,10936,11052,11195,11522,11766,11951,12228,12847,13461,13937,14320,14687,2122.3749
50350,Bassendean (T),14055,14165,14030,13996,13943,13896,14099,14358,14626,14897,15179,15522,15839,15997,15810,15563,10.3449
50420,Bayswater (C),56954,56947,57023,57033,56895,58195,59484,61139,62708,63886,65342,66667,67746,67923,67787,67478,32.7699
50490,Belmont (C),29919,30273,30358,30749,30966,31560,32742,33970,35204,36101,37358,38766,39926,40484,40933,41270,39.6519
50560,Beverley (S),1579,1586,1618,1625,1631,1646,1649,1634,1643,1619,1604,1653,1695,1710,1732,1748,2370.5195
50630,Boddington (S),1437,1408,1373,1382,1434,1427,1576,1747,1910,2138,2247,2249,2222,2123,2017,1864,1904.4791
50770,Boyup Brook (S),1649,1654,1622,1578,1572,1563,1564,1570,1591,1592,1617,1652,1663,1682,1672,1709,2826.4586
50840,Bridgetown-Greenbushes (S),4205,4262,4175,4073,4134,4134,4149,4199,4286,4337,4421,4542,4643,4672,4700,4661,1337.361
50910,Brookton (S),1048,1034,1040,1028,1038,1037,1022,1014,1007,995,969,990,995,1013,1002,990,1601.1532
50980,Broome (S),13249,13606,13837,14045,14219,14326,14577,14924,15172,15416,15737,16395,17219,17127,17069,16961,54371.5979
51080,Broomehill-Tambellup (S),1260,1245,1237,1222,1204,1208,1183,1175,1198,1177,1178,1185,1194,1191,1176,1160,2609.6585
51120,Bruce Rock (S),1132,1100,1097,1055,1040,1004,978,982,988,991,1002,988,990,967,956,941,2724.6944
51190,Bunbury (C),30616,30483,30382,30611,31035,31450,31152,31473,31993,32257,32580,32858,33060,33055,32976,32684,65.4163
51260,Busselton (C),23192,23843,24265,24581,25996,26711,27197,28393,29596,30664,31523,33203,34726,35915,36883,37673,1454.0505
51310,Cambridge (T),24501,24602,24660,24548,24706,25007,25305,25718,26093,26320,26730,27348,28023,28109,28148,28158,21.9936
51330,Canning (C),77474,78496,79186,79843,80261,80933,83123,85135,87242,88746,90736,92198,93618,93902,93897,93600,64.8789
51400,Capel (S),7136,7562,8005,8902,9733,10666,11330,12256,13274,14192,15059,15793,16572,17046,17374,17519,557.8983
51470,Carnamah (S),807,791,797,790,791,792,743,703,641,604,554,560,566,565,564,559,2870.9247
51540,Carnarvon (S),6751,6689,6571,6304,6160,6051,5943,5967,5972,5997,6076,6065,6057,5977,5869,5741,46574.4709
51610,Chapman Valley (S),880,874,891,914,924,943,989,1086,1141,1160,1198,1296,1354,1385,1419,1449,3981.3333
51680,Chittering (S),2948,3060,3138,3328,3541,3669,3818,3968,4209,4394,4533,4799,5122,5368,5502,5535,1219.9032
51750,Claremont (T),9166,9220,9247,9267,9349,9393,9463,9571,9716,9783,9924,9984,10201,10319,10447,10540,4.9556
51820,Cockburn (C),69359,70968,72207,73929,75741,77832,81453,84909,88935,91628,95036,99283,103174,105341,107229,108773,167.8989
51890,Collie (S),9109,9173,9206,9107,9076,9012,8972,8997,9122,9218,9343,9438,9500,9410,9172,8901,1709.8149
52100,Corrigin (S),1302,1292,1264,1217,1204,1200,1176,1165,1146,1126,1104,1122,1143,1154,1158,1180,2681.2709
52170,Cottesloe (T),7428,7487,7523,7595,7581,7652,7733,7884,8059,8106,8236,8326,8417,8371,8255,8089,3.8564
52240,Cranbrook (S),1072,1084,1102,1115,1125,1132,1111,1094,1113,1089,1110,1119,1129,1130,1116,1103,3276.0491
52310,Cuballing (S),725,727,754,769,804,817,830,836,851,873,891,896,901,900,896,877,1195.337
52380,Cue (S),396,396,376,373,352,342,320,307,303,287,279,276,272,250,225,198,13582.1956
52450,Cunderdin (S),1457,1426,1406,1344,1322,1317,1295,1295,1297,1322,1347,1372,1394,1412,1431,1466,1862.4458
52520,Dalwallinu (S),1889,1814,1705,1588,1520,1441,1363,1340,1330,1333,1303,1342,1376,1405,1433,1450,7224.3566
52590,Dandaragan (S),2952,2946,2949,2967,2964,3018,3052,3104,3203,3268,3292,3341,3309,3330,3290,3251,6711.5721
52660,Dardanup (S),8991,9220,9415,9640,10219,10837,11147,11648,12144,12531,12852,13420,13909,14147,14317,14390,525.8017
52730,Denmark (S),4734,4790,4837,4796,4798,4797,4858,4987,5153,5248,5373,5584,5793,5849,5917,5964,1859.8488
52800,Derby-West Kimberley (S),8501,8422,7801,7821,7882,8095,8267,8521,8698,8826,8966,9335,9501,8866,8559,8345,119761.1954
52870,Donnybrook-Balingup (S),4710,4691,4660,4680,4731,4951,4981,5095,5245,5349,5462,5625,5804,5896,5931,5930,1559.8561
52940,Dowerin (S),840,806,771,760,746,736,709,718,725,698,700,703,707,705,704,696,1863.0851
53010,Dumbleyung (S),753,738,716,702,691,677,651,649,637,626,626,640,650,648,656,674,2539.2249
53080,Dundas (S),1262,1240,1223,1182,1155,1127,1119,1149,1162,1160,1184,1135,1073,982,897,791,92885.0302
53150,East Fremantle (T),6787,6907,6971,6984,6985,7074,7098,7154,7244,7270,7443,7621,7789,7831,7803,7765,3.1384
53220,East Pilbara (S),5650,5909,6171,6563,6998,7667,8510,9651,10753,11522,12257,12522,12594,12167,11534,10952,372307.466
53290,Esperance (S),13369,13443,13569,13669,13694,13644,13585,13603,13721,13799,13879,14181,14441,14631,14723,14504,44797.5456
53360,Exmouth (S),2315,2277,2282,2266,2233,2205,2217,2255,2317,2364,2458,2566,2655,2713,2741,2776,6488.0705
53430,Fremantle (C),25769,26099,26100,26101,26108,26124,26648,27148,27607,27957,28651,29625,30319,30565,30630,30572,19.0103
53570,Gingin (S),4274,4381,4461,4504,4534,4577,4574,4646,4768,4786,4822,4991,5272,5352,5341,5308,3208.3585
53640,Gnowangerup (S),1585,1554,1523,1478,1456,1432,1395,1371,1358,1333,1307,1302,1295,1276,1255,1236,4265.0424
54280,Kalgoorlie/Boulder (C),29771,29737,30052,29939,29855,30086,30250,30910,31474,31750,32208,32866,33343,32566,31788,30871,95498.052
54310,Karratha (C),15118,15987,16998,17912,18864,20054,20587,21230,21996,22628,23634,24041,24464,23997,23083,22172,15239.4525
53710,Goomalling (S),970,967,965,967,961,973,970,981,1005,1019,1017,1028,1040,1042,1048,1041,1835.4294
53780,Gosnells (C),83662,85337,87585,90120,92600,94958,98035,101907,105782,109250,112435,116267,119658,121005,121873,122128,127.2975
53800,Greater Geraldton (C),34019,34288,34348,34454,35021,35736,35812,36731,37512,37860,38340,39081,39888,40131,39922,39496,9909.0003
53920,Halls Creek (S),3766,3796,3793,3748,3747,3762,3794,3845,3867,3874,3893,3851,3817,3738,3657,3592,133061.0128
53990,Harvey (S),18526,18450,18351,18754,19565,20450,20913,21819,22624,23230,23878,24874,25762,26307,26780,27029,1727.6068
54060,Irwin (S),3071,2976,2943,2957,3143,3218,3281,3403,3509,3569,3672,3740,3759,3711,3670,3611,2369.3298
54130,Jerramungup (S),1249,1247,1237,1231,1248,1186,1148,1121,1107,1101,1091,1102,1114,1121,1126,1126,6508.5904
54170,Joondalup (C),156410,156820,157067,157218,156453,156570,157225,158175,159156,160053,162205,163649,164763,164180,163044,160995,98.9285
54200,Kalamunda (S),48743,49063,49419,49909,51052,51423,52560,53540,54487,55572,56492,57717,58794,59290,59444,59349,324.2957
54340,Katanning (S),4501,4492,4460,4412,4404,4404,4366,4315,4293,4285,4290,4368,4409,4393,4307,4197,1518.1854
54410,Kellerberrin (S),1221,1211,1212,1206,1215,1230,1213,1200,1209,1207,1211,1236,1252,1251,1248,1239,1915.433
54480,Kent (S),641,618,629,626,596,599,583,568,560,529,529,540,549,556,559,567,5624.5818
54550,Kojonup (S),2308,2291,2300,2288,2260,2272,2181,2134,2069,2034,2030,2040,2046,2027,2024,2003,2930.9926
54620,Kondinin (S),1033,1030,1023,1013,1012,1019,1013,1025,1043,1060,1068,1030,981,911,918,880,7440.8016
54690,Koorda (S),490,488,491,488,477,470,454,447,448,450,448,447,446,440,436,426,2832.3131
54760,Kulin (S),910,906,910,906,912,922,882,865,855,854,855,847,828,798,778,771,4718.9219
54830,Kwinana (C),21807,22045,22403,22593,23053,23986,24960,26482,28047,29132,30697,32747,34873,36647,38369,40305,120.0121
54900,Lake Grace (S),1615,1597,1582,1563,1548,1530,1467,1428,1415,1407,1405,1395,1370,1319,1290,1281,11886.3199
54970,Laverton (S),1207,1117,1033,953,869,783,848,977,1072,1177,1288,1411,1431,1370,1302,1225,179984.60100000002
55040,Leonora (S),2007,1914,1855,1722,1599,1501,1723,1892,2136,2452,2628,2568,2425,2127,1815,1492,31915.0562
55110,Mandurah (C),48996,49601,51860,54581,56719,58811,61355,64940,68218,69969,73440,76541,79357,80912,82062,83099,174.8967
55180,Manjimup (S),10351,10237,10074,9953,9879,9718,9625,9606,9623,9564,9463,9491,9514,9482,9432,9375,7029.6077
55250,Meekatharra (S),1458,1413,1374,1354,1285,1225,1242,1270,1321,1359,1424,1435,1425,1332,1219,1102,100188.5477
55320,Melville (C),97202,97184,97002,96776,96699,96778,97911,98607,99882,100764,102135,103611,104542,104256,103612,102393,52.8506
55950,Mukinbudin (S),705,697,689,664,643,601,567,558,537,509,502,528,545,549,549,551,3426.9441
55390,Menzies (S),350,336,309,282,260,237,269,308,351,378,402,450,488,501,511,519,124110.9368
55460,Merredin (S),3783,3715,3656,3496,3442,3408,3352,3348,3348,3354,3374,3397,3386,3386,3387,3395,3293.7824
55530,Mingenew (S),586,585,583,558,521,504,495,483,476,477,489,488,487,480,471,461,1934.8857
56090,Mundaring (S),35415,35660,35820,35900,36195,36326,36569,36914,37466,37883,38364,39068,39704,39683,39545,39174,643.1794
55670,Morawa (S),989,971,957,924,886,860,854,867,879,886,911,891,871,832,796,758,3510.5928
55600,Moora (S),2705,2697,2683,2626,2593,2531,2487,2503,2537,2534,2556,2547,2530,2504,2502,2473,3763.0254
56860,Nungarin (S),276,273,269,266,258,255,252,247,238,234,236,246,254,256,258,258,1166.0245
56930,Peppermint Grove (S),1653,1651,1656,1672,1692,1691,1653,1630,1633,1627,1629,1689,1699,1712,1714,1713,1.0677
55740,Mosman Park (T),8358,8476,8590,8675,8762,8760,8845,8971,9082,9164,9199,9203,9243,9228,9208,9187,4.3472
55810,Mount Magnet (S),854,845,831,775,744,734,681,665,669,653,666,668,661,614,560,503,13858.1182
55880,Mount Marshall (S),676,669,670,672,656,650,616,594,581,530,493,507,523,527,529,530,10184.5937
65410,Waratah/Wynyard (M),13765,13726,13693,13794,13757,13895,14002,14180,14295,14312,14304,14179,14118,14060,13967,13883,3535.9075
65610,West Coast (M),5572,5459,5342,5292,5245,5229,5157,5151,5107,5058,4890,4756,4585,4410,4322,4236,9583.5388
65810,West Tamar (M),20495,20629,20869,21254,21454,21700,21925,22122,22420,22647,22833,22855,22967,23084,23225,23352,691.1469999999999
56160,Murchison (S),161,157,150,140,129,118,112,110,112,114,119,133,146,150,154,157,45046.0922
56230,Murray (S),10899,11211,11611,11904,12266,12522,12819,13477,14144,14586,14773,15473,16102,16541,16883,17083,1703.4688
56300,Nannup (S),1223,1235,1237,1247,1271,1282,1277,1291,1296,1301,1304,1328,1348,1357,1359,1346,3053.9361
63410,King Island (M),1741,1730,1741,1720,1715,1716,1704,1690,1672,1656,1637,1629,1629,1626,1618,1617,1095.7407
63610,Kingborough (M),29285,29433,30050,30571,31020,31404,31938,32656,33431,34124,34693,34973,35257,35567,35929,36263,720.1029
63810,Latrobe (M) (Tas.),8324,8391,8516,8677,8759,8973,9162,9402,9694,10063,10275,10348,10443,10582,10738,10940,600.4617
64010,Launceston (C),62966,63113,63695,64264,64715,64802,65311,65936,66452,66864,67154,67025,66894,66805,66799,66864,1413.6306
64210,Meander Valley (M),18248,18348,18558,18803,18889,19052,19190,19342,19477,19588,19622,19595,19567,19551,19543,19596,3330.8145
64610,Northern Midlands (M),12047,12109,12209,12324,12422,12561,12568,12593,12638,12675,12729,12757,12801,12865,12935,13043,5135.2503
64810,Sorell (M),10955,11031,11181,11408,11738,12049,12294,12624,12934,13170,13346,13500,13707,13935,14136,14393,583.6761
56370,Narembeen (S),963,964,977,960,952,945,890,856,846,836,839,836,827,819,820,815,3809.0285
56460,Narrogin (S),5541,5544,5550,5403,5363,5331,5287,5281,5282,5246,5260,5311,5343,5358,5351,5255,1631.3024
56580,Nedlands (C),21607,21673,21677,21599,21501,21436,21480,21672,21763,21754,22029,22525,22830,22868,22621,22309,19.9466
56620,Ngaanyatjarraku (S),1562,1533,1506,1493,1477,1466,1483,1498,1494,1508,1508,1591,1692,1707,1714,1709,159821.7026
56730,Northam (S),10284,10302,10267,10157,10270,10280,10256,10400,10553,10670,10830,11176,11503,11600,11444,11260,1431.2215
56790,Northampton (S),3347,3358,3355,3369,3345,3334,3322,3318,3309,3298,3281,3375,3447,3405,3375,3355,12543.7142
57630,Sandstone (S),134,134,132,133,126,126,123,117,113,110,109,111,112,106,99,92,32605.2911
57700,Serpentine-Jarrahdale (S),11733,11931,12200,12438,12913,13246,14055,15224,16487,17201,18495,20389,22084,23673,25572,27654,901.2056
57770,Shark Bay (S),926,925,921,923,909,906,891,886,883,883,887,914,936,947,962,959,24201.3839
57840,South Perth (C),37606,38357,38944,39481,40025,40517,41233,42135,42925,42987,43618,44155,44521,44448,44292,44097,19.8116
57910,Stirling (C),176209,177345,178865,180470,181976,183957,189261,194607,200137,203918,209043,214274,218405,219601,220130,219918,104.727
57980,Subiaco (C),15641,15815,16095,16655,16997,17233,17669,18033,18435,18624,18832,19276,19686,20010,20261,20359,6.9764
58050,Swan (C),85289,87577,89821,91857,93791,96643,100580,104505,108331,111101,114300,119964,125548,129945,133962,138476,1043.2271
58190,Tammin (S),443,439,439,426,420,417,416,417,422,418,415,414,415,414,412,407,1101.692
58260,Three Springs (S),754,741,740,735,711,693,672,671,663,646,633,636,637,625,616,603,2656.6928
57000,Perenjori (S),615,593,584,583,574,561,607,680,773,852,930,878,828,759,692,625,8301.3551
57080,Perth (C),7706,8456,8956,9892,11099,12353,13423,14897,16902,17714,18315,19849,21096,21958,22762,23549,12.0213
57140,Pingelly (S),1217,1214,1215,1208,1217,1220,1207,1206,1209,1215,1209,1203,1202,1181,1191,1169,1294.5721
57210,Plantagenet (S),4707,4658,4622,4605,4643,4694,4762,4863,4974,4978,5032,5128,5198,5182,5163,5142,4876.6821
57280,Port Hedland (T),12881,13201,13555,13692,13880,14084,14129,14309,14825,15252,15659,15853,15976,15662,15382,15049,18417.0777
57350,Quairading (S),1140,1137,1130,1084,1068,1071,1070,1078,1080,1074,1073,1072,1068,1066,1059,1036,2016.9269
57420,Ravensthorpe (S),1510,1543,1562,1589,1733,2045,2110,2220,2171,2158,2187,2159,2130,2052,1924,1785,9841.7503
57490,Rockingham (C),74185,75802,77718,80168,82936,87033,92235,96506,100639,104922,109415,114511,119658,123410,126325,129308,257.497
65010,Southern Midlands (M),5788,5809,5834,5867,5850,5864,5914,6009,6141,6246,6265,6256,6209,6175,6145,6140,2615.4934
65210,Tasman (M),2282,2282,2238,2273,2279,2326,2332,2352,2400,2432,2443,2437,2360,2394,2398,2396,660.4962
58330,Toodyay (S),4084,4142,4147,4198,4277,4330,4360,4404,4450,4493,4529,4621,4707,4650,4568,4500,1691.6486
58400,Trayning (S),394,395,403,410,408,410,395,385,370,359,355,361,366,363,357,352,1651.2043
58470,Upper Gascoyne (S),356,356,348,339,332,307,296,272,262,263,253,260,270,275,278,281,57809.8737
58510,Victoria Park (T),27751,27970,28216,28446,28761,29162,30264,31537,32751,33603,34718,35632,36374,36687,36818,36755,17.9397
70200,Alice Springs (T),26849,26775,26665,26583,26572,26700,26961,27466,28068,28397,28489,28420,28362,27750,27112,26823,327.7133
58540,Victoria Plains (S),974,973,979,971,962,946,935,936,940,931,926,934,933,934,929,921,2551.0132
58570,Vincent (C),27071,27450,28026,28290,28782,29261,30279,31155,32000,32748,33857,34725,35475,35632,35611,35587,11.3769
58610,Wagin (S),1879,1895,1921,1916,1925,1943,1932,1916,1910,1908,1901,1923,1925,1918,1908,1872,1946.1763
58680,Wandering (S),333,350,367,365,370,373,386,396,417,438,453,458,450,451,453,453,1903.8645
58760,Wanneroo (C),84323,88442,93822,100185,107053,114943,125837,135840,145855,152746,160281,168981,177159,182938,188746,195253,685.068
58820,Waroona (S),3538,3506,3483,3521,3576,3614,3591,3626,3660,3687,3720,3836,3969,4109,4196,4238,832.2286
58890,West Arthur (S),910,911,910,891,887,885,882,881,883,888,901,893,884,867,852,820,2831.8272
59030,Westonia (S),249,241,237,236,230,226,235,248,265,278,282,293,302,304,305,305,3319.4497
72800,Palmerston (C),22418,23037,23179,23507,24156,25163,26219,27586,28636,29178,29385,30590,32512,33971,35085,35765,52.6559
73600,Roper Gulf (R),6327,6334,6301,6304,6352,6423,6539,6726,6936,7044,7042,7163,7279,7356,7425,7434,185210.2475
74050,Tiwi Islands (R),2523,2490,2452,2425,2428,2432,2522,2643,2777,2900,2970,2993,3024,2927,2873,2805,7483.1661
74550,Victoria Daly (R),3452,3430,3427,3417,3439,3441,3491,3476,3421,3381,3321,3347,3351,3316,3270,3204,153287.0839
59100,Wickepin (S),747,749,753,752,755,762,753,754,759,761,767,769,761,739,729,729,2040.8985
74560,Wagait (S),248,263,277,294,310,326,342,361,383,399,420,440,464,473,487,501,5.6378
74660,West Arnhem (R),6241,6198,6161,6182,6304,6452,6505,6679,6888,7040,7133,7232,7354,7228,7131,7022,49675.0343
74680,West Daly (R),2543,2612,2674,2752,2864,2986,3023,3151,3319,3425,3505,3557,3604,3629,3644,3654,14069.6979
79399,Unincorporated NT,7477,7532,7524,7599,7920,8141,8431,8593,8823,9075,9071,9067,9111,8876,7787,7644,19790.0427
59170,Williams (S),959,955,953,932,919,908,912,919,929,935,940,965,976,991,1001,995,2304.7119
59250,Wiluna (S),902,876,851,812,768,735,808,894,1009,1095,1198,1174,1130,1018,890,761,181297.3382
89399,Unincorporated ACT,321538,324627,327357,328940,331399,335170,342644,348368,354785,361766,367985,376564,383652,389406,396690,403468,2358.172
99399,Unincorp. Other Territories,2584,2397,2336,2356,2381,2379,2514,2683,2876,3055,3117,3036,2957,2906,2871,4608,256.3162
59310,Wongan-Ballidu (S),1599,1563,1547,1511,1490,1461,1433,1429,1439,1455,1478,1483,1474,1432,1389,1349,3365.0675
59320,Woodanilling (S),396,400,400,404,404,415,417,424,430,427,427,435,431,430,423,414,1128.8348
59330,Wyalkatchem (S),678,680,659,652,630,592,560,546,531,526,542,539,541,535,531,520,1594.4885
59340,Wyndham-East Kimberley (S),7240,7406,7595,7716,7789,7879,7866,7967,8066,8111,8195,8234,8265,8042,7797,7494,112065.9843
59350,Yalgoo (S),326,316,306,293,274,263,288,317,351,377,417,425,426,404,376,347,27949.4641
59360,Yilgarn (S),1832,1778,1754,1683,1580,1477,1535,1580,1602,1634,1675,1611,1540,1424,1310,1206,30428.765
59370,York (S),3246,3217,3227,3219,3220,3244,3273,3320,3360,3410,3462,3549,3626,3614,3602,3605,2131.5916
60210,Break O'Day (M),5839,5884,5978,6084,6191,6274,6308,6352,6401,6446,6469,6413,6354,6311,6253,6193,3523.8859
60410,Brighton (M),12857,12947,13141,13556,13946,14236,14508,14832,15192,15562,15685,15893,16031,16191,16408,16610,171.1599
60610,Burnie (C),19077,19090,19305,19485,19547,19748,19812,19887,20005,20073,20164,20001,19797,19616,19478,19304,610.9529
60810,Central Coast (M) (Tas.),21242,21119,21213,21275,21174,21428,21640,21942,22179,22291,22332,22270,22178,22067,21948,21851,933.0892
61010,Central Highlands (M) (Tas.),2339,2330,2372,2321,2345,2327,2338,2348,2357,2353,2357,2320,2278,2237,2200,2164,7982.4155
61210,Circular Head (M),8128,8105,8219,8254,8286,8243,8291,8343,8374,8368,8361,8326,8281,8247,8201,8173,4898.0109999999995
61410,Clarence (C),49370,49289,49509,49766,50014,50344,50630,51107,51765,52396,52825,53151,53561,54009,54545,55085,377.9552
61510,Derwent Valley (M),9372,9346,9400,9421,9540,9636,9705,9798,9861,9895,9946,9949,9984,10019,10055,10091,4108.1021
61610,Devonport (C),24502,24347,24653,24940,25050,24901,25024,25336,25658,25712,25752,25595,25473,25382,25276,25259,111.259
61810,Dorset (M),7413,7367,7327,7292,7272,7244,7227,7203,7202,7177,7158,7095,7023,6935,6837,6746,3230.5456
62010,Flinders (M) (Tas.),896,889,887,891,897,896,881,867,849,839,809,824,840,863,890,926,1996.6244
62210,George Town (M),6557,6603,6713,6760,6755,6755,6762,6779,6829,6872,6857,6821,6819,6822,6815,6817,653.4377
62410,Glamorgan/Spring Bay (M),4029,4027,4105,4217,4347,4371,4412,4458,4463,4449,4419,4437,4455,4474,4491,4521,2591.5618
62610,Glenorchy (C),43805,43729,44038,44119,43850,43844,44179,44542,44947,45244,45402,45500,45637,45864,46066,46397,121.1483
62810,Hobart (C),47232,47409,48036,48535,48890,48989,49203,49491,49917,50291,50482,50551,50755,51090,51398,51750,77.9097
63010,Huon Valley (M),13987,14051,14071,14272,14394,14530,14814,15083,15392,15680,15905,16032,16164,16315,16459,16675,5507.3541
63210,Kentish (M),5555,5560,5641,5743,5861,5965,6031,6143,6301,6364,6369,6360,6353,6343,6321,6303,1156.1887
70420,Barkly (R),7315,7346,7321,7333,7455,7564,7663,7773,7842,7863,7838,7864,7884,7749,7663,7530,322713.2188
70540,Belyuen (S),230,223,215,209,205,199,199,200,203,207,207,203,201,191,185,178,41.4054
70620,Central Desert (R),4678,4641,4573,4529,4493,4454,4417,4392,4360,4337,4287,4335,4404,4363,4309,4222,281312.0262
70700,Coomalie (S),1125,1140,1157,1177,1206,1234,1240,1248,1262,1274,1275,1331,1384,1394,1418,1439,2056.0547
71000,Darwin (C),69635,69286,68968,69339,70538,71366,72735,74613,76775,77886,78467,80278,82999,82825,83759,84468,111.2725
71300,East Arnhem (R),8519,8640,8699,8834,9055,9275,9496,9784,10054,10305,10466,10553,10771,10574,10472,10377,33309.9334
72200,Katherine (T),9706,9648,9570,9542,9626,9689,9844,10075,10345,10467,10488,10647,10818,10793,10705,10571,7416.6444
72300,Litchfield (M),15782,15900,15821,15895,16215,16451,17412,18401,19203,19863,20218,21111,22252,23270,24704,25262,2903.1459
72330,MacDonnell (R),6675,6756,6741,6742,6767,6761,6709,6707,6732,6737,6710,6842,6975,6947,6935,6841,268329.3474
