LGA_MAIN11,P_SOL_SE_Tot_2001_2005,P_SOL_SE_Tot_2006,P_SOL_SE_Tot_2007,P_SOL_SE_Tot_2008,P_SOL_SE_Tot_2009,P_SOL_SE_Tot_2010,P_SOL_SE_Tot_2011,P_SOL_SE_Tot_arrival_ns,P_SOL_SE_Tot_Total,P_L_prof_Eng_ns_bf1996,P_L_prof_Eng_ns_1996_2000,P_L_prof_Eng_ns_2001_2005,P_L_prof_Eng_ns_2006,P_L_prof_Eng_ns_2007,P_L_prof_Eng_ns_2008,P_L_prof_Eng_ns_2009,P_L_prof_Eng_ns_2010,P_L_prof_Eng_ns_2011,P_L_prof_Eng_ns_arrival_ns,P_L_prof_Eng_ns_Total,P_Tot_bf1996,P_Tot_1996_2000,P_Tot_2001_2005,P_Tot_2006,P_Tot_2007,P_Tot_2008,P_Tot_2009,P_Tot_2010,P_Tot_2011,P_Tot_Yr_arrival_not_stated,P_Tot_Total,LGA_NAME11
12500,21,6,13,5,6,16,3,3,133,0,0,0,0,0,0,0,0,0,0,0,271,23,36,6,13,14,9,16,3,35,426,Deniliquin (A)
12600,138,56,78,51,58,39,24,41,837,3,0,3,0,0,0,0,3,0,3,12,1196,119,218,78,104,73,87,56,59,124,2114,Dubbo (C)
12700,4,3,4,0,3,6,0,0,52,0,0,0,0,0,0,0,0,0,0,0,330,19,16,6,10,0,3,9,0,15,408,Dungog (A)
12750,45,10,10,14,9,18,20,47,981,8,0,0,0,3,0,0,0,0,6,17,4104,140,175,29,47,50,45,35,30,236,4891,Eurobodalla (A)
27350,1413,412,388,496,511,442,280,504,11850,41,6,11,3,8,0,5,6,0,26,106,10998,1693,2473,748,847,988,1031,1085,736,932,21531,Yarra (C)
12850,8482,2086,2029,2305,2663,1725,1004,3815,89587,402,84,80,19,8,20,25,15,13,113,779,62510,10216,9103,2224,2162,2418,2789,1815,1064,4352,98653,Fairfield (C)
12900,11,0,0,8,6,6,3,3,88,0,0,0,0,0,0,0,0,0,0,0,230,25,32,11,10,15,9,12,6,21,371,Forbes (A)
12950,5,3,7,6,6,3,0,0,50,0,0,0,0,0,0,0,0,0,0,0,99,9,13,6,7,9,6,3,0,6,158,Gilgandra (A)
13010,13,0,3,3,9,0,0,13,111,0,0,0,0,0,0,0,0,0,0,0,417,26,27,10,8,9,9,0,0,40,546,Glen Innes Severn (A)
13050,7,0,0,0,3,0,3,3,53,0,0,0,0,0,0,0,0,0,0,0,276,20,28,0,12,0,3,6,3,24,372,Gloucester (A)
13100,784,192,246,261,201,162,82,276,6144,39,6,0,0,0,6,0,0,0,10,61,16942,2023,2429,606,631,681,540,432,215,1243,25742,Gosford (C)
13310,64,17,27,42,33,52,22,154,788,9,0,4,0,0,0,0,3,0,0,16,1601,94,122,35,49,62,50,70,37,245,2365,Goulburn Mulwaree (A)
13320,49,19,16,9,13,10,12,33,628,4,0,3,0,0,0,0,0,0,0,7,2888,155,135,35,33,36,28,30,30,182,3552,Great Lakes (A)
13340,8,6,0,0,11,8,6,6,99,0,0,0,0,0,0,0,0,0,0,0,405,33,35,6,9,7,18,11,14,31,569,Greater Hume Shire (A)
13380,66,11,23,33,31,28,12,45,728,0,0,0,0,4,0,6,0,0,0,10,2944,169,216,42,62,60,63,47,26,217,3846,Greater Taree (C)
13450,376,96,130,245,208,121,75,170,3195,10,5,8,0,3,3,4,3,0,3,39,2095,387,502,123,152,283,262,157,95,260,4316,Griffith (C)
13500,0,0,3,7,4,0,0,0,26,0,0,0,0,0,0,0,0,5,3,8,72,18,4,4,3,14,8,0,9,7,139,Gundagai (A)
13550,10,3,12,12,11,7,3,3,132,0,0,0,0,0,0,0,0,0,0,0,317,23,30,14,12,21,19,13,10,24,483,Gunnedah (A)
13650,6,6,0,0,0,0,0,6,33,0,0,0,0,0,0,0,0,0,3,3,140,10,17,9,6,6,3,0,0,13,204,Guyra (A)
13660,8,3,0,3,3,4,4,0,38,0,0,0,0,0,0,0,0,0,0,0,142,4,22,7,3,3,3,4,4,8,200,Gwydir (A)
13700,0,0,6,6,0,3,0,0,50,0,0,0,0,0,0,0,0,0,0,0,145,8,5,0,6,9,0,3,3,7,186,Harden (A)
13800,146,39,41,60,44,46,15,108,2000,11,0,3,0,0,0,0,0,0,9,23,5892,477,479,114,102,123,103,98,40,422,7850,Hawkesbury (C)
13850,0,3,3,12,3,3,6,0,65,0,0,0,0,0,0,0,0,0,0,0,106,4,14,3,7,12,3,3,6,10,168,Hay (A)
13950,5912,1677,1910,1872,1614,1134,544,1235,35034,100,35,52,5,7,19,25,14,7,51,315,19381,5328,6677,1835,2102,2087,1780,1293,642,1614,42739,Holroyd (C)
14000,5433,1310,1507,1616,1415,1336,666,1031,35013,78,28,29,12,7,12,7,9,9,13,204,28616,7250,7594,1752,1995,2117,1770,1773,889,1739,55495,Hornsby (A)
14100,109,32,30,39,34,32,12,71,1577,8,6,3,0,0,0,0,0,0,0,17,2320,324,289,53,55,70,78,69,39,147,3444,Hunters Hill (A)
14150,3977,949,1217,1331,1122,823,344,932,27166,59,18,18,0,3,13,3,3,3,18,138,16587,4332,4482,1040,1307,1457,1232,920,403,1174,32934,Hurstville (C)
14200,20,16,21,39,19,18,16,21,281,0,0,0,0,0,0,0,3,3,3,9,526,43,113,53,33,57,28,54,31,65,1003,Inverell (A)
14250,3,0,3,3,6,0,0,0,33,0,0,0,0,0,0,0,0,0,0,0,68,3,7,0,3,3,6,0,0,6,96,Jerilderie (A)
14300,11,3,6,6,0,3,0,153,201,0,0,6,0,0,0,0,0,0,0,6,166,20,29,3,12,9,0,3,0,161,403,Junee (A)
14350,32,10,11,17,15,12,11,82,421,3,0,0,0,0,0,0,0,0,0,3,1486,86,82,20,31,24,23,23,17,178,1970,Kempsey (A)
14400,34,7,15,19,13,7,13,24,508,0,0,0,0,0,0,0,3,0,0,3,2038,121,194,59,54,72,46,63,25,110,2782,Kiama (A)
14450,2734,729,1002,945,856,616,299,640,18788,62,21,15,4,3,7,10,13,3,19,157,11560,2628,3102,807,1096,1052,923,706,320,823,23017,Kogarah (C)
14500,2079,552,663,654,628,668,368,617,17799,45,16,10,3,3,3,0,4,6,13,103,21056,4925,4630,1104,1240,1303,1206,1336,776,1254,38830,Ku-ring-gai (A)
14550,20,0,4,15,3,0,3,16,156,0,0,0,0,0,0,0,0,0,0,0,641,45,71,9,7,24,11,3,6,44,861,Kyogle (A)
14600,3,6,8,6,10,4,9,3,72,0,0,0,0,0,0,0,0,0,0,0,113,24,17,9,14,11,10,9,12,11,230,Lachlan (A)
14650,505,143,177,191,160,190,109,252,5033,31,0,5,0,0,3,0,0,3,8,50,12880,1131,1376,328,397,413,369,351,217,890,18352,Lake Macquarie (C)
14700,713,213,256,315,267,268,125,180,5178,18,3,0,0,3,4,0,0,3,3,34,5328,1053,1331,359,390,465,389,450,212,351,10328,Lane Cove (A)
14750,27,0,7,6,20,18,15,32,355,0,0,0,0,0,3,0,0,0,0,3,450,62,51,8,14,12,24,24,18,56,719,Leeton (A)
14800,553,154,201,177,205,237,128,226,5209,26,3,0,0,3,3,0,0,0,13,48,7923,1432,1869,460,573,558,538,625,355,607,14940,Leichhardt (A)
14850,138,43,40,55,78,63,28,70,1124,6,0,3,0,0,3,0,3,0,3,18,2676,275,333,83,71,112,110,92,48,191,3991,Lismore (C)
14870,32,11,8,16,10,8,6,135,541,0,0,0,0,0,0,0,0,0,0,0,1326,80,64,31,15,37,25,14,10,207,1809,Lithgow (C)
14900,7372,1630,1552,2085,1628,1082,834,2180,59515,258,61,53,19,12,17,24,0,7,64,515,41162,9566,8311,1860,1755,2313,1807,1236,932,2772,71714,Liverpool (C)
14920,8,0,0,4,0,5,0,0,74,0,0,0,0,0,0,0,0,0,0,0,277,19,21,6,3,17,3,11,9,18,384,Liverpool Plains (A)
14950,10,3,0,0,0,0,0,0,20,0,0,0,0,0,0,0,0,0,0,0,95,7,23,3,0,0,0,0,0,6,134,Lockhart (A)
15050,221,104,79,89,65,66,32,45,1494,3,0,3,3,3,0,0,0,0,0,12,3239,344,485,200,170,179,124,121,69,226,5157,Maitland (C)
15150,490,162,207,252,301,331,177,142,3607,3,3,0,3,4,3,0,3,0,3,22,5073,1318,1951,588,664,744,803,1066,524,488,13219,Manly (A)
15200,1339,450,669,749,687,416,256,731,16284,73,15,8,3,0,14,7,3,4,22,149,15450,2208,2507,694,962,1015,1013,698,431,1115,26093,Marrickville (A)
15270,32,10,6,23,14,21,13,23,438,0,0,0,0,0,0,0,0,0,3,3,1373,71,95,25,29,44,32,32,23,95,1819,Mid-Western Regional (A)
15300,18,19,7,24,25,11,11,23,237,6,0,0,0,0,0,0,0,0,0,6,314,33,44,32,14,37,35,29,19,53,610,Moree Plains (A)
15350,306,103,161,159,173,187,124,93,2623,8,5,0,0,3,0,0,0,0,0,16,4104,853,1133,304,404,445,442,523,326,315,8849,Mosman (A)
15500,3,9,6,8,0,3,3,3,80,0,0,0,0,0,0,0,0,0,0,0,347,16,18,9,12,11,0,7,6,26,452,Murray (A)
15550,0,3,0,6,3,3,10,6,40,0,0,3,0,0,0,0,0,0,0,3,48,9,10,3,3,12,10,3,17,9,124,Murrumbidgee (A)
15650,30,25,37,36,20,26,10,70,372,0,0,0,0,0,0,0,0,0,0,0,548,65,82,45,59,76,68,54,39,101,1137,Muswellbrook (A)
15700,17,3,8,8,9,3,6,15,270,0,0,0,0,0,0,0,0,0,0,0,1470,62,63,14,23,16,13,17,10,89,1777,Nambucca (A)
15750,15,3,9,15,17,9,7,4,153,0,0,3,0,0,0,0,0,0,4,7,305,45,35,16,12,15,22,21,10,37,518,Narrabri (A)
15800,17,0,0,10,4,13,0,6,81,0,0,0,0,0,0,0,0,0,0,0,165,13,28,0,7,10,7,13,0,16,259,Narrandera (A)
15850,7,3,3,4,5,0,0,0,59,3,0,0,0,0,0,0,0,0,0,3,183,9,21,6,6,7,5,4,0,10,251,Narromine (A)
15900,937,336,428,583,722,751,404,466,8951,26,7,13,0,0,0,9,6,7,36,104,10056,1103,1673,537,609,828,975,1087,606,1007,18481,Newcastle (C)
15950,1475,483,649,692,641,717,420,301,9885,24,12,12,0,0,0,7,4,0,12,71,9775,2174,3103,950,1160,1301,1249,1466,853,709,22740,North Sydney (A)
16100,7,3,0,4,7,0,0,38,134,0,0,0,0,0,0,0,0,0,0,0,314,42,27,10,8,17,14,4,0,58,494,Oberon (A)
16150,288,80,88,88,63,30,56,47,1347,0,0,0,0,0,3,3,0,0,0,6,1807,207,432,119,133,128,107,67,89,153,3242,Orange (C)
16180,13,3,0,13,13,7,7,12,341,0,0,0,0,0,0,0,0,0,4,4,1495,103,107,22,23,35,25,16,15,68,1909,Palerang (A)
16200,25,15,14,10,20,30,13,17,219,0,0,0,0,0,0,0,0,0,0,0,393,41,50,21,17,23,26,46,23,60,700,Parkes (A)
16250,10436,2962,3731,4345,3447,2759,1441,2344,61450,136,54,84,26,22,37,21,21,19,86,506,30432,8806,11806,3293,4129,4791,3798,3099,1708,3037,74899,Parramatta (C)
16350,2201,510,638,619,522,433,242,949,18419,84,9,27,9,4,14,11,5,6,14,183,24934,3095,3296,765,884,870,745,603,352,1741,37285,Penrith (C)
16370,336,76,86,93,98,109,52,125,2992,8,3,3,3,0,0,0,0,0,6,23,8007,1283,1391,311,336,343,321,289,165,520,12966,Pittwater (A)
16380,120,43,50,52,47,32,15,62,1213,4,0,0,0,0,0,0,0,3,0,7,5903,450,548,135,149,156,139,112,48,409,8049,Port Macquarie-Hastings (A)
16400,130,43,52,46,49,45,26,70,1374,8,0,0,0,0,4,3,0,0,0,15,5060,351,536,167,128,195,158,152,54,311,7112,Port Stephens (A)
16470,364,149,163,252,231,171,108,122,3782,25,0,3,0,3,0,3,0,3,5,42,4350,422,591,222,236,337,307,255,159,275,7154,Queanbeyan (C)
16550,3314,1077,1342,1810,2193,2299,1402,1537,30010,93,8,30,3,7,12,14,14,8,32,221,22130,4360,5892,1779,2049,2650,3062,3288,2031,2404,49645,Randwick (C)
16610,18,0,11,10,6,13,4,22,245,0,4,0,0,0,0,0,0,0,0,4,891,57,69,13,20,25,30,26,12,70,1213,Richmond Valley (A)
16650,3956,1194,1596,1661,1433,971,530,1423,34478,118,28,17,8,23,11,10,9,10,39,273,23496,3952,4662,1419,1795,1852,1601,1144,650,1826,42397,Rockdale (C)
16700,4650,1269,1507,1882,1982,1924,939,1161,33477,65,15,22,10,7,12,12,11,6,52,212,20719,4695,5607,1505,1748,2183,2208,2178,1084,1613,43540,Ryde (C)
16900,171,47,64,61,55,42,27,161,4337,33,0,4,0,3,0,0,3,0,3,46,9349,336,448,126,146,139,101,90,76,492,11303,Shellharbour (C)
16950,161,41,39,56,65,31,20,251,2485,14,3,3,0,0,0,0,0,3,3,26,9344,482,517,105,113,131,176,103,82,695,11748,Shoalhaven (C)
17000,87,62,27,45,24,20,16,20,460,0,0,0,0,0,0,0,0,0,0,0,1015,149,211,86,57,100,51,60,41,93,1863,Singleton (A)
17050,15,3,0,11,15,9,12,15,226,3,0,3,0,0,0,0,0,0,0,6,647,46,52,7,10,25,20,32,21,53,913,Snowy River (A)
17450,10,3,7,0,3,0,3,26,91,0,0,3,0,0,0,0,0,0,0,3,181,18,25,3,7,4,6,10,3,35,292,Tumbarumba (A)
17500,26,9,15,27,32,24,6,17,300,0,0,0,0,0,0,0,3,0,0,3,555,52,67,24,27,56,48,36,12,39,916,Tumut Shire (A)
17550,238,90,102,131,143,119,53,138,2263,15,0,0,5,0,3,4,0,0,0,27,8614,868,1038,268,326,329,309,254,122,655,12783,Tweed (A)
17620,23,12,11,22,20,19,20,10,202,0,0,0,0,0,0,0,0,0,3,3,500,70,79,28,25,44,35,55,45,50,931,Upper Hunter Shire (A)
17640,15,0,0,3,3,3,3,3,107,0,0,0,0,0,0,0,0,0,0,0,411,22,34,0,3,9,9,6,6,31,531,Upper Lachlan Shire (A)
17650,4,3,6,0,6,0,0,3,70,0,0,0,0,0,0,0,0,0,0,0,295,21,16,7,9,3,12,6,3,11,383,Uralla (A)
17700,3,0,0,0,0,0,0,0,13,0,0,0,0,0,0,0,0,0,0,0,32,5,3,0,0,0,0,0,3,0,43,Urana (A)
17750,386,137,167,128,246,236,112,79,2111,3,0,10,0,0,3,4,5,3,3,31,2103,355,606,205,239,209,310,304,160,186,4677,Wagga Wagga (C)
17800,6,7,6,15,3,7,14,6,101,0,0,0,0,0,0,0,0,0,0,0,147,4,15,13,12,15,3,7,17,20,253,Wakool (A)
17850,8,0,0,0,0,0,0,6,35,0,0,0,0,0,0,0,0,0,0,0,103,14,11,0,3,0,3,6,0,12,152,Walcha (A)
17900,14,3,9,13,14,13,6,13,291,3,0,0,0,0,0,3,0,0,0,6,495,21,26,9,18,19,25,23,9,37,682,Walgett (A)
17950,6,3,4,3,6,0,0,0,32,0,0,0,0,0,0,0,0,0,0,0,67,3,9,3,4,3,11,3,0,9,112,Warren (A)
18000,2060,567,729,909,672,547,308,682,16378,54,9,18,6,6,7,0,7,3,24,134,20991,4363,5229,1289,1441,1668,1224,1149,661,1627,39642,Warringah (A)
18020,21,0,4,6,0,0,0,8,116,0,0,0,0,0,0,0,0,0,0,0,391,26,46,4,7,9,7,4,5,24,523,Warrumbungle Shire (A)
18050,990,321,362,433,456,479,282,374,8857,43,4,4,3,0,0,6,6,3,11,80,10872,2406,3116,833,1000,1183,1327,1439,845,982,24003,Waverley (A)
18100,3,3,0,0,6,0,0,3,27,0,0,0,0,0,0,0,0,0,0,0,147,4,6,9,0,0,9,0,0,6,181,Weddin (A)
18150,13,3,3,0,3,6,3,70,167,0,0,0,0,0,0,0,0,0,6,6,298,18,30,10,6,0,3,6,6,92,469,Wellington (A)
18200,4,0,0,6,7,0,0,10,104,0,0,0,0,0,0,0,0,0,0,0,263,14,17,6,3,18,7,0,3,20,351,Wentworth (A)
18250,2795,786,929,1207,1007,1150,581,765,19079,41,8,17,0,5,10,8,7,5,19,120,13020,3160,3825,1038,1189,1555,1254,1530,828,1152,28551,Willoughby (C)
18350,113,34,31,25,48,33,22,104,1313,6,0,3,3,0,3,0,0,0,3,18,5146,327,381,102,77,67,111,61,56,407,6735,Wingecarribee (A)
18400,72,20,12,20,27,22,13,61,1354,6,0,0,4,0,0,0,0,0,4,14,4299,282,233,72,52,78,54,44,20,243,5377,Wollondilly (A)
18450,1481,418,636,900,1241,1294,620,956,22237,97,12,9,3,9,12,7,10,11,21,191,28798,2148,2462,686,900,1206,1532,1537,814,1852,41935,Wollongong (C)
18500,498,180,175,199,219,204,172,177,4839,20,6,3,0,3,6,0,6,0,5,49,8778,1521,1866,513,557,669,701,760,496,652,16513,Woollahra (A)
18550,377,102,115,162,112,113,78,230,4352,16,6,3,0,0,0,6,0,0,7,38,13442,1119,1120,288,252,286,252,255,134,898,18046,Wyong (A)
18710,38,0,9,9,21,15,10,22,346,0,0,0,0,0,0,0,0,0,0,0,1135,101,127,17,29,37,35,24,10,86,1601,Yass Valley (A)
18750,30,3,10,14,7,8,9,15,211,3,0,0,0,0,0,0,0,0,0,3,480,36,63,8,14,18,11,19,12,39,700,Young (A)
19399,0,0,4,0,0,0,0,6,33,0,0,0,0,0,0,0,0,0,0,0,91,11,7,3,4,0,3,3,0,12,134,Unincorporated NSW
19499,129,43,63,86,96,115,208,358,1549,4,0,0,0,0,0,0,0,0,7,11,1128,155,239,64,93,135,138,220,464,483,3119,
20110,26,6,12,15,9,19,14,29,693,3,0,0,0,0,0,0,0,0,0,3,1440,53,79,16,22,21,24,34,14,81,1784,Alpine (S)
20260,22,14,15,22,28,20,15,94,337,0,0,0,0,0,0,0,0,0,0,0,541,42,62,22,29,33,41,45,40,127,982,Ararat (RC)
20570,435,169,207,233,226,203,121,141,2839,11,0,3,4,0,0,0,7,0,9,34,4781,440,809,263,301,324,323,289,171,393,8094,Ballarat (C)
20660,1697,519,605,754,859,594,398,662,15501,45,10,6,0,3,13,9,0,5,24,115,15474,2036,2504,702,805,1030,1137,819,569,1110,26186,Banyule (C)
20740,91,37,39,45,30,40,31,54,1027,8,0,0,0,0,0,0,0,5,0,13,3340,127,252,59,77,80,77,98,82,227,4419,Bass Coast (S)
20830,76,37,29,23,48,41,14,46,1004,3,0,0,0,0,0,0,3,0,0,6,3330,219,292,66,57,69,99,97,36,189,4454,Baw Baw (S)
20910,746,208,297,397,395,353,194,317,8200,43,3,6,3,0,0,3,0,3,18,79,12728,1852,2348,640,687,931,847,980,570,896,22479,Bayside (C)
21010,38,12,17,17,13,14,11,13,305,0,0,0,0,0,0,0,0,0,3,3,807,46,72,18,20,23,18,21,14,59,1098,Benalla (RC)
21110,2869,1115,1411,1687,1884,1510,804,980,26608,81,14,13,6,7,8,7,15,3,39,193,23589,3528,4656,1572,1894,2245,2407,2153,1246,1737,45027,Boroondara (C)
21180,6722,2075,2696,3345,3408,1931,1022,3069,70973,301,40,65,19,21,48,50,41,14,89,688,50101,6087,7790,2398,3063,3795,3795,2228,1211,3823,84291,Brimbank (C)
21270,7,15,12,16,6,8,0,9,123,0,0,0,0,0,0,0,0,0,0,0,227,22,13,15,12,16,14,11,6,20,356,Buloke (S)
21370,27,18,29,34,33,36,36,43,623,3,0,0,0,0,0,0,0,0,7,10,1590,131,112,55,44,54,58,52,60,140,2296,Campaspe (S)
21450,563,188,202,221,163,106,60,147,3734,19,3,6,6,3,3,0,0,0,11,51,7847,754,1213,381,421,461,315,207,126,515,12240,Cardinia (S)
21610,9752,2805,3188,3183,2273,1554,966,1876,55441,181,42,95,17,24,27,27,17,28,55,513,44019,9199,13233,3687,4052,4119,2965,2205,1348,3279,88106,Casey (C)
21670,11,7,6,6,6,3,3,3,167,0,0,0,0,0,0,0,0,0,0,0,893,20,30,16,9,15,9,9,6,48,1055,Central Goldfields (S)
21750,60,22,20,23,37,14,21,31,442,0,0,0,0,0,3,0,0,0,0,3,1032,56,138,40,40,37,58,33,27,77,1538,Colac-Otway (S)
21830,17,8,14,4,13,11,6,21,183,3,0,0,0,0,0,0,3,0,0,6,604,104,148,29,45,28,34,27,12,57,1088,Corangamite (S)
21890,2831,1119,1640,2277,2260,1596,836,1736,35388,139,17,8,3,15,23,14,18,8,84,329,25481,2601,3889,1409,1985,2687,2642,1971,1100,2317,46082,Darebin (C)
22110,85,27,31,29,33,17,18,63,943,6,0,4,0,0,3,0,0,0,0,13,3550,164,258,63,53,58,82,50,39,228,4545,East Gippsland (S)
69399,0,0,0,3,0,0,0,3,9,0,0,0,0,0,0,0,0,0,0,0,6,6,0,0,0,3,0,3,0,3,21,
22170,1373,386,506,542,446,315,172,363,9533,41,11,15,7,3,4,0,0,0,3,84,17525,1970,2763,712,875,915,765,577,331,1150,27583,Frankston (C)
22250,4,4,0,7,5,9,10,9,117,0,0,0,0,0,0,3,0,0,0,3,355,49,24,4,3,13,13,15,13,30,519,Gannawarra (S)
22620,301,111,183,247,268,152,59,123,2285,3,0,0,0,0,3,3,0,0,8,17,4238,390,596,194,240,345,346,236,101,342,7028,Greater Bendigo (C)
22670,7490,2563,3250,4204,4426,2514,1286,2710,62814,180,58,82,14,34,40,95,42,29,100,674,36854,7115,8635,2843,3594,4619,4855,2797,1431,3386,76129,Greater Dandenong (C)
22750,1190,504,516,755,738,693,316,788,14426,56,6,10,0,6,4,4,13,0,46,145,22635,1582,2322,823,824,1124,1058,988,513,1674,33543,Greater Geelong (C)
22830,832,366,280,345,384,254,166,293,5184,8,0,7,3,6,3,14,0,6,8,55,3585,687,1067,415,340,394,466,326,212,454,7946,Greater Shepparton (C)
22910,23,14,5,10,24,9,6,22,432,3,0,0,0,0,0,0,0,0,3,6,1477,92,75,29,8,17,49,20,16,73,1856,Hepburn (S)
22980,20,9,22,30,23,7,4,6,164,0,0,0,5,0,0,0,0,0,0,5,204,12,40,24,25,30,23,10,8,20,396,Hindmarsh (S)
23110,1450,484,783,948,940,567,305,712,16488,60,8,6,6,6,17,14,3,6,19,145,15323,1656,2362,729,998,1204,1209,793,462,1136,25872,Hobsons Bay (C)
23190,48,36,33,48,56,35,16,9,426,0,0,0,0,0,0,0,0,0,0,0,626,44,95,44,51,70,67,44,28,40,1109,Horsham (RC)
23270,5542,1504,1592,1829,1953,1198,777,1764,41675,159,34,40,29,10,28,22,12,15,63,412,29593,5147,6591,1781,1858,2101,2193,1392,906,2410,53972,Hume (C)
23350,6,3,6,9,4,10,6,57,236,0,0,0,0,0,0,0,0,0,0,0,962,54,46,25,12,15,13,13,14,114,1268,Indigo (S)
23430,2631,806,1047,1235,1160,749,405,739,24835,99,14,20,13,11,9,18,3,3,20,210,25975,3220,4377,1220,1507,1749,1624,1220,580,1532,43004,Kingston (C)
23670,3411,865,912,968,700,521,253,763,23258,65,8,16,6,3,13,10,6,3,34,164,26222,3388,4742,1179,1189,1272,938,756,390,1422,41498,Knox (C)
23810,358,137,167,184,203,180,86,169,3771,16,0,4,3,6,0,0,0,0,10,39,7145,353,571,211,232,268,269,243,142,507,9941,Latrobe (C)
10050,163,145,132,135,218,144,106,87,1902,9,0,0,0,3,0,3,0,3,11,29,2838,244,359,196,190,185,267,206,155,242,4882,Albury (C)
10110,141,33,60,99,135,226,168,82,1243,0,0,0,0,0,3,3,3,0,3,12,1254,242,250,61,83,133,186,261,190,153,2813,Armidale Dumaresq (A)
10900,234,49,57,71,66,58,39,79,2517,11,0,3,0,0,0,0,0,0,3,17,9915,693,691,150,149,165,167,113,80,444,12567,Blue Mountains (C)
10950,3,3,7,6,9,3,9,6,49,0,0,0,0,0,0,0,0,0,0,0,53,0,3,7,7,6,9,3,9,11,108,Bogan (A)
11000,3,0,0,3,0,0,0,0,34,0,0,0,0,0,0,0,0,0,0,0,167,4,7,0,3,3,4,0,0,4,192,Bombala (A)
11050,3,6,0,3,0,0,0,0,27,0,0,0,0,0,0,0,0,0,0,0,107,8,7,6,0,3,3,0,4,3,141,Boorowa (A)
11100,1514,408,465,525,495,451,219,472,12589,61,8,6,3,7,3,7,0,0,11,106,9177,1810,1889,510,550,606,583,520,257,699,16601,Botany Bay (C)
11150,3,0,0,6,4,0,0,0,22,3,0,0,0,0,0,0,0,0,0,3,56,8,6,0,4,6,7,8,0,8,103,Bourke (A)
11200,0,0,0,0,6,3,0,0,18,0,0,0,0,0,0,0,0,0,3,3,28,6,3,0,0,3,6,3,0,3,52,Brewarrina (A)
11600,3,0,9,9,11,9,8,6,69,0,0,0,0,3,0,0,0,0,0,3,74,14,10,7,15,20,19,15,12,14,200,Carrathool (A)
23940,6,3,3,6,21,0,3,4,122,0,0,0,0,0,0,0,0,0,0,0,456,12,23,9,11,9,21,0,3,24,568,Loddon (S)
24130,96,26,23,31,24,15,6,53,1038,9,3,0,0,0,0,0,0,0,0,12,3957,359,379,103,91,121,60,50,29,266,5415,Macedon Ranges (S)
24210,3075,760,819,979,870,767,366,1006,29561,75,14,13,4,7,12,11,7,0,18,161,25671,3677,4129,942,1067,1223,1095,987,484,1396,40671,Manningham (C)
24250,17,3,3,10,8,13,9,8,226,0,0,0,0,0,0,0,0,0,0,0,689,46,57,3,12,18,20,23,20,42,930,Mansfield (S)
24330,2334,839,1178,1508,1637,1099,594,1028,22342,71,19,23,7,9,12,16,14,7,31,209,13878,1989,3061,1047,1424,1735,1869,1299,752,1368,28422,Maribyrnong (C)
24410,1440,548,698,795,601,443,225,387,9871,22,9,15,3,3,6,10,3,4,8,83,13021,1433,2189,738,882,1005,760,566,331,882,21807,Maroondah (C)
24600,4700,1844,2493,3029,3772,4034,2618,1615,31248,34,12,31,10,10,21,26,34,28,22,228,9637,3016,6351,2380,3115,3820,4790,5350,3825,2247,44531,Melbourne (C)
24650,3160,852,859,852,599,472,362,1047,20384,79,14,32,8,12,7,17,6,12,23,210,16428,2885,4082,1146,1136,1136,851,653,510,1540,30367,Melton (S)
24780,287,83,105,159,192,153,95,184,3004,14,0,0,0,0,9,3,0,0,6,32,2994,348,441,117,131,207,254,216,124,337,5169,Mildura (RC)
24850,95,22,37,67,58,71,47,84,1214,0,0,0,0,0,0,3,0,0,3,6,2579,208,245,69,88,122,107,109,70,205,3802,Mitchell (S)
24900,91,24,31,81,77,17,15,41,879,7,0,3,0,0,3,0,0,0,0,13,1565,174,209,77,68,120,105,39,39,125,2521,Moira (S)
24970,7672,2416,3271,4177,3987,3278,1845,2072,57602,169,28,52,18,22,35,36,38,26,43,467,35846,5879,9317,2841,3778,4768,4491,3823,2230,2833,75806,Monash (C)
25060,1681,525,740,919,825,623,323,865,20792,71,9,20,4,6,13,6,7,6,36,178,18847,1646,2359,721,932,1191,1070,892,502,1248,29408,Moonee Valley (C)
10850,9,14,6,0,0,0,0,3,69,0,0,0,0,0,0,0,0,0,0,0,320,16,25,14,9,9,0,4,0,22,419,Blayney (A)
25150,65,25,25,37,26,7,5,36,805,3,0,0,0,0,0,0,0,0,3,6,2606,165,214,64,67,62,52,21,28,147,3426,Moorabool (S)
25250,3059,1167,1717,2222,2377,1499,1008,1841,37611,181,16,22,10,25,29,33,16,22,66,420,27662,2837,4313,1499,2125,2708,2850,1968,1297,2494,49753,Moreland (C)
25340,323,92,103,157,176,135,71,262,5089,27,0,0,4,0,4,0,0,0,10,45,18838,1173,1984,564,620,567,610,454,248,1216,26274,Mornington Peninsula (S)
25430,46,8,10,14,11,9,3,144,405,0,0,3,0,0,0,3,0,0,0,6,1336,107,133,30,14,29,25,18,6,191,1889,Mount Alexander (S)
25490,26,13,9,20,7,9,8,9,154,0,0,3,0,0,0,0,3,0,0,6,595,82,136,28,35,38,38,35,29,51,1067,Moyne (S)
25620,21,6,4,14,7,4,6,19,320,0,0,0,0,0,0,0,0,0,0,0,1224,48,71,20,18,21,11,14,12,82,1521,Murrindindi (S)
25710,244,33,79,51,66,40,31,81,2695,10,0,3,0,0,0,0,0,0,7,20,6123,662,870,211,244,194,152,139,90,313,8998,Nillumbik (S)
25810,28,7,13,10,24,21,15,8,203,0,0,0,0,0,0,0,3,0,0,3,506,32,49,12,13,24,27,24,21,47,755,Northern Grampians (S)
25900,1567,609,777,908,960,832,490,498,13034,39,11,11,6,8,6,0,7,6,21,115,12054,2019,3232,1198,1449,1797,2042,2147,1383,1151,28472,Port Phillip (C)
25990,8,0,0,0,0,0,6,22,105,0,0,0,0,0,0,0,0,0,0,0,511,8,21,0,6,4,4,0,6,35,595,Pyrenees (S)
26080,3,0,0,0,3,0,0,0,41,0,0,0,0,0,0,0,0,0,0,0,232,6,11,3,0,4,3,0,7,19,285,Queenscliffe (B)
29399,3,0,0,0,6,11,3,15,55,0,0,0,0,0,0,0,0,0,0,0,66,14,8,0,0,7,9,15,17,24,160,Unincorporated Vic
22490,29,5,3,11,9,12,3,14,352,7,0,0,0,0,0,0,0,0,0,7,1490,88,103,22,34,31,39,32,11,94,1944,Golden Plains (S)
26170,47,9,21,28,23,20,13,22,650,6,0,0,0,0,0,0,0,0,0,6,2435,85,140,32,38,50,44,52,21,138,3035,South Gippsland (S)
26260,30,15,22,24,30,23,12,13,283,0,0,0,0,0,0,0,0,0,0,0,702,57,111,31,34,58,55,55,24,63,1190,Southern Grampians (S)
26350,1817,762,861,1025,1067,1094,603,498,14694,53,8,8,0,7,9,7,8,9,17,126,12929,1823,3065,1114,1324,1534,1640,1857,1080,1045,27411,Stonnington (C)
26430,18,3,3,8,8,12,6,8,184,0,0,0,0,0,0,0,0,0,0,0,644,34,40,8,16,12,16,32,20,39,861,Strathbogie (S)
26490,43,32,16,22,35,25,16,33,563,3,0,0,0,3,0,0,0,0,0,6,1914,151,234,94,114,81,106,86,50,127,2957,Surf Coast (S)
26610,176,80,98,129,190,121,123,121,1718,3,4,8,3,0,0,0,4,0,9,31,970,186,236,91,112,146,205,134,134,188,2402,Swan Hill (RC)
26670,3,3,0,0,12,7,0,6,76,0,3,0,0,0,0,0,0,0,0,3,352,14,23,3,3,8,15,7,3,28,456,Towong (S)
26700,45,15,21,46,19,14,17,25,778,4,0,0,0,0,0,0,0,0,0,4,1615,88,113,33,40,70,34,31,24,99,2147,Wangaratta (RC)
26730,113,41,55,51,32,49,32,83,676,6,0,0,0,0,0,0,0,3,0,9,1165,163,230,61,93,103,84,81,74,162,2216,Warrnambool (C)
26810,96,49,24,49,73,53,37,292,1259,8,0,4,0,0,0,0,0,0,0,12,2866,190,252,112,70,105,108,107,63,441,4314,Wellington (S)
26890,0,0,6,3,0,0,4,3,52,0,0,0,0,0,0,0,0,0,0,0,182,6,11,8,6,9,3,8,7,11,251,West Wimmera (S)
26980,4948,1507,1974,2477,2518,2091,1070,1292,35360,91,16,41,8,17,14,30,24,12,50,303,24720,4014,6298,1780,2333,2859,2930,2469,1340,1893,50636,Whitehorse (C)
29499,108,30,36,70,87,134,206,236,1241,0,0,0,3,0,0,3,3,0,0,9,664,127,153,45,58,103,124,224,446,292,2236,
30250,0,0,0,0,0,0,0,0,0,0,0,0,0,0,0,0,0,0,0,0,0,0,0,0,0,0,0,0,0,0,0,Aurukun (S)
30300,6,0,3,10,13,10,6,3,71,0,0,0,0,0,0,0,0,0,0,0,99,21,17,4,3,18,23,13,12,11,221,Balonne (S)
30370,85,95,84,76,42,34,32,25,551,3,0,0,0,3,0,0,0,0,0,6,462,57,125,110,108,87,58,56,41,62,1166,Banana (S)
30410,7,0,0,3,6,3,0,0,32,0,0,0,0,0,0,0,0,0,0,0,97,10,22,11,0,6,9,15,0,8,178,Barcaldine (R)
30450,0,0,0,0,0,0,0,0,0,0,0,0,0,0,0,0,0,0,0,0,6,0,0,0,3,0,0,5,0,3,17,Barcoo (S)
30760,3,3,0,3,3,0,0,3,25,0,0,0,0,0,0,0,0,0,0,0,63,8,3,6,3,3,6,3,3,7,105,Blackall Tambo (R)
33960,1902,739,737,861,754,477,282,560,11877,24,15,19,8,16,7,7,3,6,20,125,15080,2877,3975,1420,1545,1832,1466,973,606,1491,31265,Ipswich (C)
33980,90,57,92,128,58,37,57,33,693,0,0,0,0,0,0,3,0,3,3,9,858,174,257,130,167,210,96,87,132,122,2233,Isaac (R)
34420,0,0,0,0,0,0,0,0,0,0,0,0,0,0,0,0,0,0,0,0,0,0,0,0,0,0,0,0,0,0,0,Kowanyama (S)
34570,0,0,0,0,0,0,0,0,0,0,0,0,0,0,0,0,0,0,0,0,3,0,0,0,0,0,0,0,0,0,3,Lockhart River (S)
11250,22,12,18,15,11,11,12,35,275,3,0,0,0,0,0,0,0,0,0,3,514,34,51,27,29,24,23,26,20,80,828,Broken Hill (C)
27070,4363,1427,1550,1801,1670,1018,568,1644,42018,137,19,32,10,13,19,24,10,14,58,336,31199,3950,5279,1695,1803,2079,1926,1221,699,2158,52009,Whittlesea (C)
12350,20,3,6,6,0,7,0,12,172,0,0,0,0,0,0,0,0,0,0,0,538,30,52,3,12,12,6,14,6,38,711,Cowra (A)
27170,111,52,75,77,85,55,40,59,1259,10,0,0,0,0,0,0,0,0,3,13,2193,208,231,95,120,124,123,88,62,154,3398,Wodonga (RC)
27260,7264,2323,2729,2869,2145,1524,870,1476,35941,84,22,44,24,29,27,26,22,12,50,340,20539,5015,9629,3040,3609,3797,2856,2228,1333,2358,54404,Wyndham (C)
27450,553,188,198,245,176,182,91,239,5963,26,5,10,0,0,0,0,8,3,10,62,17567,1292,1580,460,453,469,330,338,163,997,23649,Yarra Ranges (S)
27630,9,4,6,9,21,15,6,9,122,0,0,0,0,0,0,0,0,0,3,3,308,3,13,7,9,9,35,22,9,25,440,Yarriambiack (S)
79499,16,0,6,3,10,46,20,17,150,0,0,0,0,0,0,0,0,0,0,0,176,28,28,3,9,12,28,86,45,40,455,
34580,168,76,55,104,153,177,172,121,1427,3,6,0,0,0,7,8,7,5,3,39,2292,245,375,147,105,172,228,241,229,281,4315,Lockyer Valley (R)
34590,4044,1238,1555,1506,1532,1446,629,1235,27115,82,26,26,12,15,22,9,16,13,45,266,37004,7839,8952,2523,3134,3277,2775,2437,1259,3408,72608,Logan (C)
34710,10,4,12,3,0,3,3,0,52,0,0,0,0,0,0,0,0,0,0,0,146,13,31,4,18,7,9,11,9,15,263,Longreach (R)
34770,543,404,369,470,462,322,195,189,4109,13,5,3,3,3,0,6,3,0,6,42,5887,745,1476,800,707,973,822,667,544,626,13247,Mackay (R)
34800,0,0,0,4,0,0,0,0,16,0,0,0,0,0,0,0,0,3,0,3,36,10,11,4,0,7,0,8,3,6,85,McKinlay (S)
36580,50,45,25,26,24,39,38,47,575,6,0,3,0,0,0,3,8,3,3,26,1773,149,178,80,45,64,41,70,50,160,2610,Somerset (R)
36910,992,371,359,617,665,491,388,296,5668,9,0,6,3,3,7,9,15,9,3,64,7602,1058,1970,676,647,891,936,749,519,738,15786,Toowoomba (R)
36950,12,0,10,3,3,5,5,10,92,0,0,0,3,0,0,0,0,0,0,3,130,17,18,3,14,3,10,14,13,21,243,Torres (S)
37300,16,13,11,7,16,6,6,7,126,0,0,0,0,0,0,0,0,0,0,0,169,35,38,13,17,10,24,17,14,19,356,Weipa (T)
37310,57,38,59,90,58,56,28,40,597,6,0,0,0,0,0,0,3,3,0,12,1010,99,163,77,95,167,94,118,63,118,2004,Western Downs (R)
37340,118,41,61,82,67,143,96,159,1158,8,0,0,0,0,0,0,0,0,8,16,2223,284,437,136,149,206,190,275,188,351,4439,Whitsunday (R)
10150,1765,622,896,1000,825,617,299,603,14106,36,4,7,9,7,12,8,6,3,16,108,8812,1639,2154,724,985,1114,942,723,351,804,18248,Ashfield (A)
10200,5941,1529,2132,2357,2227,1527,892,1935,38011,91,47,34,14,18,40,26,18,5,47,340,16903,5046,6434,1641,2265,2544,2394,1645,944,2167,41983,Auburn (C)
10250,114,29,27,26,48,45,18,36,821,0,0,0,0,0,0,0,0,0,0,0,2868,269,365,90,81,85,117,99,52,191,4217,Ballina (A)
10300,9,4,3,6,0,7,0,11,99,0,0,0,0,0,0,0,0,0,0,0,84,20,24,4,6,6,0,10,0,16,170,Balranald (A)
10350,6031,1495,1426,1576,1331,1160,575,2836,58650,232,42,54,9,12,20,8,11,9,73,470,43006,7064,6797,1664,1587,1777,1484,1275,664,3401,68719,Bankstown (C)
10470,113,31,33,39,40,29,25,231,1023,6,3,0,0,0,0,0,0,0,3,12,1974,219,259,67,73,65,94,67,50,326,3194,Bathurst Regional (A)
10550,56,10,13,14,9,31,12,16,647,4,0,0,0,0,0,0,0,0,0,4,3039,145,171,40,30,43,34,50,29,168,3749,Bega Valley (A)
10600,33,13,0,15,9,6,4,6,256,3,0,0,0,0,0,0,0,0,0,3,1136,82,114,31,20,21,22,27,12,66,1531,Bellingen (A)
10650,13,6,9,12,6,9,0,0,128,0,0,0,0,0,0,0,0,0,0,0,419,37,20,16,9,12,12,15,9,29,578,Berrigan (A)
10750,14019,3502,3594,3880,3073,2208,1227,2921,84174,282,88,135,35,28,43,41,39,15,97,803,55255,15418,17202,4217,4307,4579,3690,2768,1523,4259,113218,Blacktown (C)
10800,7,6,0,0,3,3,0,3,41,3,0,0,0,0,0,0,0,0,0,3,174,7,19,9,0,4,9,6,3,10,241,Bland (A)
11300,1891,690,908,1089,917,622,356,654,14505,36,8,12,8,7,16,15,8,3,64,177,7691,1386,2101,744,974,1195,996,739,423,816,17065,Burwood (A)
11350,169,55,71,48,54,55,18,71,1176,5,0,3,0,0,0,0,0,0,0,8,3215,458,579,147,154,147,142,139,65,269,5315,Byron (A)
11400,14,6,6,9,3,6,0,14,138,0,0,0,0,0,0,0,0,0,0,0,580,43,33,13,21,15,12,17,3,57,794,Cabonne (A)
11450,281,60,75,103,88,47,20,132,3527,18,0,3,0,0,0,0,3,0,5,29,6559,652,590,136,173,212,165,131,52,339,9009,Camden (A)
11500,3372,905,918,964,796,550,374,906,26391,89,38,27,14,14,7,9,4,0,40,242,24677,4944,4348,1089,1121,1155,969,704,467,1659,41133,Campbelltown (C)
11520,2466,694,782,965,770,670,327,780,18751,67,10,10,6,4,6,9,0,0,14,126,14698,2282,3309,879,1009,1225,1011,937,517,1048,26915,Canada Bay (A)
11550,6741,2048,2556,2581,2368,1787,922,2336,57696,218,38,41,8,11,29,24,20,15,85,489,35415,7175,7481,2233,2732,2774,2549,1952,1023,2794,66128,Canterbury (C)
11700,6,0,3,6,0,0,4,3,34,0,0,0,0,0,0,0,0,0,0,0,58,6,12,3,6,6,3,6,4,14,118,Central Darling (A)
11720,60,24,8,20,24,33,39,139,713,3,0,0,0,0,3,0,3,3,3,15,2310,166,195,57,42,63,53,88,72,295,3341,Cessnock (C)
11730,76,16,25,33,26,18,16,54,641,4,0,0,0,0,0,0,3,0,0,7,2744,163,231,39,47,59,50,53,46,212,3644,Clarence Valley (A)
11750,11,7,16,29,9,14,7,3,127,0,0,0,0,0,0,0,0,0,0,0,121,17,30,13,25,42,16,24,11,20,319,Cobar (A)
11800,308,124,143,198,250,216,98,149,2783,6,3,0,3,0,3,3,6,3,12,39,5490,515,706,249,252,321,332,326,155,484,8830,Coffs Harbour (C)
11860,3,0,0,0,0,3,0,0,9,0,0,0,0,0,0,0,0,0,0,0,39,0,7,0,0,0,0,3,0,5,54,Conargo (A)
12000,7,3,0,0,3,0,0,0,29,0,0,0,0,0,0,0,0,0,0,0,123,15,13,9,0,3,3,0,3,6,175,Coolamon (A)
12050,31,9,14,10,22,4,6,40,454,0,0,3,0,0,0,0,0,0,0,3,1063,59,73,15,20,17,27,11,12,66,1363,Cooma-Monaro (A)
12150,3,0,3,0,4,0,0,0,30,0,0,0,0,0,0,0,0,0,0,0,70,0,3,0,3,4,4,0,0,7,91,Coonamble (A)
12200,16,0,3,11,6,3,0,8,75,0,0,0,0,0,0,0,0,0,0,0,299,8,24,3,3,14,13,3,3,22,392,Cootamundra (A)
12300,18,0,7,4,9,6,6,4,139,0,0,0,0,0,0,0,0,0,0,0,619,41,47,11,10,12,17,6,12,31,806,Corowa Shire (A)
17100,2469,743,895,985,783,606,403,634,15965,53,13,28,4,13,7,7,4,3,22,154,8330,1906,2696,807,978,1064,855,679,456,758,18529,Strathfield (A)
17150,1564,342,398,505,379,346,146,541,15285,45,3,11,6,0,0,0,9,4,5,83,24159,3183,3365,748,857,947,798,729,332,1443,36561,Sutherland Shire (A)
17200,6343,2158,2828,3599,3849,3815,2336,2188,42516,100,27,36,11,19,27,37,42,29,50,378,24010,6584,10055,3198,4158,5235,5492,6066,3905,3435,72138,Sydney (C)
17310,119,53,46,77,45,27,31,35,804,3,0,0,3,0,0,0,0,0,0,6,1931,170,238,89,73,110,84,59,53,161,2968,Tamworth Regional (A)
17350,3,0,3,4,4,12,3,3,66,0,0,0,0,0,0,0,0,0,0,0,188,6,7,0,6,4,10,12,3,11,247,Temora (A)
17400,10,0,6,0,5,5,3,5,96,0,0,0,0,0,0,0,0,0,0,0,397,25,29,0,12,0,8,5,6,28,510,Tenterfield (A)
17420,4681,894,1001,997,843,774,406,1007,34983,115,39,20,6,3,6,9,0,6,27,231,32632,6848,6617,1243,1485,1560,1289,1263,714,1701,55352,The Hills Shire (A)
22310,3300,1200,1793,1951,1817,1483,801,980,28073,119,11,26,10,26,28,11,12,7,41,291,23936,3565,5084,1586,2239,2480,2340,1979,1063,1657,45929,Glen Eira (C)
22410,24,32,20,11,30,15,14,22,335,0,0,3,0,0,0,0,0,3,0,6,1033,89,99,62,37,40,47,21,26,71,1525,Glenelg (S)
30900,0,0,0,0,0,0,0,0,0,0,0,0,0,0,0,0,0,0,0,0,9,0,6,0,0,0,0,0,0,0,15,Boulia (S)
31000,21810,6939,9522,13343,12803,10681,6659,6842,151921,324,118,169,54,82,133,148,125,60,201,1414,123177,27386,39292,11511,15074,20138,18653,16497,10496,12975,295199,Brisbane (C)
36300,3,0,3,0,0,0,9,0,18,0,0,0,0,0,0,0,0,0,0,0,23,0,6,0,3,4,0,0,9,3,48,Richmond (S)
36360,501,339,345,442,353,309,167,225,3503,7,0,0,3,0,0,3,3,4,8,28,4823,596,1091,508,565,676,511,482,306,540,10098,Rockhampton (R)
36510,87,17,38,30,35,50,30,76,852,4,3,0,0,0,0,0,0,0,7,14,3637,374,457,112,114,128,118,114,58,316,5428,Scenic Rim (R)
31750,4,0,0,0,0,0,0,0,4,0,0,0,0,0,0,0,0,0,0,0,7,0,4,0,0,0,0,0,6,0,17,Bulloo (S)
31820,223,89,67,151,182,171,147,160,2527,13,3,3,3,0,0,0,0,3,3,28,7079,673,796,218,208,309,306,297,256,609,10751,Bundaberg (R)
31900,34,12,19,26,23,51,43,50,675,6,0,0,0,0,0,0,0,0,0,6,949,45,74,16,26,33,42,97,78,101,1461,Burdekin (S)
31950,3,0,0,0,0,0,0,0,9,0,0,0,0,0,0,0,0,0,0,0,16,3,9,0,4,0,0,0,0,0,32,Burke (S)
32070,1565,551,710,658,748,740,426,672,11121,24,6,8,6,8,6,7,9,3,17,94,16146,2763,3716,1142,1403,1265,1382,1304,825,1649,31595,Cairns (R)
32250,0,3,9,13,3,7,3,0,57,3,0,0,0,3,0,0,0,0,0,6,78,19,3,6,15,16,3,7,3,0,150,Carpentaria (S)
32260,89,46,82,144,164,63,32,96,1559,4,0,3,0,0,3,10,0,0,6,26,2276,162,211,74,123,204,223,99,71,224,3667,Cassowary Coast (R)
32270,158,91,126,120,122,71,36,68,1002,0,0,0,0,3,0,0,0,0,0,3,1183,249,406,178,185,243,194,176,115,190,3119,Central Highlands (R)
32310,23,23,6,13,10,11,6,15,170,0,0,0,0,0,3,0,0,0,0,3,458,28,61,31,15,31,24,24,11,38,721,Charters Towers (R)
36630,44,29,25,54,19,16,11,30,532,6,0,3,0,0,0,3,0,0,3,15,2154,155,146,55,54,82,42,43,25,151,2907,South Burnett (R)
36660,59,34,27,35,50,52,26,88,1020,3,0,0,0,0,0,0,7,0,3,13,2408,177,200,62,43,46,87,90,41,195,3349,Southern Downs (R)
36710,1186,406,469,533,532,451,338,470,9678,36,10,9,0,5,0,12,10,5,11,98,33721,4828,7463,2116,2625,2574,1966,1671,1123,2693,60780,Sunshine Coast (R)
36810,109,38,48,70,77,92,45,129,2083,4,0,0,0,0,0,0,3,3,3,13,4594,322,343,114,95,144,134,169,76,355,6346,Tablelands (R)
32330,0,0,0,0,0,0,0,0,0,0,0,0,0,0,0,0,0,0,0,0,0,0,0,0,0,0,0,0,0,0,0,Cherbourg (S)
32450,4,6,11,17,0,16,3,6,79,0,0,0,0,0,0,0,0,0,0,0,112,19,19,22,17,24,7,29,3,16,268,Cloncurry (S)
32500,14,6,10,17,5,21,33,447,594,0,6,0,0,0,0,0,0,0,0,6,298,36,32,11,16,17,15,29,39,472,965,Cook (S)
32600,0,0,0,0,0,0,0,3,6,0,0,0,0,0,0,0,0,0,0,0,6,0,6,0,0,0,0,0,0,3,15,Croydon (S)
36960,0,0,3,0,0,0,0,0,9,0,0,0,0,0,0,0,0,0,0,0,10,0,0,0,3,0,0,0,3,0,16,Torres Strait Island (R)
37010,1011,451,553,706,712,536,374,414,7514,17,3,12,3,3,10,7,4,6,12,77,11439,1664,2521,906,1150,1423,1238,997,713,1129,23180,Townsville (C)
33830,0,0,0,0,0,0,0,0,0,0,0,0,0,0,0,0,0,0,0,0,0,0,0,0,0,0,0,0,0,0,0,Hope Vale (S)
47700,876,353,355,403,372,269,150,318,7283,26,3,6,7,0,0,8,4,3,25,82,16073,1036,1653,658,663,701,566,426,219,895,22890,Tea Tree Gully (C)
47800,10,0,4,0,4,0,0,7,63,0,0,0,0,0,0,0,0,0,0,0,326,17,28,4,8,7,4,3,6,17,420,The Coorong (DC)
32750,0,0,0,0,0,0,0,3,3,0,0,0,0,0,0,0,0,0,0,0,7,0,3,3,3,3,0,0,3,3,25,Diamantina (S)
35780,3,0,0,0,0,0,0,0,3,0,0,0,0,0,0,0,0,0,0,0,6,0,3,0,0,0,3,0,0,0,12,Northern Peninsula Area (R)
50910,0,0,0,0,0,0,0,3,11,0,0,0,0,0,0,0,0,0,0,0,63,7,6,0,0,0,0,6,0,17,99,Brookton (S)
32770,0,0,0,0,0,8,0,0,8,0,0,0,0,0,0,0,0,0,0,0,3,0,6,0,3,0,0,11,0,0,23,Doomadgee (S)
33100,0,0,3,0,0,0,0,0,3,0,0,0,0,0,0,0,0,0,0,0,42,5,4,0,3,3,0,0,0,12,69,Etheridge (S)
33200,3,3,3,0,0,3,6,0,25,0,0,0,0,0,0,0,0,0,0,0,41,9,6,9,3,0,0,6,6,3,83,Flinders (S)
33220,261,101,95,160,117,92,54,178,2460,6,0,0,3,0,0,0,0,0,0,9,9252,800,1028,313,287,399,286,207,129,639,13340,Fraser Coast (R)
33360,234,174,155,198,142,140,160,114,1896,4,0,3,0,6,3,6,0,0,3,25,3574,433,681,348,330,413,291,329,374,409,7182,Gladstone (R)
33430,5682,1787,2059,2662,2644,2138,1264,1892,39943,149,33,27,6,18,26,23,23,25,49,379,63770,14730,18160,5492,6719,7410,6454,5442,3583,6278,138038,Gold Coast (C)
33610,14,13,20,32,53,20,9,3,209,0,0,0,0,0,0,0,0,0,0,0,257,33,42,18,34,40,69,34,30,23,580,Goondiwindi (R)
33620,98,47,31,58,27,33,23,46,860,3,0,0,3,0,6,0,0,0,3,15,3498,271,381,133,130,131,73,79,56,226,4978,Gympie (R)
33800,21,7,11,22,8,10,8,77,581,0,0,0,0,0,0,0,0,0,6,6,902,52,41,10,24,28,11,21,11,124,1224,Hinchinbrook (S)
34830,0,0,0,0,0,0,0,0,0,0,0,0,0,0,0,0,0,0,0,0,0,0,0,0,0,0,0,0,0,0,0,Mapoon (S)
34860,28,29,32,74,64,20,40,9,327,0,0,0,0,0,0,0,0,0,0,0,274,37,65,34,55,87,87,51,53,35,778,Maranoa (R)
35010,2179,721,940,1161,823,711,466,808,15760,59,12,22,6,7,17,3,3,14,18,161,37691,6284,8663,2820,3429,3771,2571,2082,1298,3101,71710,Moreton Bay (R)
35250,0,0,0,0,0,0,0,0,0,0,0,0,0,0,0,0,0,0,0,0,3,0,0,0,0,0,0,0,0,0,3,Mornington (S)
35300,149,75,135,176,108,102,86,55,1277,0,0,0,3,0,3,0,0,0,3,9,1262,196,313,152,206,293,168,201,153,154,3098,Mount Isa (C)
35600,24,45,4,60,15,5,9,5,179,0,0,0,0,0,0,0,0,0,0,0,111,18,37,51,4,66,21,10,12,13,343,Murweh (S)
35670,0,0,0,0,0,0,0,0,0,0,0,0,0,0,0,0,0,0,0,0,0,0,0,0,0,0,0,0,0,0,0,Napranum (S)
35760,14,12,18,27,24,45,35,21,278,0,0,0,0,0,0,0,0,0,0,0,476,46,45,12,29,35,31,54,42,57,827,North Burnett (R)
35790,0,0,0,0,0,0,0,0,0,0,0,0,0,0,0,0,0,0,0,0,0,0,0,0,0,0,0,0,0,0,0,Palm Island (S)
35800,0,0,0,0,4,6,0,0,22,0,0,0,0,0,0,0,0,0,0,0,51,4,8,0,0,3,4,9,0,0,79,Paroo (S)
36070,0,0,0,0,0,0,0,0,3,0,0,0,0,0,0,0,0,0,0,0,3,0,0,0,0,0,0,0,0,0,3,Pormpuraaw (S)
36150,0,0,0,0,4,0,0,0,14,0,0,0,0,0,0,0,0,0,0,0,40,6,4,0,0,0,4,0,6,4,64,Quilpie (S)
36250,854,287,250,357,250,207,118,271,6000,33,4,11,0,3,4,7,0,6,9,77,16371,2950,4281,1198,1345,1558,1075,833,531,1263,31405,Redland (C)
37550,0,0,0,0,0,0,0,0,0,0,0,0,0,0,0,0,0,0,0,0,0,0,0,0,0,0,0,0,0,0,0,Woorabinda (S)
43080,8,0,0,3,0,4,0,3,24,0,0,0,0,0,0,0,0,0,0,0,38,6,8,0,3,3,9,4,0,3,74,Karoonda East Murray (DC)
37400,0,0,0,0,0,0,3,0,21,0,0,0,0,0,0,0,0,0,0,0,55,3,0,0,0,0,0,4,6,5,73,Winton (S)
41010,8,4,0,4,16,5,0,0,72,0,0,0,0,0,0,0,0,0,0,0,144,14,14,9,7,7,22,8,0,10,235,Ceduna (DC)
41060,1555,620,758,1048,1108,833,383,927,18906,79,5,15,7,3,12,9,6,9,75,220,17280,1556,2171,861,1007,1363,1402,1103,540,1410,28693,Charles Sturt (C)
41140,13,3,3,6,6,3,3,9,103,0,0,0,0,0,0,0,0,0,0,0,640,30,40,12,13,14,13,8,3,48,821,Clare and Gilbert Valleys (DC)
52870,22,12,6,0,17,24,0,21,202,0,0,0,0,0,0,0,0,0,0,0,728,48,66,29,24,11,24,30,11,60,1031,Donnybrook-Balingup (S)
37570,0,0,0,0,0,0,0,0,0,0,0,0,0,0,0,0,0,0,0,0,0,0,0,0,0,0,0,0,0,0,0,Wujal Wujal (S)
37600,0,0,0,0,0,0,0,0,0,0,0,0,0,0,0,0,0,0,0,0,0,0,0,0,0,0,0,0,0,0,0,Yarrabah (S)
39399,4,0,3,0,0,0,7,6,26,0,0,0,0,0,0,0,0,0,3,3,51,7,8,4,3,0,0,5,10,23,111,
39499,60,20,22,55,84,118,205,183,934,3,0,0,0,3,0,0,0,0,3,9,1277,176,195,59,80,117,162,306,605,338,3315,
41330,13,10,11,18,12,9,7,5,281,3,0,0,0,0,0,0,0,0,0,3,326,14,16,10,15,21,12,12,10,17,453,Coober Pedy (DC)
41560,17,6,7,6,4,15,0,16,188,0,0,0,0,0,0,0,0,0,0,0,1062,18,49,12,12,15,12,19,7,72,1278,Copper Coast (DC)
41750,0,0,0,0,0,0,0,3,7,0,0,0,0,0,0,0,0,0,0,0,44,3,0,0,0,0,0,0,0,13,60,Elliston (DC)
54690,0,0,0,0,6,0,0,0,9,0,0,0,0,0,0,0,0,0,0,0,24,0,3,3,4,0,6,4,0,3,47,Koorda (S)
40070,617,291,426,678,910,885,609,323,5464,6,0,0,0,3,7,6,6,3,3,34,1937,293,825,371,491,787,1045,1071,747,449,8016,Adelaide (C)
40120,116,33,59,49,35,25,24,314,1522,3,0,3,0,0,3,0,0,0,0,9,4901,421,546,128,136,128,94,63,50,506,6973,Adelaide Hills (DC)
40220,24,21,18,22,7,19,5,16,465,0,0,0,0,0,0,0,0,0,0,0,3245,134,166,74,47,62,57,49,12,147,3993,Alexandrina (DC)
40250,0,0,0,0,3,0,0,4,24,0,0,0,0,0,0,0,0,0,0,0,26,3,0,0,0,0,3,0,0,4,36,Anangu Pitjantjatjara (AC)
40310,34,3,10,15,7,3,3,27,309,3,0,0,0,0,0,0,0,0,0,3,2079,101,162,64,42,34,47,27,10,110,2676,Barossa (DC)
40430,0,3,0,0,0,0,0,0,17,0,0,0,0,0,0,0,0,0,0,0,170,3,6,6,3,0,0,3,3,7,201,Barunga West (DC)
40520,30,13,17,35,38,24,9,37,616,0,0,0,0,0,0,0,0,0,6,6,925,45,49,21,17,41,46,34,17,69,1264,Berri and Barmera (DC)
46970,24,33,54,39,19,24,42,11,291,0,0,0,0,0,0,0,0,0,0,0,177,35,63,56,79,65,37,36,52,24,624,Roxby Downs (M)
47140,2299,961,1095,1128,1064,1106,594,903,20173,58,11,20,14,13,15,7,21,17,23,199,22092,2124,2971,1205,1307,1373,1247,1278,710,1679,35986,Salisbury (C)
47290,8,0,7,0,0,16,10,11,62,0,0,0,0,0,0,0,0,0,0,0,71,4,17,6,13,3,5,25,10,21,175,Southern Mallee (DC)
47490,0,0,3,3,6,0,0,0,21,0,0,0,0,0,0,0,0,0,0,0,84,5,4,0,3,3,6,0,0,9,114,Streaky Bay (DC)
47630,32,43,27,29,54,53,21,17,323,0,0,0,0,0,0,0,3,0,0,3,247,16,63,60,40,43,71,64,27,29,660,Tatiara (DC)
40700,577,258,309,387,456,482,229,215,5946,12,3,0,3,3,3,3,6,0,12,45,6445,686,1047,368,434,529,591,628,334,426,11488,Burnside (C)
40910,932,461,449,691,734,583,281,424,10982,43,6,9,6,3,7,7,9,3,11,104,9332,787,1294,558,532,793,879,683,324,626,15808,Campbelltown (C)
41190,3,0,0,0,0,0,0,0,9,0,0,0,0,0,0,0,0,0,0,0,51,0,15,0,0,0,3,0,5,3,77,Cleve (DC)
47910,0,0,0,0,0,0,0,0,14,0,0,0,0,0,0,0,0,0,0,0,117,4,9,3,0,0,0,0,3,8,144,Tumby Bay (DC)
62010,0,0,0,0,0,0,4,0,11,0,0,0,0,0,0,0,0,0,0,0,63,3,3,0,0,3,0,0,4,0,76,Flinders (M)
41830,0,0,0,0,7,5,6,0,35,0,0,0,0,0,0,0,0,0,0,0,81,4,4,0,6,0,7,5,6,4,117,Flinders Ranges (DC)
41960,0,0,0,0,6,0,0,0,9,0,0,0,0,0,0,0,0,0,0,0,45,3,6,6,0,0,6,0,0,3,69,Franklin Harbour (DC)
50250,84,28,51,51,23,31,18,19,460,0,0,0,0,0,0,0,0,0,0,0,763,156,248,107,127,147,97,122,77,99,1943,Ashburton (S)
50280,52,42,38,34,33,46,34,16,444,0,0,0,0,0,0,0,3,3,3,9,1365,154,218,88,86,79,91,104,60,94,2339,Augusta-Margaret River (S)
50350,140,62,94,57,76,63,47,59,1395,5,0,0,0,0,0,0,0,0,3,8,2652,236,287,109,172,135,113,116,76,158,4054,Bassendean (T)
50420,1265,564,695,987,919,677,379,493,12317,31,3,5,3,5,10,14,6,7,25,109,12950,1554,1996,808,967,1389,1303,978,602,944,23491,Bayswater (C)
50490,891,422,547,855,652,549,273,359,6950,17,6,12,6,4,19,5,6,0,9,84,5739,850,1338,590,722,1108,844,785,458,649,13083,Belmont (C)
50560,3,7,0,6,0,6,0,0,40,0,0,0,0,0,0,0,0,0,0,0,210,8,11,7,0,6,0,6,0,9,257,Beverley (S)
50630,8,3,13,14,3,4,22,6,100,0,0,0,0,0,0,0,0,0,0,0,180,23,19,9,25,36,20,15,28,17,372,Boddington (S)
50770,0,6,0,0,0,0,0,8,31,0,0,0,0,0,0,0,0,0,0,0,199,7,6,10,0,6,3,7,0,16,254,Boyup Brook (S)
50840,8,3,10,9,10,0,0,6,108,0,0,0,0,0,0,0,0,0,0,0,773,30,51,16,16,15,23,0,3,37,964,Bridgetown-Greenbushes (S)
42030,42,22,23,16,24,19,13,32,581,3,0,0,0,0,0,0,0,0,0,3,3115,118,161,64,57,47,53,45,23,157,3840,Gawler (T)
42110,0,0,6,7,0,10,3,0,57,0,0,0,0,0,0,0,0,0,0,0,319,11,22,0,6,7,0,10,3,18,396,Goyder (DC)
42250,11,7,3,0,4,0,3,40,134,0,0,0,0,0,0,0,0,0,0,0,387,28,43,18,14,9,10,0,7,50,566,Grant (DC)
50980,61,26,60,51,70,85,59,162,738,0,0,0,0,0,3,0,0,0,3,6,901,114,170,67,99,104,136,135,94,210,2030,Broome (S)
51080,3,3,0,0,8,0,0,3,23,0,0,0,0,0,0,0,0,0,0,0,78,3,6,3,0,3,11,0,0,9,113,Broomehill-Tambellup (S)
51120,3,0,6,0,3,3,0,3,27,0,0,0,0,0,0,0,0,0,0,0,64,6,3,0,13,0,9,6,0,10,111,Bruce Rock (S)
51190,165,94,124,215,188,186,79,414,2184,6,0,0,0,0,0,0,0,0,0,6,3362,316,452,201,228,387,323,336,209,661,6475,Bunbury (C)
51260,131,42,49,57,87,65,59,49,833,3,0,0,0,0,0,3,0,0,0,6,3373,263,448,132,171,163,210,147,114,262,5283,Busselton (S)
51310,240,88,99,142,203,186,127,85,2207,11,0,0,0,0,0,0,0,3,0,14,3799,550,766,209,235,326,347,422,308,242,7204,Cambridge (T)
51330,3386,1449,1694,2524,2362,1989,1098,861,23018,37,15,28,10,12,34,36,14,12,19,217,15688,3005,4900,1864,2242,3148,2955,2466,1415,1538,39221,Canning (C)
51400,129,57,72,111,68,41,29,22,696,0,0,0,0,0,0,0,0,0,0,0,1284,197,450,156,212,249,157,121,88,133,3047,Capel (S)
51470,4,3,0,0,0,3,0,0,13,0,0,0,0,0,0,0,0,0,0,0,38,4,12,3,0,6,0,6,0,3,72,Carnamah (S)
51540,34,17,13,22,21,10,6,37,429,6,3,0,0,0,0,0,0,0,0,9,620,53,64,24,30,51,37,22,12,56,969,Carnarvon (S)
51610,3,0,9,0,4,0,0,6,28,0,0,0,0,0,0,0,0,0,0,0,117,4,12,0,12,3,9,0,0,9,166,Chapman Valley (S)
63610,198,77,74,70,59,53,42,74,1366,0,0,0,3,3,0,6,0,0,3,15,3904,370,478,144,145,182,140,122,91,252,5828,Kingborough (M)
42600,229,106,144,198,227,223,141,127,2389,8,0,3,0,0,0,0,0,0,8,19,4274,394,656,280,327,355,475,480,241,400,7882,Holdfast Bay (C)
42750,14,7,11,4,0,9,10,11,106,0,0,0,0,0,0,0,0,0,0,0,405,23,39,11,24,21,3,19,17,34,596,Kangaroo Island (DC)
43220,3,0,0,0,0,0,0,0,6,0,0,0,0,0,0,0,0,0,0,0,26,0,3,0,0,6,0,0,0,3,38,Kimba (DC)
43360,4,6,0,0,0,0,0,0,15,0,0,0,0,0,0,0,0,0,0,0,97,0,13,6,4,0,0,0,7,10,137,Kingston (DC)
43650,19,0,18,10,13,16,3,6,231,0,0,0,0,0,0,0,0,0,0,0,1392,61,98,22,63,44,33,28,12,71,1824,Light (RegC)
43710,7,0,0,3,0,6,3,27,70,0,0,0,0,0,0,0,0,0,0,0,260,5,16,4,0,7,0,6,11,44,353,Lower Eyre Peninsula (DC)
43790,31,19,16,11,41,14,10,34,352,3,0,0,0,0,0,0,0,0,3,6,572,44,56,23,23,17,47,29,21,67,899,Loxton Waikerie (DC)
43920,10,11,6,12,11,6,6,13,246,0,0,0,0,0,0,0,0,0,0,0,986,34,41,14,6,17,17,10,9,50,1184,Mallala (DC)
44000,0,0,0,0,0,0,0,0,0,0,0,0,0,0,0,0,0,0,0,0,0,0,0,0,0,0,0,0,0,0,0,Maralinga Tjarutja (AC)
44060,1160,454,576,659,822,683,350,364,9513,26,12,12,0,3,0,3,9,6,25,96,11071,1362,2123,914,916,1035,1145,1010,529,823,20928,Marion (C)
44210,5,3,9,5,5,13,0,45,163,4,0,0,0,0,0,0,0,0,0,4,765,18,26,6,12,11,10,13,0,78,939,Mid Murray (DC)
44340,670,246,306,414,465,565,310,217,6023,16,4,0,0,0,0,8,6,3,11,48,8052,749,1302,475,518,604,658,723,396,477,13954,Mitcham (C)
44550,90,29,39,40,38,18,9,24,714,4,0,0,0,0,0,0,0,0,0,4,2890,252,360,159,162,108,122,66,27,164,4310,Mount Barker (DC)
44620,65,26,52,58,128,101,41,34,974,3,0,0,0,0,0,0,0,0,0,3,1634,148,159,38,73,96,159,131,50,115,2603,Mount Gambier (C)
44830,7,0,9,0,4,0,0,0,47,0,0,0,0,0,0,0,0,0,0,0,196,7,13,0,12,0,4,0,0,8,240,Mount Remarkable (DC)
45040,127,137,80,74,123,110,62,129,1133,9,0,0,0,0,0,0,3,6,0,18,1176,85,206,154,102,98,144,151,90,194,2400,Murray Bridge (RC)
45090,38,67,20,18,39,60,26,33,371,0,0,0,3,3,0,0,0,3,0,9,362,49,79,79,41,26,67,78,40,53,874,Naracoorte and Lucindale (DC)
45120,0,4,6,6,0,3,0,0,40,0,0,0,0,0,0,0,0,0,0,0,272,13,6,7,6,12,6,3,0,15,340,Northern Areas (DC)
45290,598,272,388,531,595,504,223,287,6362,22,0,0,0,4,3,3,8,3,12,55,5350,381,841,376,481,627,713,631,291,464,10155,Norwood Payneham St Peters (C)
45340,833,374,280,329,308,252,122,330,7194,31,3,0,3,0,5,3,0,0,10,55,23434,1637,2756,1189,1174,1150,1039,731,318,1417,34845,Onkaparinga (C)
45400,0,0,0,0,0,0,0,0,9,0,0,0,0,0,0,0,0,0,0,0,60,0,0,3,3,0,0,0,0,6,72,Orroroo/Carrieton (DC)
45540,0,0,0,3,3,0,0,0,20,0,0,0,0,0,0,0,0,0,0,0,159,0,0,0,0,7,3,0,0,11,180,Peterborough (DC)
45680,695,368,468,252,262,250,138,256,5268,13,0,10,12,9,0,3,3,0,11,61,12412,622,1040,514,589,363,356,302,149,832,17179,Playford (C)
45890,2679,1205,1318,1926,2185,1509,710,1156,23639,83,10,24,32,12,14,22,25,12,21,255,17144,1984,3376,1498,1535,2143,2492,1736,812,1724,34444,Port Adelaide Enfield (C)
46090,50,22,19,32,17,17,3,101,377,0,0,0,0,0,0,0,0,0,3,3,632,20,63,28,26,43,40,34,11,147,1044,Port Augusta (C)
46300,21,13,20,17,14,13,14,20,347,3,0,0,0,0,0,0,0,0,0,3,889,26,58,23,35,34,29,27,21,61,1203,Port Lincoln (C)
46450,39,13,8,25,22,8,9,21,411,3,0,0,0,0,0,0,0,0,0,3,929,49,74,25,22,38,38,26,25,84,1310,Port Pirie City and Dists (M)
46510,238,141,244,414,372,282,120,155,3446,3,0,6,0,0,6,6,3,0,7,31,2771,184,334,161,276,448,416,338,146,232,5306,Prospect (C)
46670,50,29,21,31,85,52,24,38,794,6,0,0,0,6,3,3,0,0,0,18,797,57,72,29,27,38,102,52,28,69,1271,Renmark Paringa (DC)
46860,0,0,0,3,3,0,0,0,14,0,0,0,0,0,0,0,0,0,0,0,72,8,3,3,6,3,3,0,0,0,98,Robe (DC)
47980,469,184,247,356,436,436,203,218,4575,12,0,7,3,0,0,0,7,3,3,35,4586,344,807,273,318,447,539,547,269,400,8530,Unley (C)
48050,27,7,7,8,10,7,14,10,279,0,0,0,0,0,0,0,0,0,0,0,2178,73,105,28,33,46,22,24,25,129,2663,Victor Harbor (C)
48130,9,12,11,17,13,10,13,19,156,0,0,0,0,0,0,0,0,0,0,0,475,19,29,15,15,20,17,16,13,47,666,Wakefield (DC)
51960,30,17,29,35,7,6,3,7,188,3,0,0,0,3,0,0,0,0,0,6,293,86,89,32,67,109,19,57,34,44,830,Coolgardie (S)
52030,3,0,0,0,3,6,7,0,25,0,0,0,0,0,0,0,0,0,0,0,75,6,10,4,5,0,6,9,10,3,128,Coorow (S)
48260,94,46,44,57,67,68,27,37,914,0,0,0,0,0,0,0,0,0,3,3,1075,102,146,60,53,75,94,89,38,85,1817,Walkerville (M)
48340,11,15,7,6,3,9,9,9,200,3,0,0,0,0,0,0,0,0,0,3,821,50,42,18,26,18,9,15,17,41,1057,Wattle Range (DC)
48410,1091,537,708,1057,1176,810,362,430,11264,38,0,13,6,0,11,12,15,8,22,125,7733,876,1425,670,817,1212,1344,956,448,679,16160,West Torrens (C)
48540,69,83,107,89,63,36,37,63,1067,6,0,0,0,0,0,0,0,3,3,12,3381,82,139,106,132,115,92,63,48,212,4370,Whyalla (C)
52660,72,14,29,28,16,9,3,31,349,0,0,0,0,0,0,0,0,6,0,6,1083,143,184,59,106,98,63,50,29,127,1942,Dardanup (S)
52730,7,0,3,3,7,12,5,3,121,3,0,0,0,0,0,0,0,0,0,3,993,67,70,6,15,15,21,15,9,34,1245,Denmark (S)
52800,28,6,7,16,15,23,10,1337,1489,0,0,0,0,0,0,0,0,0,3,3,220,30,46,10,18,33,28,54,31,1359,1829,Derby-West Kimberley (S)
48640,0,0,0,0,3,6,0,0,12,0,0,0,0,0,0,0,0,0,3,3,31,0,3,0,0,3,3,6,0,6,52,Wudinna (DC)
48750,0,0,0,0,3,3,0,7,53,0,0,0,0,0,0,0,0,0,0,0,703,29,11,4,0,9,9,9,0,50,824,Yankalilla (DC)
48830,9,0,0,3,6,7,0,6,120,3,0,0,0,0,0,0,0,0,0,3,890,17,20,9,4,3,11,7,4,42,1007,Yorke Peninsula (DC)
49399,9,4,4,13,4,3,3,16,105,0,0,0,0,0,0,0,0,0,0,0,285,19,26,7,13,19,12,9,10,28,428,Unincorporated SA
49499,22,9,7,32,19,33,40,54,285,0,0,0,0,0,0,0,3,0,3,6,293,21,41,12,7,41,25,66,79,84,669,
50080,153,88,85,173,123,62,54,358,1683,6,0,3,0,3,0,0,0,0,0,12,4242,276,404,179,172,299,201,117,72,589,6551,Albany (C)
54130,3,0,3,0,0,3,0,0,15,0,0,0,0,0,0,0,0,0,0,0,53,8,18,0,6,6,7,3,9,8,118,Jerramungup (S)
54170,1457,475,568,822,708,593,345,475,11750,45,6,10,3,6,3,0,6,6,23,108,29253,5087,7537,2337,2534,2936,2275,2038,1329,2098,57424,Joondalup (C)
54200,369,157,255,200,146,124,95,141,3153,18,3,0,0,6,0,0,3,0,6,36,9665,933,1296,429,572,540,324,322,246,615,14942,Kalamunda (S)
50210,721,325,384,476,352,223,129,193,4705,14,0,4,3,6,11,0,6,3,11,58,11344,1179,1831,708,717,890,599,374,270,767,18679,Armadale (C)
51680,35,3,3,0,0,3,3,4,107,0,0,0,0,0,0,0,0,0,0,0,716,48,159,31,39,12,19,3,3,26,1056,Chittering (S)
51750,78,52,46,75,96,91,59,38,810,0,0,0,0,0,0,0,0,0,0,0,1340,212,255,83,105,139,151,184,135,137,2741,Claremont (T)
51820,1520,598,700,903,728,585,351,638,13059,35,8,8,3,4,8,9,15,11,14,115,14993,2524,3145,1149,1295,1638,1308,1050,711,1278,29091,Cockburn (C)
51890,50,14,14,26,9,12,3,22,296,0,0,0,0,0,0,0,0,0,0,0,829,53,105,39,45,72,37,34,11,97,1322,Collie (S)
52100,3,0,0,3,0,0,0,0,15,0,0,0,0,0,0,0,0,0,0,0,70,0,6,6,3,9,0,6,3,6,109,Corrigin (S)
52170,31,5,14,25,35,55,10,16,328,0,0,0,0,0,0,0,0,0,0,0,875,117,136,41,50,75,132,148,118,78,1770,Cottesloe (T)
52240,8,3,0,4,3,0,0,0,24,0,0,0,0,0,0,0,0,0,0,0,98,11,23,9,0,4,6,3,0,4,158,Cranbrook (S)
52310,0,0,0,4,4,0,0,0,17,0,0,0,0,0,0,0,0,0,0,0,89,6,6,0,0,4,4,5,0,3,117,Cuballing (S)
52380,0,0,0,0,0,0,0,4,4,0,3,0,0,0,0,0,0,0,0,3,23,3,0,0,0,5,0,0,3,8,42,Cue (S)
52450,6,0,0,7,16,10,16,3,65,0,0,0,0,0,0,0,0,0,0,0,98,16,13,3,0,7,16,13,19,13,198,Cunderdin (S)
52520,10,0,0,3,3,7,5,3,40,0,0,0,0,0,0,0,0,0,0,0,75,11,30,3,3,6,11,10,11,6,166,Dalwallinu (S)
52590,11,5,4,0,0,13,13,23,108,0,0,0,3,0,0,0,0,0,0,3,248,26,25,11,14,22,4,39,16,45,450,Dandaragan (S)
52940,0,0,0,0,0,0,0,0,6,0,0,0,0,0,0,0,0,0,0,0,42,0,4,0,0,0,0,0,0,3,49,Dowerin (S)
53010,4,0,0,0,0,0,0,0,7,0,0,0,0,0,0,0,0,0,0,0,41,0,11,3,4,3,4,0,0,3,69,Dumbleyung (S)
53080,10,3,6,9,3,6,3,3,53,0,0,0,0,0,0,0,0,0,0,0,120,10,27,3,13,19,7,15,3,15,232,Dundas (S)
53150,21,11,16,25,39,18,11,30,418,0,0,0,0,0,0,0,0,0,5,5,1067,117,146,48,46,57,70,45,38,118,1752,East Fremantle (T)
53220,75,48,108,92,56,38,20,29,647,3,3,0,0,0,0,0,0,0,0,6,923,163,253,136,206,220,138,125,104,93,2361,East Pilbara (S)
53290,52,18,39,50,51,21,15,19,382,3,0,0,0,0,0,0,0,0,0,3,1001,118,169,44,67,98,87,43,46,86,1759,Esperance (S)
53360,14,7,6,13,14,15,3,0,97,0,0,0,0,0,0,0,0,0,0,0,238,19,29,16,10,13,21,33,3,18,400,Exmouth (S)
53430,232,97,94,126,119,135,78,199,2982,17,0,6,0,0,0,3,5,0,12,43,5076,440,651,224,245,306,311,364,238,465,8320,Fremantle (C)
53520,131,52,117,158,110,95,97,352,1602,7,3,0,3,6,0,0,0,0,3,22,2764,263,396,129,249,311,252,210,165,537,5276,Geraldton-Greenough (C)
53570,13,31,19,19,30,21,24,3,252,0,0,0,0,0,0,0,0,0,0,0,692,44,83,46,32,27,46,28,31,38,1067,Gingin (S)
53640,3,0,0,0,7,0,0,0,17,0,0,0,0,0,0,0,0,0,0,0,64,5,12,0,6,3,7,7,0,3,107,Gnowangerup (S)
54280,305,139,288,391,223,207,130,233,2322,0,0,0,3,0,0,3,0,6,3,15,2040,399,842,318,597,828,445,531,394,503,6897,Kalgoorlie/Boulder (C)
53710,0,6,5,0,9,0,0,0,24,0,0,0,0,0,0,0,0,0,0,0,62,6,3,9,5,0,9,0,0,0,94,Goomalling (S)
54760,0,0,0,3,0,3,3,0,17,0,0,0,0,0,0,0,0,0,0,0,50,3,6,3,8,9,0,3,3,3,88,Kulin (S)
54830,350,161,199,230,172,91,130,654,2803,7,3,0,6,3,4,4,0,0,3,30,4425,491,786,372,399,488,346,216,218,900,8641,Kwinana (T)
54900,0,0,6,11,17,9,0,0,52,0,0,0,0,0,0,0,0,0,0,0,75,12,16,6,6,14,17,15,7,12,180,Lake Grace (S)
53780,2819,1216,1494,1821,1400,1091,517,1437,19048,41,12,33,3,16,18,15,17,3,25,183,19034,3249,4751,1787,2152,2620,1887,1602,855,2288,40225,Gosnells (C)
53920,10,3,0,10,6,8,3,0,50,0,0,0,0,0,0,0,0,0,0,0,49,10,13,6,0,16,9,14,9,5,131,Halls Creek (S)
53990,87,42,89,103,61,64,57,61,888,11,0,0,0,0,0,0,0,3,4,18,2265,264,439,219,284,238,143,141,105,230,4328,Harvey (S)
54060,14,3,6,3,0,3,6,0,62,0,0,0,0,0,0,0,0,0,0,0,343,20,41,18,12,6,16,6,15,17,494,Irwin (S)
54340,38,101,71,90,43,15,11,12,448,0,0,0,0,3,0,0,0,0,3,6,287,41,63,114,77,106,57,23,14,44,826,Katanning (S)
54410,3,0,3,0,0,3,0,0,22,0,0,0,0,0,0,0,0,0,0,0,89,6,3,3,3,3,3,3,0,6,119,Kellerberrin (S)
54480,0,0,0,4,0,0,0,0,4,0,3,0,0,0,0,0,0,0,0,3,27,3,7,0,3,4,0,0,0,0,44,Kent (S)
54550,3,0,3,0,3,0,0,0,43,0,0,0,0,0,0,0,0,0,3,3,159,23,23,6,9,12,12,6,0,15,265,Kojonup (S)
54620,5,0,0,0,0,6,0,0,15,0,0,0,0,0,0,0,0,0,0,0,68,5,16,0,5,3,3,11,10,6,127,Kondinin (S)
54970,10,7,4,6,3,5,0,0,64,0,0,0,0,0,0,0,0,0,0,0,117,17,21,20,14,16,15,14,5,8,247,Laverton (S)
55040,28,9,9,14,8,17,0,113,240,0,0,0,0,0,0,0,0,0,0,0,194,49,56,22,25,36,30,30,17,133,592,Leonora (S)
55110,386,189,191,319,255,212,107,204,2896,12,0,6,0,0,0,4,0,0,11,33,9649,846,1652,752,819,1092,787,672,431,928,17628,Mandurah (C)
55180,29,7,17,14,5,9,7,18,320,0,0,0,0,0,0,0,0,0,0,0,1093,49,74,20,29,21,11,22,13,77,1409,Manjimup (S)
55250,4,8,3,15,3,3,0,6,51,0,0,0,0,0,0,0,0,0,3,3,68,12,11,13,10,25,9,14,12,13,187,Meekatharra (S)
55320,1691,544,710,889,781,711,445,471,13668,46,6,16,3,7,12,15,7,7,21,140,18030,2722,3530,1032,1198,1543,1329,1281,859,1117,32641,Melville (C)
56520,13,3,16,30,11,6,11,9,172,0,0,0,0,0,0,0,0,0,0,0,355,34,35,6,24,42,21,15,14,28,574,Narrogin (T)
56580,243,52,97,107,180,190,123,70,2206,6,0,3,0,3,0,0,0,0,0,12,3553,618,745,148,230,242,355,344,259,234,6728,Nedlands (C)
55390,3,0,0,0,0,0,0,0,3,0,0,0,0,0,0,0,0,0,0,0,8,0,3,0,0,0,0,3,3,0,17,Menzies (S)
55460,12,5,3,7,17,55,19,17,169,0,0,3,0,0,0,0,0,0,0,3,213,35,42,5,9,18,23,74,27,35,481,Merredin (S)
55530,0,0,0,0,4,0,0,0,4,0,0,0,0,0,0,0,0,0,0,0,18,6,0,4,0,3,4,0,0,4,39,Mingenew (S)
55600,7,4,0,11,4,3,4,4,47,0,0,0,0,0,0,0,0,0,0,0,145,24,34,13,6,23,15,9,11,16,296,Moora (S)
56620,0,0,0,0,0,0,0,0,0,0,0,0,0,0,0,0,0,0,0,0,4,4,0,0,0,0,0,0,0,0,8,Ngaanyatjarraku (S)
55670,0,0,0,0,3,6,0,0,18,0,0,0,0,0,0,0,0,0,0,0,46,9,7,0,0,10,6,6,0,8,92,Morawa (S)
56930,11,0,3,7,6,8,8,0,84,0,0,0,0,0,0,0,0,0,0,0,187,27,51,11,3,19,9,19,19,24,369,Peppermint Grove (S)
55740,129,22,61,72,86,61,61,38,880,0,0,0,0,0,0,0,3,3,3,9,1192,230,387,84,130,161,182,159,151,128,2804,Mosman Park (T)
55810,0,3,3,3,0,0,3,3,21,0,0,0,0,0,0,0,0,0,0,0,45,6,6,6,6,9,3,0,3,6,90,Mount Magnet (S)
55880,0,0,0,3,0,0,0,0,6,0,0,0,0,0,0,0,0,0,0,0,32,6,0,0,0,3,0,0,0,0,41,Mount Marshall (S)
55950,0,0,0,0,0,3,0,0,3,0,0,3,0,0,0,0,0,0,0,3,22,0,9,3,0,3,0,3,0,6,46,Mukinbudin (S)
56020,0,0,3,6,0,0,0,0,17,3,0,0,0,0,0,0,0,0,0,3,35,7,3,3,6,9,0,0,3,4,70,Mullewa (S)
56090,130,44,45,59,48,30,29,1380,2653,3,3,0,0,0,0,0,3,3,0,12,6261,498,662,208,180,166,155,103,75,1681,9989,Mundaring (S)
57080,580,239,337,413,574,672,489,291,4682,3,0,7,3,0,3,0,7,3,6,32,2339,445,898,343,492,623,850,1182,961,495,8628,Perth (C)
57140,3,0,0,3,0,0,3,0,24,0,0,0,0,0,0,0,0,0,0,0,135,0,11,0,0,6,3,3,3,6,167,Pingelly (S)
57210,15,19,11,15,20,13,7,96,269,0,0,0,0,0,0,0,0,0,0,0,652,60,47,26,19,22,26,13,10,131,1006,Plantagenet (S)
57280,118,86,89,70,83,77,36,17,876,3,0,3,0,0,0,0,0,0,3,9,1015,237,305,163,197,194,162,177,93,102,2645,Port Hedland (T)
57350,0,0,0,3,0,0,0,0,11,0,0,0,0,0,0,0,0,0,0,0,82,4,8,0,0,3,0,0,0,0,97,Quairading (S)
57420,8,3,3,14,0,10,6,3,71,0,0,0,0,0,0,0,0,0,0,0,195,26,31,10,6,25,12,24,14,13,356,Ravensthorpe (S)
57490,592,264,333,433,327,223,151,246,4731,21,3,11,0,0,5,7,6,0,10,63,17216,2023,3315,1443,1797,2140,1487,1129,767,1412,32729,Rockingham (C)
57560,194,126,151,247,168,184,143,237,1845,6,3,0,3,0,0,0,0,0,3,15,1638,305,525,266,260,432,328,347,248,357,4706,Roebourne (S)
56160,0,3,7,0,0,0,0,0,10,0,0,0,0,0,0,0,0,0,0,0,4,0,0,3,7,0,0,0,0,0,14,Murchison (S)
56230,23,12,10,14,15,9,12,15,262,0,0,0,0,0,0,0,0,0,0,0,1985,126,180,41,55,47,37,37,31,107,2646,Murray (S)
56300,3,0,3,6,6,0,0,0,28,0,0,0,0,0,0,0,0,0,0,0,190,19,17,3,3,12,6,5,4,13,272,Nannup (S)
61010,3,0,0,0,0,3,0,0,25,0,0,0,0,0,0,0,0,0,0,0,147,11,12,0,3,3,0,3,0,4,183,Central Highlands (M)
61210,17,4,11,9,18,5,3,6,114,0,3,0,0,0,0,0,0,0,0,3,352,82,64,11,17,25,52,38,19,27,687,Circular Head (M)
61410,147,57,46,81,77,75,59,69,1252,3,0,0,0,0,5,0,3,0,0,11,3657,261,365,106,110,151,148,126,79,221,5224,Clarence (C)
61510,9,0,0,0,3,0,0,7,76,0,0,0,0,0,0,0,0,0,0,0,578,33,43,8,12,9,10,8,0,31,732,Derwent Valley (M)
61610,46,17,19,43,37,25,6,25,422,0,0,0,0,0,0,0,0,0,0,0,1530,94,128,41,33,60,60,32,12,94,2084,Devonport (C)
61810,15,0,7,0,6,3,0,0,77,0,0,0,0,3,0,0,0,0,0,3,392,28,39,4,14,0,21,3,0,14,515,Dorset (M)
56370,0,0,7,3,0,0,0,4,22,0,0,0,0,0,0,0,0,0,0,0,46,12,4,0,7,6,3,7,0,8,93,Narembeen (S)
56450,0,5,8,9,0,0,0,0,28,0,0,0,0,0,0,0,0,0,0,0,70,9,9,5,11,9,0,0,0,3,116,Narrogin (S)
62210,3,0,3,0,0,7,0,11,100,0,0,0,0,0,0,0,0,0,0,0,608,24,20,8,9,8,3,10,0,43,733,George Town (M)
62410,6,4,3,4,3,0,0,6,76,0,0,0,0,0,0,0,0,0,3,3,344,21,31,4,7,7,6,9,0,22,451,Glamorgan/Spring Bay (M)
62610,327,114,139,187,192,223,98,98,2454,3,0,3,0,0,0,0,0,3,6,15,2930,214,456,142,166,204,209,251,109,235,4916,Glenorchy (C)
62810,529,263,328,477,573,514,301,236,4750,17,0,0,3,0,3,0,3,3,6,35,5123,549,947,360,423,617,703,645,416,420,10203,Hobart (C)
63010,28,10,9,19,19,14,7,15,320,0,0,0,0,0,0,0,0,0,0,0,1628,97,116,68,38,47,33,24,15,71,2137,Huon Valley (M)
63210,14,3,5,6,3,7,0,6,119,0,0,0,0,0,0,0,0,0,0,0,521,37,49,17,5,13,6,13,3,33,697,Kentish (M)
63410,6,0,0,6,9,0,7,11,58,0,0,0,0,0,0,0,0,0,0,0,126,19,13,5,4,6,9,3,7,24,216,King Island (M)
56730,24,44,31,45,42,19,7,20,421,0,0,0,0,0,3,0,0,0,3,6,1159,81,82,63,55,62,59,31,21,81,1694,Northam (S)
56790,0,0,0,7,7,0,0,0,42,0,0,0,0,0,0,0,0,0,0,0,318,16,25,3,9,14,15,3,3,24,430,Northampton (S)
56860,0,0,0,0,0,0,0,0,0,0,0,0,0,0,0,0,0,0,0,0,19,0,0,0,0,0,0,0,0,0,19,Nungarin (S)
57000,3,0,0,3,0,3,0,3,33,0,0,0,0,0,0,0,0,0,0,0,73,15,15,8,9,16,5,10,3,7,161,Perenjori (S)
57630,0,0,0,0,0,0,0,0,0,0,0,0,0,0,0,0,0,0,0,0,14,0,0,0,0,3,0,0,0,0,17,Sandstone (S)
57700,55,26,20,46,9,17,9,271,768,3,0,0,0,0,0,0,0,0,3,6,2796,286,322,98,90,117,53,51,38,440,4291,Serpentine-Jarrahdale (S)
57770,4,0,0,3,0,3,0,3,22,0,0,0,0,0,0,0,0,0,0,0,108,7,13,0,5,8,4,3,0,6,154,Shark Bay (S)
57840,965,323,402,610,646,663,521,335,6897,9,0,10,3,3,6,4,0,0,12,47,6328,1040,1638,520,644,908,929,1031,778,690,14506,South Perth (C)
57910,4637,1685,2009,2627,2663,1984,1190,1571,35627,96,22,28,6,17,20,30,11,16,45,291,34521,5462,7824,2548,3126,4111,3900,3326,2200,2985,70003,Stirling (C)
57980,299,128,200,323,406,408,280,99,2873,0,0,0,0,0,0,0,8,0,4,12,2572,416,630,222,320,524,616,709,489,259,6757,Subiaco (C)
58050,1649,622,655,788,657,447,242,728,12837,46,8,18,6,3,6,9,0,6,17,119,18028,2866,3513,1317,1336,1592,1119,845,547,1565,32728,Swan (C)
58190,0,0,0,0,0,0,0,0,0,0,0,0,0,0,0,0,0,0,0,0,24,3,0,0,0,6,3,0,3,3,42,Tammin (S)
58260,0,3,6,4,9,3,0,3,35,0,0,0,0,0,0,0,0,0,0,0,48,6,6,3,6,9,9,3,0,9,99,Three Springs (S)
63810,11,0,7,11,11,3,9,0,134,0,0,0,0,0,0,0,0,0,0,0,663,34,48,15,19,28,17,10,9,32,875,Latrobe (M)
64010,361,144,180,300,356,420,259,137,2949,6,0,7,3,0,0,0,3,6,0,25,4006,307,617,232,259,403,453,516,327,319,7439,Launceston (C)
64210,40,5,14,9,16,15,3,9,321,0,0,0,0,0,0,0,0,0,0,0,1514,98,126,30,35,23,22,30,9,75,1962,Meander Valley (M)
64610,15,6,6,8,6,3,0,5,126,0,0,0,0,0,0,0,0,0,0,0,807,55,48,17,28,21,6,9,0,46,1037,Northern Midlands (M)
64810,20,6,7,3,3,0,0,5,153,0,0,0,0,0,0,0,0,0,0,0,853,54,89,18,34,13,17,8,6,50,1142,Sorell (M)
65010,6,3,0,0,0,0,0,0,34,0,0,0,0,0,0,0,0,0,0,0,278,12,25,13,0,6,9,0,0,17,360,Southern Midlands (M)
65210,0,3,0,0,3,3,0,3,29,0,0,0,0,0,0,0,0,0,0,0,224,9,17,3,3,3,9,6,3,16,293,Tasman (M)
65410,21,0,6,13,3,9,3,9,157,0,0,0,0,0,0,0,0,0,0,0,1021,57,69,16,9,30,17,9,7,55,1290,Waratah/Wynyard (M)
65610,12,0,7,15,8,4,0,9,89,0,0,0,0,0,0,0,0,0,0,0,257,10,21,7,10,15,14,10,3,21,368,West Coast (M)
65810,97,38,25,31,32,24,8,35,642,7,0,0,0,0,0,0,0,0,3,10,2257,151,210,73,58,68,67,49,25,125,3083,West Tamar (M)
69499,6,0,0,3,7,22,9,10,64,0,0,0,0,0,0,0,0,0,0,0,76,8,11,0,4,9,11,25,19,17,180,
58330,16,0,0,4,0,0,4,4,96,0,0,0,0,0,0,0,0,0,0,0,732,49,58,13,13,15,10,16,7,36,949,Toodyay (S)
70200,304,169,202,215,252,209,109,88,2040,6,0,0,6,0,0,3,0,6,6,27,1836,351,600,250,313,328,410,413,279,237,5017,Alice Springs (T)
58400,0,0,0,0,0,0,0,0,9,0,0,0,0,0,0,0,0,0,0,0,50,0,0,0,0,0,0,0,0,3,53,Trayning (S)
99399,23,13,7,14,5,22,14,634,1090,8,0,0,3,0,0,0,0,4,0,15,459,24,35,19,7,22,5,26,21,642,1260,Unincorp. Other Territories
99499,0,0,0,3,0,0,0,0,3,0,0,0,0,0,0,0,0,0,0,0,3,0,0,0,0,3,0,3,0,0,9,
58470,0,0,0,0,0,0,0,0,0,0,0,0,0,0,0,0,0,0,0,0,4,0,0,0,0,0,3,0,0,0,7,Upper Gascoyne (S)
58510,940,432,570,868,893,695,650,392,7322,7,3,8,4,3,8,11,3,6,12,65,4800,809,1432,603,777,1138,1146,950,895,659,13209,Victoria Park (T)
58540,5,3,4,4,4,7,0,0,27,0,0,0,0,0,0,0,0,0,0,0,65,11,14,3,8,7,4,11,4,3,130,Victoria Plains (S)
58570,421,191,283,372,358,376,250,332,5406,15,3,0,0,0,3,3,6,0,8,38,5696,628,851,353,493,700,663,733,567,592,11276,Vincent (T)
58610,3,6,0,3,3,0,0,3,41,0,0,0,0,0,0,0,0,0,0,0,206,12,19,12,4,6,6,0,3,16,284,Wagin (S)
58680,0,0,0,5,0,0,0,0,14,0,0,0,0,0,0,0,0,0,0,0,47,6,0,3,0,5,0,0,0,0,61,Wandering (S)
58760,3260,1094,1238,1533,1075,824,466,817,19801,69,9,35,6,10,9,8,28,3,41,218,25674,5323,8983,3513,4040,4102,2843,2206,1351,2421,60456,Wanneroo (C)
58820,3,3,9,6,3,7,0,17,142,0,0,0,0,0,0,0,0,0,3,3,455,26,18,14,15,6,6,7,5,39,591,Waroona (S)
58890,0,0,0,0,7,0,0,0,13,0,0,0,0,0,0,0,0,0,0,0,61,8,3,0,0,4,7,0,0,0,83,West Arthur (S)
59030,0,0,0,0,0,0,0,0,4,0,0,0,0,0,0,0,3,0,0,3,29,4,5,0,0,0,0,3,6,0,47,Westonia (S)
59100,3,3,0,0,0,0,0,0,6,0,0,0,0,0,0,0,0,0,0,0,37,0,6,6,6,3,0,0,0,6,64,Wickepin (S)
59170,4,0,0,0,0,0,0,0,4,0,0,0,0,0,0,0,0,0,0,0,58,0,9,0,5,0,4,0,3,0,79,Williams (S)
59250,14,8,9,8,3,3,0,7,86,0,0,0,0,0,0,0,0,0,0,0,98,30,37,18,18,20,12,13,5,23,274,Wiluna (S)
59310,3,7,3,0,8,0,3,0,31,0,0,0,0,0,0,0,0,0,0,0,78,9,16,10,9,5,12,4,6,4,153,Wongan-Ballidu (S)
59320,0,0,0,0,0,0,0,0,0,0,0,0,0,0,0,0,0,0,0,0,40,0,0,0,0,0,0,0,0,4,44,Woodanilling (S)
59330,0,3,3,0,0,3,0,0,12,0,0,0,0,0,0,0,0,0,0,0,48,0,6,3,3,0,0,3,0,4,67,Wyalkatchem (S)
59340,23,21,17,27,31,46,22,51,327,3,0,0,0,0,0,0,0,0,0,3,426,58,65,40,47,48,57,82,45,79,947,Wyndham-East Kimberley (S)
59350,0,0,0,0,0,0,0,0,9,0,0,0,0,0,0,0,0,0,0,0,31,6,7,3,3,3,3,3,3,3,65,Yalgoo (S)
59360,8,6,7,10,0,3,6,0,52,0,0,0,0,0,0,0,0,0,0,0,101,20,23,19,18,18,11,16,25,15,266,Yilgarn (S)
59370,3,0,3,3,4,0,0,3,61,0,0,0,0,0,0,0,0,0,0,0,456,37,38,3,6,6,12,6,3,39,606,York (S)
59399,6,0,0,0,4,0,0,9,30,0,0,0,0,0,0,0,0,0,0,0,43,17,21,3,0,8,4,3,0,16,115,
59499,45,22,26,35,27,83,171,149,674,0,0,0,0,0,0,0,0,0,0,0,826,107,129,52,62,77,96,217,495,225,2286,
60210,0,9,8,6,3,0,0,6,95,0,0,0,0,0,0,0,0,0,0,0,631,27,26,13,11,6,9,3,5,29,760,Break O'Day (M)
60410,11,3,3,3,9,12,0,15,171,0,0,0,0,0,0,0,0,3,0,3,561,19,51,12,6,6,17,16,6,54,748,Brighton (M)
60610,60,27,22,33,28,27,18,20,391,0,0,0,0,0,0,0,0,0,0,0,1047,78,105,32,53,60,46,63,40,65,1589,Burnie (C)
60810,28,4,6,3,6,6,0,12,239,3,0,3,0,0,0,0,0,0,0,6,1476,65,99,21,21,21,19,17,3,82,1824,Central Coast (M)
70420,24,7,4,13,10,7,16,4,146,0,0,0,0,0,0,0,0,0,0,0,188,22,50,7,4,17,17,20,28,29,382,Barkly (S)
70540,0,0,0,0,0,0,0,0,0,0,0,0,0,0,0,0,0,0,0,0,0,0,0,0,0,0,0,0,0,0,0,Belyuen (S)
70620,4,4,7,0,0,0,0,3,29,0,0,0,0,0,0,0,0,0,0,0,45,4,8,4,7,0,0,4,6,3,81,Central Desert (S)
70700,3,0,0,8,4,0,0,4,44,0,3,0,0,0,0,0,0,0,0,3,106,11,9,0,3,8,7,0,0,8,152,Coomalie (S)
71000,1036,562,796,995,1021,845,543,1222,11423,18,7,10,0,6,7,16,14,3,20,101,8567,1140,1659,775,1009,1293,1382,1232,791,1608,19456,Darwin (C)
71300,0,0,0,0,0,3,0,0,9,0,0,0,0,0,0,0,0,0,0,0,3,3,3,0,3,0,0,3,3,0,18,East Arnhem (S)
72200,35,23,18,35,50,23,22,21,376,0,0,0,0,0,0,0,3,0,0,3,537,61,77,36,29,55,67,47,36,43,988,Katherine (T)
72300,43,9,11,17,24,29,20,30,618,0,0,0,0,0,0,0,0,0,3,3,1721,141,151,39,25,51,30,43,29,104,2334,Litchfield (M)
72330,3,0,6,4,6,3,0,19,44,0,0,0,0,0,0,0,0,0,3,3,23,4,7,0,10,4,9,3,8,25,93,MacDonnell (S)
72800,238,125,122,157,155,115,40,103,1798,0,3,0,3,6,0,0,3,0,6,21,2073,318,458,202,197,253,262,154,81,213,4211,Palmerston (C)
73600,0,0,0,0,0,13,5,4,30,0,0,0,0,0,0,0,0,0,0,0,57,6,8,0,6,0,3,19,8,12,119,Roper Gulf (S)
74050,0,0,0,0,0,0,0,0,0,0,0,0,0,0,0,0,0,0,0,0,0,0,0,0,0,0,0,0,0,0,0,Tiwi Islands (S)
74500,4,0,0,0,7,0,0,6,33,0,0,0,0,0,0,0,0,0,0,0,61,6,14,0,0,0,11,3,3,11,109,Victoria-Daly (S)
74560,3,0,0,0,0,0,0,0,6,0,0,0,0,0,0,0,0,0,0,0,51,3,6,0,0,0,0,0,0,0,60,Wagait (S)
74660,15,3,7,15,5,9,10,17,119,0,0,0,0,0,0,0,0,0,3,3,79,20,34,11,10,21,17,15,14,24,245,West Arnhem (S)
79399,72,34,34,49,37,45,34,133,624,0,0,0,0,0,0,0,0,0,0,0,587,85,167,51,68,86,75,89,74,175,1457,Unincorporated NT
89399,6614,1778,2292,2769,3392,2887,1900,1806,47564,127,32,46,17,21,25,44,27,11,44,394,47450,6589,9106,2423,2921,3542,4314,3893,2598,3329,86165,Unincorporated ACT
89499,6,3,6,11,3,10,18,9,81,0,0,0,0,0,0,0,0,0,3,3,59,9,12,3,6,11,3,13,31,12,159,
