lga_code_2016,earners_persons,median_age_of_earners_years,income_aud,median_aud,mean_aud,p80_to_p20_ratio,p80_to_p50_ratio,p20_to_p50_ratio,p10_to_p50_ratio,gini_coefficient_no,income_share_top_1pc,income_share_top_5pc,income_share_top_10pc,lowest_quartile_pc,second_quartile_pc,third_quartile_pc,highest_quartile_pc,lga_name16
10050,27381.0,43.0,1429404940.0,43695.0,52204.0,4.36,1.75,0.4,0.17,0.44,7.7,19.7,30.1,24.9,27.5,27.9,19.7,Albury (C)
10130,14902.0,46.0,695045704.0,38249.0,46641.0,5.66,1.91,0.34,0.13,0.49200000000000005,7.1,20.1,31.6,30.7,28.7,22.6,18.0,Armidale Regional (A)
10250,22990.0,49.0,1103019924.0,37741.0,47978.0,5.57,1.94,0.35,0.13,0.486,8.1,21.5,32.7,30.8,29.2,21.9,18.1,Ballina (A)
10300,1156.0,45.0,49188074.0,38656.0,42550.0,4.56,1.8,0.39,0.15,0.534,5.2,18.7,30.8,28.7,30.2,25.4,15.7,Balranald (A)
10470,20703.0,44.0,1118598172.0,45164.0,54031.0,4.64,1.83,0.4,0.17,0.43799999999999994,6.2,17.9,28.6,24.5,26.2,25.4,23.9,Bathurst Regional (A)
10550,17941.0,51.0,779669361.0,35737.0,43457.0,5.35,1.84,0.34,0.13,0.47600000000000003,7.5,20.2,31.3,32.8,29.7,23.2,14.2,Bega Valley (A)
10600,6575.0,50.0,269297809.0,32939.0,40958.0,6.43,1.97,0.31,0.1,0.498,6.3,19.4,31.4,35.9,28.9,20.9,14.4,Bellingen (A)
10650,4556.0,49.0,199057739.0,36964.0,43691.0,5.3,1.85,0.35,0.12,0.48200000000000004,6.8,19.3,30.5,32.7,27.8,24.2,15.3,Berrigan (A)
10750,162615.0,39.0,8651546317.0,48236.0,53203.0,3.79,1.64,0.43,0.22,0.385,4.7,15.2,25.3,21.3,25.7,31.3,21.6,Blacktown (C)
10800,3147.0,48.0,164557980.0,38576.0,52290.0,5.71,2.15,0.38,0.14,0.517,8.7,22.6,34.6,30.5,27.9,19.7,21.8,Bland (A)
10850,3769.0,46.0,189379183.0,41780.0,50247.0,5.61,1.92,0.34,0.13,0.48200000000000004,6.9,18.9,30.2,27.8,26.7,23.5,22.0,Blayney (A)
10900,43163.0,47.0,2447762821.0,45821.0,56710.0,5.39,1.94,0.36,0.15,0.457,6.5,18.8,29.8,26.4,23.6,23.3,26.7,Blue Mountains (C)
10950,1573.0,45.0,78224453.0,41296.0,49729.0,5.62,1.96,0.35,0.12,0.496,5.7,18.6,30.4,28.9,26.0,23.1,22.0,Bogan (A)
11100,23800.0,39.0,1360590421.0,48339.0,57168.0,4.04,1.74,0.43,0.23,0.41700000000000004,6.1,17.9,28.4,21.5,25.7,28.3,24.5,Botany Bay (C)
11150,1337.0,43.0,62115627.0,43895.0,46459.0,4.94,1.72,0.35,0.11,0.46799999999999997,4.9,15.8,26.7,26.7,25.3,29.0,19.0,Bourke (A)
11200,567.0,47.0,23740845.0,39822.0,41871.0,4.77,1.76,0.37,0.08,0.516,4.0,15.9,27.5,27.1,30.5,26.8,15.6,Brewarrina (A)
11250,8402.0,45.0,450678203.0,45514.0,53639.0,4.8,1.88,0.39,0.16,0.429,5.2,16.2,27.0,24.5,25.9,25.0,24.5,Broken Hill (C)
13910,9238.0,46.0,417251121.0,38063.0,45167.0,5.12,1.8,0.35,0.12,0.485,7.1,20.3,31.7,30.5,30.2,23.8,15.5,Hilltops (A)
14000,85008.0,45.0,5750182905.0,50292.0,67643.0,5.8,2.02,0.35,0.15,0.494,8.3,22.0,33.7,24.9,21.4,21.5,32.2,Hornsby (A)
14100,8114.0,48.0,1060589707.0,64933.0,130711.0,7.19,2.34,0.33,0.14,0.65,20.5,41.1,52.8,20.8,17.8,17.7,43.7,Hunters Hill (A)
14170,107956.0,39.0,8177091582.0,55989.0,75745.0,4.68,1.88,0.4,0.21,0.483,10.1,24.0,35.1,19.6,21.5,24.1,34.8,Inner West (A)
14200,7861.0,45.0,317362985.0,36457.0,40372.0,5.45,1.72,0.31,0.09,0.507,7.4,19.6,31.0,32.7,30.4,24.5,12.4,Inverell (A)
14300,2720.0,44.0,129424936.0,40700.0,47583.0,5.05,1.8,0.36,0.12,0.457,5.8,17.5,29.1,29.0,26.8,26.3,17.9,Junee (A)
14350,12361.0,49.0,493760756.0,34345.0,39945.0,5.97,1.83,0.31,0.1,0.47600000000000003,6.2,18.5,29.9,34.5,31.0,21.8,12.7,Kempsey (A)
14400,12397.0,49.0,714562954.0,42895.0,57640.0,5.9,2.08,0.35,0.14,0.491,8.1,21.6,33.1,28.0,25.0,20.6,26.5,Kiama (A)
14500,72823.0,48.0,7479754439.0,56155.0,102711.0,7.95,2.49,0.31,0.13,0.605,14.7,33.2,45.8,24.7,18.9,17.0,39.4,Ku-ring-gai (A)
14550,4172.0,50.0,148374330.0,28949.0,35564.0,8.18,1.97,0.24,0.03,0.551,7.4,21.0,33.4,41.1,28.5,19.6,10.7,Kyogle (A)
14600,3328.0,45.0,162473743.0,39332.0,48820.0,5.04,1.93,0.38,0.13,0.48700000000000004,7.3,20.1,31.4,28.3,28.6,23.7,19.4,Lachlan (A)
14650,103379.0,45.0,5837015084.0,45161.0,56462.0,5.09,1.89,0.37,0.14,0.462,7.4,19.9,31.1,25.7,25.0,24.6,24.6,Lake Macquarie (C)
14700,21444.0,42.0,2195463188.0,63080.0,102381.0,5.92,2.12,0.36,0.17,0.5670000000000001,13.8,31.5,43.4,19.8,18.1,20.5,41.6,Lane Cove (A)
14750,5814.0,44.0,265195669.0,41230.0,45613.0,4.4,1.71,0.39,0.15,0.434,5.3,16.6,27.2,27.2,28.8,28.1,15.9,Leeton (A)
14850,22038.0,47.0,978106229.0,37968.0,44383.0,5.12,1.78,0.35,0.13,0.46,6.8,18.9,29.9,30.4,30.0,24.8,14.8,Lismore (C)
14870,9666.0,46.0,539337464.0,42809.0,55797.0,6.0,2.1,0.35,0.13,0.483,5.8,18.9,31.1,27.7,25.5,21.8,25.0,Lithgow (C)
14900,91349.0,40.0,4806551987.0,46383.0,52617.0,3.85,1.68,0.44,0.23,0.395,5.4,16.2,26.3,22.0,27.3,29.9,20.8,Liverpool (C)
14920,3914.0,48.0,163555499.0,36062.0,41787.0,6.43,1.88,0.29,0.06,0.562,6.5,20.3,33.2,33.6,28.4,22.2,15.8,Liverpool Plains (A)
14950,1694.0,49.0,83527608.0,42221.0,49308.0,4.52,1.78,0.39,0.16,0.457,5.7,18.6,29.7,27.0,26.5,27.4,19.2,Lockhart (A)
15050,38412.0,41.0,2288405609.0,48450.0,59575.0,4.73,1.88,0.4,0.17,0.44299999999999995,6.4,18.0,29.2,22.9,24.4,25.1,27.6,Maitland (C)
15240,40756.0,51.0,1698339033.0,33629.0,41671.0,6.6,1.91,0.29,0.08,0.501,7.6,20.9,32.6,35.4,30.3,20.2,14.1,Mid-Coast (A)
15270,11840.0,45.0,642546674.0,40115.0,54269.0,6.57,2.2,0.33,0.11,0.515,6.5,19.7,32.7,30.0,26.1,19.8,24.1,Mid-Western Regional (A)
15300,6938.0,43.0,368528745.0,44076.0,53117.0,4.44,1.74,0.39,0.14,0.546,11.0,24.9,35.7,25.5,26.5,28.2,19.8,Moree Plains (A)
15350,19085.0,47.0,2960375622.0,69455.0,155115.0,7.7,2.5,0.33,0.15,0.667,21.6,43.1,55.5,19.7,16.3,17.7,46.3,Mosman (A)
15520,5817.0,48.0,261843359.0,37136.0,45013.0,6.14,1.86,0.3,0.09,0.504,7.3,20.9,32.4,32.9,27.5,23.3,16.3,Murray River (A)
15560,2231.0,46.0,99646736.0,39369.0,44665.0,4.52,1.73,0.38,0.13,0.502,6.2,19.8,31.4,28.5,29.7,26.7,15.1,Murrumbidgee (A)
15650,8245.0,41.0,553929858.0,51165.0,67184.0,6.05,2.3,0.38,0.16,0.466,5.5,16.4,27.7,22.7,23.0,19.8,34.5,Muswellbrook (A)
15700,8377.0,51.0,337348200.0,32134.0,40271.0,6.76,1.92,0.28,0.08,0.505,8.4,21.4,32.9,37.1,29.5,20.8,12.6,Nambucca (A)
15750,7223.0,45.0,364136919.0,41704.0,50414.0,5.79,1.88,0.33,0.1,0.5429999999999999,9.5,22.6,34.2,28.6,26.0,24.8,20.7,Narrabri (A)
15800,3073.0,47.0,139375828.0,38237.0,45355.0,4.87,1.84,0.38,0.12,0.466,6.2,18.8,29.8,29.1,30.9,23.8,16.2,Narrandera (A)
15850,3387.0,46.0,154021940.0,37898.0,45474.0,5.43,1.88,0.35,0.12,0.49,6.8,19.2,30.7,30.4,28.4,24.4,16.8,Narromine (A)
15900,83157.0,41.0,5068544844.0,48037.0,60952.0,4.85,1.85,0.38,0.16,0.467,9.1,21.7,32.4,23.9,23.8,25.3,27.0,Newcastle (C)
15950,46436.0,39.0,4704501058.0,68493.0,101312.0,5.02,1.93,0.38,0.19,0.5329999999999999,14.1,29.8,40.8,17.4,16.7,21.7,44.2,North Sydney (A)
15990,160151.0,44.0,12746520846.0,51299.0,79591.0,5.47,2.07,0.38,0.18,0.545,13.7,29.3,41.0,23.0,22.2,22.2,32.5,Northern Beaches (A)
16100,2765.0,47.0,131807010.0,41820.0,47670.0,5.36,1.79,0.33,0.12,0.46,5.9,17.4,28.2,29.1,24.9,27.0,19.1,Oberon (A)
16150,20914.0,42.0,1193332099.0,47331.0,57059.0,4.53,1.83,0.4,0.18,0.44299999999999995,7.3,19.0,29.5,23.3,25.0,26.5,25.3,Orange (C)
16200,7432.0,45.0,359850004.0,39973.0,48419.0,5.26,1.95,0.37,0.14,0.46399999999999997,5.8,17.8,29.3,28.5,28.5,22.6,20.4,Parkes (A)
16260,119025.0,39.0,6807401374.0,47140.0,57193.0,4.83,1.84,0.38,0.17,0.44799999999999995,6.6,18.8,29.7,25.0,23.7,25.5,25.7,Parramatta (C)
16350,101976.0,40.0,5644373985.0,49442.0,55350.0,3.67,1.65,0.45,0.23,0.389,5.5,16.0,26.0,20.0,25.7,31.0,23.3,Penrith (C)
11300,20056.0,38.0,1090221937.0,39914.0,54359.0,5.09,1.99,0.39,0.18,0.496,9.7,23.4,34.8,29.5,26.4,22.8,21.4,Burwood (A)
11350,18995.0,46.0,867065107.0,31240.0,45647.0,5.82,2.08,0.36,0.14,0.545,13.0,27.4,39.0,37.3,29.3,18.4,14.9,Byron (A)
11400,7122.0,47.0,354882775.0,39834.0,49829.0,5.59,1.93,0.35,0.1,0.502,8.7,21.5,32.8,29.6,26.9,23.6,19.9,Cabonne (A)
11450,37634.0,40.0,2287294202.0,53040.0,60777.0,3.85,1.69,0.44,0.23,0.4,5.7,16.7,26.8,19.1,23.6,28.3,29.0,Camden (A)
11500,76790.0,41.0,3920954330.0,46438.0,51061.0,3.66,1.63,0.45,0.22,0.38,4.6,15.0,25.0,21.6,27.5,31.7,19.2,Campbelltown (C) (NSW)
11520,50720.0,41.0,3820492998.0,54509.0,75325.0,5.31,1.96,0.37,0.18,0.501,10.3,24.4,35.9,22.1,20.8,22.6,34.5,Canada Bay (A)
11570,158702.0,40.0,7759243319.0,40919.0,48892.0,4.33,1.8,0.42,0.2,0.431,6.1,17.9,28.7,27.2,28.5,26.0,18.2,Canterbury-Bankstown (A)
11600,1635.0,44.0,85049360.0,39299.0,52018.0,5.08,1.9,0.37,0.15,0.49700000000000005,7.3,22.2,34.2,28.2,27.2,25.3,19.3,Carrathool (A)
11650,166947.0,45.0,8733740421.0,42501.0,52314.0,4.68,1.85,0.39,0.17,0.452,7.4,19.6,30.5,26.2,27.6,25.2,20.9,Central Coast (C) (NSW)
11700,721.0,46.0,41696195.0,43699.0,57831.0,4.75,2.01,0.42,0.2,0.488,6.3,21.7,33.2,24.3,27.3,23.1,25.3,Central Darling (A)
11720,24838.0,42.0,1380863435.0,43936.0,55595.0,4.97,1.98,0.4,0.17,0.45299999999999996,5.9,17.8,29.6,25.1,27.0,23.3,24.5,Cessnock (C)
11730,23135.0,49.0,931698511.0,33638.0,40272.0,6.27,1.9,0.3,0.09,0.489,6.4,19.1,30.9,35.0,30.8,20.8,13.4,Clarence Valley (A)
11750,2385.0,41.0,160520653.0,52439.0,67304.0,5.66,2.01,0.35,0.14,0.48,9.3,20.3,30.7,23.7,21.5,18.9,35.9,Cobar (A)
11800,37590.0,46.0,1730153055.0,37582.0,46027.0,5.14,1.85,0.36,0.14,0.466,7.2,19.8,31.0,30.7,29.8,23.1,16.3,Coffs Harbour (C)
12000,2259.0,47.0,113131169.0,41743.0,50080.0,5.05,1.86,0.37,0.11,0.46299999999999997,6.1,18.8,30.1,27.7,27.1,25.2,20.1,Coolamon (A)
12150,1847.0,46.0,68744240.0,35741.0,37219.0,6.99,1.86,0.27,0.03,,9.4,24.6,37.4,33.9,29.2,22.2,14.6,Coonamble (A)
12350,6231.0,47.0,263801936.0,35696.0,42337.0,5.81,1.8,0.31,0.1,0.49,8.7,20.8,32.0,33.2,30.3,23.3,13.3,Cowra (A)
12380,99408.0,37.0,4677329598.0,40273.0,47052.0,4.32,1.78,0.41,0.2,0.42200000000000004,5.4,16.8,27.6,28.0,28.6,26.4,17.0,Cumberland (A)
12700,4681.0,48.0,227722976.0,37822.0,48648.0,6.38,2.11,0.33,0.09,0.49700000000000005,6.2,19.3,31.3,31.3,27.0,20.0,21.7,Dungog (A)
12730,5091.0,48.0,232846124.0,39334.0,45737.0,5.3,1.79,0.34,0.12,0.496,6.5,19.3,30.7,29.8,28.1,25.2,16.9,Edward River (A)
12750,18465.0,52.0,770998043.0,33788.0,41755.0,5.41,1.85,0.34,0.13,0.48200000000000004,8.0,21.1,32.4,34.3,31.8,21.1,12.7,Eurobodalla (A)
12850,84374.0,41.0,3871228771.0,40529.0,45882.0,4.02,1.7,0.42,0.21,0.405,5.2,16.1,26.6,26.9,29.9,28.1,15.0,Fairfield (C)
12870,7001.0,48.0,325648952.0,38901.0,46515.0,5.41,1.87,0.35,0.13,0.46399999999999997,6.2,18.8,29.7,31.0,26.8,24.8,17.5,Federation (A)
12900,4711.0,45.0,228484950.0,40389.0,48500.0,4.65,1.83,0.39,0.15,0.47600000000000003,7.3,20.1,31.2,27.6,29.2,25.1,18.1,Forbes (A)
12930,82049.0,42.0,4740355716.0,44474.0,57775.0,4.83,1.9,0.39,0.17,0.474,8.6,21.8,33.0,25.8,25.5,24.6,24.0,Georges River (A)
12950,2060.0,48.0,78986921.0,34010.0,38343.0,6.65,1.88,0.28,0.06,0.535,5.9,18.4,30.3,35.9,27.9,22.9,13.3,Gilgandra (A)
13010,4252.0,50.0,151492169.0,29826.0,35628.0,7.28,1.95,0.27,0.04,0.569,7.8,21.3,33.7,39.2,30.3,19.8,10.7,Glen Innes Severn (A)
13310,14803.0,45.0,745813676.0,43062.0,50383.0,4.64,1.82,0.39,0.16,0.435,5.9,17.2,27.8,25.7,27.6,26.0,20.7,Goulburn Mulwaree (A)
13340,5728.0,48.0,263645623.0,38815.0,46028.0,5.23,1.84,0.35,0.11,0.48200000000000004,6.8,19.3,30.5,30.1,28.1,24.4,17.4,Greater Hume Shire (A)
13450,14159.0,42.0,688735071.0,41551.0,48643.0,4.23,1.69,0.4,0.18,0.445,7.8,19.8,30.2,26.2,29.3,28.0,16.4,Griffith (C)
13510,5654.0,47.0,268707662.0,39306.0,47525.0,5.22,1.83,0.35,0.13,0.47200000000000003,7.0,20.2,31.5,29.3,29.4,24.0,17.3,Gundagai (A)
13550,6306.0,44.0,326507429.0,41560.0,51777.0,5.86,2.0,0.34,0.11,0.512,6.5,19.9,32.2,29.2,25.6,22.5,22.6,Gunnedah (A)
13660,2417.0,48.0,80519853.0,31110.0,33314.0,13.07,1.91,0.15,,,11.5,26.9,40.5,40.9,26.2,21.0,11.9,Gwydir (A)
13800,36282.0,43.0,2031114855.0,46731.0,55981.0,4.11,1.77,0.43,0.22,0.426,7.1,18.6,28.8,22.4,26.5,27.3,23.8,Hawkesbury (C)
13850,1694.0,47.0,78136036.0,38360.0,46125.0,4.64,1.84,0.4,0.16,0.465,7.4,19.4,30.3,28.7,31.2,23.4,16.7,Hay (A)
16380,38612.0,49.0,1765204556.0,36731.0,45716.0,5.87,1.91,0.33,0.11,0.483,7.6,20.6,32.0,32.0,29.4,21.9,16.7,Port Macquarie-Hastings (A)
16400,34769.0,46.0,1808795454.0,41320.0,52023.0,5.39,1.92,0.36,0.13,0.47100000000000003,7.8,20.2,31.3,28.4,26.4,23.6,21.6,Port Stephens (A)
16490,32187.0,43.0,2116803554.0,57327.0,65766.0,3.81,1.68,0.44,0.22,0.40700000000000003,5.7,17.1,27.4,17.7,21.4,27.9,32.9,Queanbeyan-Palerang Regional (A)
16550,80953.0,39.0,6151543440.0,54458.0,75989.0,5.13,1.91,0.37,0.18,0.507,11.4,26.1,37.2,21.9,21.0,23.2,33.9,Randwick (C)
16610,10117.0,47.0,408018755.0,36971.0,40330.0,4.85,1.67,0.34,0.11,0.452,5.5,17.3,28.2,31.6,31.2,25.9,11.3,Richmond Valley (A)
16650,58321.0,40.0,3155042692.0,44931.0,54098.0,4.29,1.79,0.42,0.2,0.433,6.4,18.5,29.3,24.4,26.6,26.7,22.3,Rockdale (C)
16700,64400.0,41.0,4056869910.0,48681.0,62995.0,5.29,1.92,0.36,0.16,0.479,8.0,21.4,32.8,25.2,22.2,23.6,29.0,Ryde (C)
16900,33707.0,42.0,1827080646.0,45007.0,54205.0,4.56,1.88,0.41,0.18,0.428,5.3,16.7,27.7,24.1,26.7,24.9,24.3,Shellharbour (C)
16950,46785.0,48.0,2133694246.0,36867.0,45606.0,5.31,1.91,0.36,0.14,0.469,7.0,19.7,30.9,31.0,30.1,22.3,16.6,Shoalhaven (C)
17000,12655.0,42.0,894006421.0,52569.0,70645.0,6.69,2.34,0.35,0.15,0.47700000000000004,6.2,17.9,29.2,23.5,21.6,18.0,37.0,Singleton (A)
17040,11275.0,46.0,546121069.0,40273.0,48436.0,4.91,1.84,0.37,0.16,0.461,6.9,19.3,30.2,28.3,28.6,24.6,18.5,Snowy Monaro Regional (A)
17080,7578.0,47.0,368163812.0,41244.0,48583.0,4.88,1.84,0.38,0.15,0.444,5.2,16.9,28.0,27.2,28.0,25.2,19.7,Snowy Valleys (A)
17420,91475.0,44.0,6476425557.0,52019.0,70800.0,5.37,1.97,0.37,0.16,0.496,9.9,23.5,34.9,23.3,21.7,21.9,33.1,The Hills Shire (A)
17550,44320.0,47.0,2071564926.0,37377.0,46741.0,5.13,1.88,0.37,0.14,0.475,7.6,20.8,32.1,30.9,29.7,22.8,16.6,Tweed (A)
17620,7551.0,44.0,735562870.0,42636.0,97413.0,6.45,2.16,0.33,0.11,,43.2,50.9,58.7,28.0,25.4,21.4,25.2,Upper Hunter Shire (A)
17640,4355.0,49.0,191972375.0,37061.0,44081.0,6.79,1.94,0.29,0.07,0.511,7.0,19.5,31.2,33.4,27.0,22.2,17.5,Upper Lachlan Shire (A)
17650,3265.0,48.0,131992834.0,35979.0,40427.0,6.55,1.8,0.28,0.06,0.507,6.3,19.0,30.8,34.3,29.6,21.9,14.2,Uralla (A)
17750,33522.0,42.0,1818106747.0,45539.0,54236.0,4.14,1.73,0.42,0.18,0.43700000000000006,8.2,19.7,29.8,23.1,27.2,28.3,21.3,Wagga Wagga (C)
17850,1797.0,50.0,61444476.0,30321.0,34193.0,8.79,1.99,0.23,0.0,0.6940000000000001,9.1,24.1,37.5,39.9,28.9,19.5,11.7,Walcha (A)
17900,2584.0,45.0,81155261.0,34641.0,31407.0,6.88,1.86,0.27,0.03,,7.4,24.2,39.4,35.9,27.3,23.3,13.6,Walgett (A)
17950,1468.0,47.0,76679267.0,42644.0,52234.0,4.86,1.73,0.36,0.14,0.51,10.6,24.2,34.9,27.8,25.5,28.5,18.2,Warren (A)
18020,4320.0,49.0,163796336.0,31334.0,37916.0,7.55,1.98,0.26,0.04,0.5770000000000001,8.1,21.5,34.1,37.5,29.2,20.0,13.3,Warrumbungle Shire (A)
18050,45766.0,37.0,4232778809.0,56744.0,92487.0,5.64,2.05,0.36,0.19,0.574,16.6,33.5,44.7,21.5,19.9,22.0,36.7,Waverley (A)
18100,1845.0,50.0,82689001.0,35697.0,44818.0,5.61,1.95,0.35,0.11,0.499,6.2,20.2,31.9,31.7,29.5,22.1,16.7,Weddin (A)
18200,3177.0,48.0,141041632.0,36630.0,44395.0,6.33,1.92,0.3,0.09,0.507,7.1,20.8,32.4,33.3,27.7,23.1,16.0,Wentworth (A)
18230,26097.0,43.0,1318313810.0,43507.0,50516.0,4.4,1.77,0.4,0.17,0.43700000000000006,6.4,17.8,28.4,25.1,27.9,26.8,20.2,Western Plains Regional (A)
18250,44742.0,42.0,4254907016.0,55563.0,95099.0,6.68,2.25,0.34,0.15,0.584,15.4,32.6,44.6,23.8,19.0,19.6,37.6,Willoughby (C)
18350,26226.0,49.0,1487016880.0,39754.0,56700.0,5.53,2.02,0.37,0.15,0.527,12.5,26.7,37.8,29.4,26.8,22.0,21.9,Wingecarribee (A)
18400,25861.0,43.0,1518649879.0,48820.0,58724.0,4.23,1.8,0.42,0.21,0.42700000000000005,6.3,17.9,28.6,21.4,25.4,26.5,26.7,Wollondilly (A)
18450,102550.0,43.0,5928682681.0,46007.0,57813.0,5.18,1.93,0.37,0.15,0.45899999999999996,6.8,19.2,30.4,25.5,24.4,23.4,26.8,Wollongong (C)
18500,37140.0,43.0,5586934839.0,68760.0,150429.0,6.65,2.36,0.35,0.17,0.669,23.5,44.4,56.1,18.4,17.4,18.5,45.7,Woollahra (A)
18710,9294.0,46.0,578114384.0,51500.0,62203.0,4.78,1.83,0.38,0.16,0.457,6.9,19.2,30.1,22.5,22.3,25.0,30.1,Yass Valley (A)
19399,435.0,48.0,19418853.0,34910.0,44641.0,4.63,1.86,0.4,0.15,0.499,,21.0,33.5,31.3,32.3,22.1,14.3,Unincorporated NSW
20110,6880.0,50.0,289969509.0,34681.0,42147.0,5.54,1.88,0.34,0.13,0.47200000000000003,6.7,19.3,30.5,34.0,29.3,23.2,13.5,Alpine (S)
20260,5975.0,47.0,268894841.0,38131.0,45003.0,5.47,1.82,0.33,0.11,0.473,6.7,19.3,30.5,31.3,28.2,24.5,15.9,Ararat (RC)
20570,51629.0,42.0,2652089284.0,42779.0,51368.0,4.54,1.77,0.39,0.17,0.444,7.7,19.8,30.2,26.1,27.6,26.9,19.4,Ballarat (C)
20660,69751.0,43.0,4315499377.0,48836.0,61870.0,4.83,1.85,0.38,0.17,0.467,8.5,21.3,32.3,23.8,23.4,24.9,27.9,Banyule (C)
20740,15849.0,48.0,669202402.0,34051.0,42224.0,5.37,1.87,0.35,0.13,0.48200000000000004,7.2,20.7,32.1,33.9,31.5,21.1,13.5,Bass Coast (S)
20830,25139.0,46.0,1240454992.0,40483.0,49344.0,5.23,1.87,0.36,0.14,0.469,6.6,19.5,30.7,28.9,27.3,24.2,19.6,Baw Baw (S)
20910,59596.0,48.0,5668070814.0,55569.0,95108.0,6.78,2.3,0.34,0.15,0.584,14.6,32.1,44.3,23.4,19.7,18.9,37.9,Bayside (C)
21010,7391.0,50.0,321254105.0,37229.0,43466.0,5.51,1.85,0.34,0.12,0.461,5.9,17.8,28.8,32.2,28.5,24.3,15.0,Benalla (RC)
21110,104451.0,45.0,9668224390.0,55069.0,92562.0,6.67,2.23,0.33,0.15,0.581,14.5,31.8,44.1,23.9,19.4,19.7,37.0,Boroondara (C)
21180,93047.0,39.0,4353341206.0,41599.0,46786.0,4.08,1.68,0.41,0.2,0.406,5.2,16.2,26.7,26.6,28.9,28.8,15.7,Brimbank (C)
21270,3544.0,50.0,149922552.0,34643.0,42303.0,6.17,1.98,0.32,0.11,0.496,6.1,19.3,30.8,35.4,26.9,22.1,15.6,Buloke (S)
21370,20181.0,46.0,905509502.0,38676.0,44869.0,5.03,1.8,0.36,0.13,0.455,6.1,18.2,29.2,30.1,28.9,25.2,15.8,Campaspe (S)
21450,46356.0,41.0,2400410402.0,44716.0,51782.0,3.95,1.71,0.43,0.21,0.41600000000000004,6.3,17.6,27.9,23.5,28.0,28.7,19.8,Cardinia (S)
21610,146508.0,40.0,7445882083.0,44833.0,50822.0,3.71,1.65,0.45,0.23,0.39899999999999997,5.8,16.8,27.0,22.6,28.8,30.4,18.2,Casey (C)
21670,5600.0,48.0,218368204.0,35181.0,38994.0,5.08,1.67,0.33,0.12,0.442,6.0,17.4,28.1,32.5,32.3,25.3,9.9,Central Goldfields (S)
21750,12057.0,46.0,526635093.0,37530.0,43679.0,5.35,1.78,0.33,0.12,0.46399999999999997,6.6,18.8,29.8,31.5,28.7,25.7,14.1,Colac-Otway (S)
21830,9204.0,48.0,425209242.0,38371.0,46198.0,5.38,1.86,0.35,0.13,0.48200000000000004,6.5,19.6,30.8,30.9,27.3,24.5,17.2,Corangamite (S)
21890,75882.0,39.0,4254224883.0,45812.0,56064.0,4.49,1.8,0.4,0.19,0.44299999999999995,7.0,19.3,30.2,24.5,25.5,26.3,23.7,Darebin (C)
22110,22730.0,49.0,982515164.0,35309.0,43225.0,5.43,1.85,0.34,0.12,0.478,7.1,20.4,31.7,32.7,30.7,22.5,14.1,East Gippsland (S)
22170,71210.0,42.0,3602577325.0,44371.0,50591.0,3.97,1.69,0.43,0.21,0.408,5.6,16.8,27.2,23.8,28.1,29.2,18.9,Frankston (C)
22250,5625.0,49.0,232466151.0,36351.0,41327.0,5.57,1.79,0.32,0.1,0.486,5.9,18.8,30.2,32.5,30.2,24.2,13.0,Gannawarra (S)
22830,33861.0,44.0,1568063540.0,39787.0,46309.0,4.63,1.75,0.38,0.16,0.45899999999999996,7.6,19.5,30.1,29.0,28.9,26.4,15.8,Greater Shepparton (C)
22910,7908.0,49.0,356783980.0,35858.0,45117.0,5.54,1.9,0.34,0.13,0.495,9.2,22.1,33.2,33.5,28.4,22.7,15.4,Hepburn (S)
22980,3116.0,50.0,160547562.0,41245.0,51524.0,5.15,1.88,0.37,0.13,0.479,7.6,21.1,32.5,28.0,28.1,24.0,19.9,Hindmarsh (S)
23110,48017.0,42.0,2935972888.0,50034.0,61144.0,4.46,1.79,0.4,0.19,0.44299999999999995,7.2,19.5,30.4,22.3,23.4,26.9,27.4,Hobsons Bay (C)
23190,11500.0,45.0,570664367.0,41807.0,49623.0,4.63,1.77,0.38,0.15,0.44799999999999995,6.9,19.4,30.2,26.8,28.5,26.4,18.3,Horsham (RC)
23270,88429.0,40.0,4363343110.0,43381.0,49343.0,3.95,1.69,0.43,0.21,0.408,5.6,16.8,27.1,24.7,28.4,29.2,17.7,Hume (C)
23350,9189.0,49.0,442287347.0,41225.0,48132.0,5.13,1.8,0.35,0.13,0.451,6.4,18.1,28.8,28.4,26.5,26.4,18.7,Indigo (S)
23430,85658.0,43.0,4870803831.0,46765.0,56863.0,4.55,1.81,0.4,0.18,0.442,6.7,18.9,29.8,23.9,25.1,26.3,24.7,Kingston (C) (Vic.)
23670,89546.0,43.0,4745650660.0,45213.0,52997.0,4.27,1.76,0.41,0.19,0.423,5.7,17.5,28.2,24.0,26.7,27.6,21.7,Knox (C)
23810,36521.0,44.0,2038358919.0,43967.0,55813.0,5.2,1.99,0.38,0.16,0.45899999999999996,5.5,18.3,30.2,25.9,26.2,23.1,24.8,Latrobe (C) (Vic.)
23940,3762.0,50.0,149613030.0,33680.0,39770.0,6.63,1.84,0.28,0.07,0.509,6.9,20.3,31.9,36.1,29.0,22.4,12.5,Loddon (S)
24130,25695.0,46.0,1518488487.0,45522.0,59097.0,5.12,1.92,0.37,0.17,0.48100000000000004,8.8,21.9,33.1,25.8,24.5,23.6,26.2,Macedon Ranges (S)
24210,69166.0,47.0,4324422186.0,43403.0,62522.0,5.94,2.07,0.35,0.14,0.523,10.7,25.2,37.1,28.4,23.7,21.3,26.6,Manningham (C)
24250,4724.0,50.0,193832648.0,32333.0,41031.0,6.09,1.97,0.32,0.12,0.49200000000000005,7.0,20.5,32.1,35.8,30.2,20.5,13.5,Mansfield (S)
24330,42855.0,36.0,2404047600.0,47362.0,56097.0,4.38,1.78,0.41,0.2,0.425,5.6,17.4,28.3,23.5,24.7,27.3,24.5,Maribyrnong (C)
24410,61859.0,43.0,3361740995.0,45859.0,54345.0,4.48,1.79,0.4,0.18,0.429,5.7,17.6,28.4,24.2,25.7,26.7,23.3,Maroondah (C)
24600,66318.0,31.0,4678239470.0,47829.0,70543.0,5.96,1.95,0.33,0.16,0.5479999999999999,15.6,30.1,41.0,27.4,21.0,23.1,28.6,Melbourne (C)
24650,62785.0,39.0,3280482910.0,47021.0,52249.0,3.72,1.65,0.44,0.24,0.384,4.6,15.2,25.3,21.4,27.2,30.8,20.7,Melton (C)
24780,28176.0,43.0,1273602536.0,39241.0,45202.0,4.78,1.76,0.37,0.15,0.449,6.6,18.3,29.0,29.2,29.3,26.4,15.2,Mildura (RC)
24850,19972.0,43.0,1017128819.0,44612.0,50928.0,4.01,1.7,0.42,0.2,0.413,6.0,16.9,27.2,23.9,27.4,29.2,19.5,Mitchell (S)
24900,14927.0,47.0,651504859.0,37281.0,43646.0,5.2,1.82,0.35,0.12,0.465,6.9,18.8,29.6,31.4,29.4,24.7,14.5,Moira (S)
24970,99802.0,43.0,5557751717.0,43047.0,55688.0,5.76,1.96,0.34,0.14,0.486,7.8,21.1,32.7,29.0,23.6,23.3,24.1,Monash (C)
25060,65165.0,42.0,4250963689.0,50811.0,65234.0,4.79,1.85,0.39,0.18,0.469,8.3,21.6,32.9,22.9,22.5,25.1,29.5,Moonee Valley (C)
25150,16660.0,44.0,889622369.0,45869.0,53399.0,4.33,1.77,0.41,0.18,0.423,5.6,16.9,27.5,23.9,26.0,27.1,22.9,Moorabool (S)
25250,85607.0,37.0,4675323480.0,45834.0,54614.0,4.48,1.8,0.4,0.2,0.43,5.8,17.7,28.5,24.4,25.5,26.3,23.7,Moreland (C)
25340,84399.0,47.0,4662054151.0,40529.0,55238.0,5.14,1.96,0.38,0.17,0.501,10.5,24.4,35.6,28.3,27.4,22.9,21.4,Mornington Peninsula (S)
17350,3222.0,48.0,150650669.0,38006.0,46757.0,5.28,1.88,0.36,0.12,0.48,6.6,19.9,31.3,30.4,29.6,22.8,17.3,Temora (A)
17400,3030.0,52.0,102356476.0,27254.0,33781.0,10.08,2.06,0.2,0.02,0.5760000000000001,7.2,21.1,33.9,43.0,27.5,19.1,10.4,Tenterfield (A)
22670,68301.0,39.0,2896131466.0,38429.0,42402.0,4.03,1.65,0.41,0.2,0.406,5.2,16.1,26.5,28.8,31.9,27.7,11.7,Greater Dandenong (C)
22750,120576.0,43.0,6436602934.0,43176.0,53382.0,4.84,1.84,0.38,0.16,0.45799999999999996,7.6,20.2,31.1,26.5,26.5,25.3,21.7,Greater Geelong (C)
25430,9555.0,50.0,414946632.0,36936.0,43427.0,5.82,1.84,0.32,0.12,0.467,6.1,18.4,29.5,33.1,26.8,25.0,15.1,Mount Alexander (S)
25490,9541.0,46.0,443427571.0,38614.0,46476.0,5.27,1.86,0.35,0.13,0.486,7.1,20.1,31.3,30.5,28.0,24.4,17.2,Moyne (S)
25620,7441.0,48.0,318398455.0,35895.0,42790.0,5.77,1.88,0.33,0.11,0.488,6.2,19.2,30.6,33.2,28.5,23.8,14.5,Murrindindi (S)
17100,22013.0,37.0,1369523326.0,44651.0,62214.0,4.98,1.92,0.39,0.18,0.51,11.2,26.1,37.2,26.6,24.5,24.1,24.8,Strathfield (A)
17150,133773.0,44.0,8987642319.0,51522.0,67186.0,4.75,1.87,0.39,0.19,0.47200000000000003,9.3,22.3,33.3,21.9,23.0,24.3,30.9,Sutherland Shire (A)
17200,127151.0,33.0,9500508069.0,51272.0,74718.0,5.77,1.98,0.34,0.17,0.534,14.0,28.5,39.5,25.2,20.4,22.4,32.0,Sydney (C)
17310,30389.0,44.0,1461953999.0,41722.0,48108.0,4.75,1.76,0.37,0.14,0.45399999999999996,6.6,18.3,29.2,27.2,27.9,26.8,18.0,Tamworth Regional (A)
22310,82642.0,43.0,5763390038.0,50588.0,69739.0,5.22,1.96,0.38,0.17,0.502,10.1,24.2,35.8,23.6,22.2,23.0,31.2,Glen Eira (C)
22410,10545.0,47.0,510447608.0,39694.0,48407.0,5.82,1.99,0.34,0.13,0.46299999999999997,5.5,17.5,28.8,29.9,26.6,22.6,20.9,Glenelg (S)
22490,11410.0,44.0,569545635.0,42933.0,49916.0,4.58,1.78,0.39,0.16,0.434,5.6,17.2,28.0,26.3,27.0,26.6,20.1,Golden Plains (S)
22620,56605.0,44.0,2787405503.0,41878.0,49243.0,4.64,1.76,0.38,0.16,0.44,6.8,18.7,29.3,27.0,28.0,26.9,18.1,Greater Bendigo (C)
25710,38102.0,46.0,2467933531.0,49437.0,64772.0,4.9,1.92,0.39,0.19,0.47200000000000003,8.1,21.3,32.7,23.3,23.5,23.3,29.9,Nillumbik (S)
25810,6263.0,48.0,276024246.0,37948.0,44072.0,5.45,1.78,0.33,0.12,0.46399999999999997,6.0,18.5,29.6,31.4,28.1,25.9,14.6,Northern Grampians (S)
25900,65632.0,37.0,5429246497.0,57470.0,82723.0,4.88,1.9,0.39,0.2,0.517,13.2,27.8,39.0,19.8,19.9,24.6,35.6,Port Phillip (C)
25990,3389.0,49.0,129501450.0,32497.0,38212.0,7.01,1.88,0.27,0.06,0.513,6.6,19.4,31.1,35.9,29.8,22.5,11.8,Pyrenees (S)
26080,1914.0,58.0,112687238.0,36757.0,58875.0,8.28,2.28,0.27,0.09,0.58,11.2,29.2,42.0,35.3,22.3,19.4,23.0,Queenscliffe (B)
26170,15551.0,48.0,702593302.0,36052.0,45180.0,5.58,1.97,0.35,0.13,0.486,6.7,20.0,31.5,32.3,28.9,21.9,17.0,South Gippsland (S)
26260,9470.0,48.0,408697952.0,36661.0,43157.0,5.48,1.83,0.33,0.11,0.484,7.0,19.6,30.8,32.3,29.1,24.4,14.2,Southern Grampians (S)
26350,66787.0,39.0,6784313387.0,58433.0,101581.0,5.58,2.06,0.37,0.18,0.597,19.2,36.7,47.8,20.5,19.4,22.6,37.5,Stonnington (C)
26430,5484.0,51.0,231333149.0,36045.0,42183.0,5.83,1.82,0.31,0.1,0.49200000000000005,6.4,19.6,31.1,33.2,29.4,22.7,14.6,Strathbogie (S)
26490,17361.0,45.0,974595999.0,41345.0,56137.0,5.64,2.0,0.35,0.14,0.508,10.7,24.1,35.4,29.1,25.4,22.4,23.2,Surf Coast (S)
26610,11444.0,44.0,523189689.0,38874.0,45717.0,4.85,1.77,0.36,0.15,0.45799999999999996,6.6,19.4,30.4,29.9,29.8,24.9,15.4,Swan Hill (RC)
26670,3499.0,50.0,154780277.0,37417.0,44236.0,5.17,1.84,0.36,0.11,0.46799999999999997,6.9,18.8,29.8,31.0,29.1,24.5,15.4,Towong (S)
26700,15845.0,47.0,733686038.0,39255.0,46304.0,4.94,1.78,0.36,0.14,0.457,7.9,19.7,30.3,29.4,29.0,26.0,15.6,Wangaratta (RC)
26730,18707.0,44.0,921639366.0,41638.0,49267.0,4.61,1.77,0.38,0.17,0.444,7.1,19.3,29.7,27.4,27.6,26.8,18.2,Warrnambool (C)
26810,22023.0,46.0,1176455762.0,40681.0,53419.0,5.29,1.93,0.37,0.15,0.49700000000000005,8.3,22.3,34.0,28.6,26.9,23.3,21.1,Wellington (S)
26890,2345.0,50.0,106310436.0,36351.0,45335.0,5.9,1.88,0.32,0.08,0.511,7.1,21.4,33.2,32.0,29.0,22.8,16.3,West Wimmera (S)
26980,89922.0,44.0,5261418581.0,44484.0,58511.0,5.78,1.98,0.34,0.14,0.488,7.9,21.4,33.1,28.1,23.1,22.7,26.1,Whitehorse (C)
27070,92605.0,39.0,4597474296.0,44609.0,49646.0,3.8,1.66,0.44,0.22,0.391,4.8,15.5,25.7,23.4,28.2,30.3,18.1,Whittlesea (C)
27170,20763.0,42.0,1050559616.0,45288.0,50598.0,3.85,1.64,0.43,0.2,0.401,5.9,16.6,26.6,23.1,27.5,30.9,18.5,Wodonga (C)
27260,102177.0,38.0,5472646849.0,47607.0,53560.0,3.9,1.67,0.43,0.22,0.397,5.0,15.9,26.3,21.9,26.0,30.2,21.9,Wyndham (C)
27350,52446.0,35.0,3915015317.0,55750.0,74649.0,4.7,1.85,0.39,0.2,0.485,10.3,24.2,35.3,20.2,20.8,25.3,33.7,Yarra (C)
27450,84928.0,44.0,4420407538.0,43546.0,52049.0,4.33,1.78,0.41,0.19,0.436,6.8,18.7,29.3,25.1,27.5,26.9,20.4,Yarra Ranges (S)
27630,3770.0,50.0,201002895.0,41283.0,53316.0,5.58,1.9,0.34,0.12,0.496,7.4,21.8,33.8,29.4,25.7,23.9,21.0,Yarriambiack (S)
29399,307.0,32.0,8676442.0,19077.0,28262.0,5.18,2.52,0.49,0.31,0.49700000000000005,,19.2,31.9,55.2,22.9,15.8,6.1,Unincorporated Vic
30250,218.0,41.0,6864676.0,24554.0,31489.0,6.29,2.14,0.34,0.18,0.462,,15.3,28.6,45.2,32.3,13.8,8.8,Aurukun (S)
30300,2689.0,43.0,116365038.0,38395.0,43274.0,5.77,1.87,0.32,0.08,0.588,7.3,21.1,33.3,31.2,27.0,24.5,17.3,Balonne (S)
30370,8620.0,43.0,505491820.0,45740.0,58642.0,6.8,2.22,0.33,0.1,0.514,5.1,17.2,30.0,26.9,23.2,20.4,29.5,Banana (S)
30410,1769.0,45.0,73874064.0,39688.0,41760.0,7.63,1.85,0.24,0.03,0.695,7.8,22.5,35.8,31.6,24.5,25.3,18.6,Barcaldine (R)
30450,174.0,47.0,5515333.0,39033.0,31697.0,,,,,,,17.9,32.6,28.5,26.7,25.0,19.8,Barcoo (S)
30760,1149.0,45.0,47072792.0,37976.0,40968.0,5.26,1.85,0.35,0.08,0.61,6.6,20.7,33.4,31.3,28.4,25.0,15.3,Blackall-Tambo (R)
34710,2383.0,42.0,111322238.0,43753.0,46715.0,4.36,1.72,0.39,0.14,0.539,7.0,19.1,30.3,24.6,28.2,28.5,18.8,Longreach (R)
34770,68378.0,41.0,4632173021.0,54068.0,67744.0,4.94,2.0,0.4,0.19,0.44799999999999995,5.6,17.1,28.6,20.3,22.2,23.3,34.1,Mackay (R)
34800,561.0,42.0,18732415.0,40568.0,33391.0,6.43,1.76,0.27,,,13.8,33.4,49.8,28.0,26.9,28.7,16.5,McKinlay (S)
34830,,,,,,,,,,,,,,,,,,Mapoon (S)
34860,8001.0,41.0,381363898.0,43933.0,47665.0,5.78,1.87,0.32,0.07,0.594,5.9,19.1,31.7,28.6,23.2,24.6,23.5,Maranoa (R)
34880,10885.0,46.0,488338973.0,36547.0,44863.0,5.51,1.94,0.35,0.14,0.48100000000000004,6.3,19.3,31.0,32.2,29.3,21.8,16.8,Mareeba (S)
35010,216295.0,42.0,11796167766.0,45503.0,54537.0,4.39,1.78,0.4,0.18,0.43700000000000006,6.3,18.6,29.5,24.1,26.3,27.1,22.5,Moreton Bay (R)
35250,288.0,40.0,12290605.0,30876.0,42676.0,6.66,2.5,0.38,0.19,0.46399999999999997,,16.3,29.0,36.8,28.9,15.1,19.2,Mornington (S)
35300,11759.0,36.0,870570144.0,65406.0,74034.0,4.11,1.77,0.43,0.23,0.395,4.7,14.4,24.4,15.6,19.5,21.8,43.2,Mount Isa (C)
35600,2564.0,42.0,111359564.0,40959.0,43432.0,5.57,1.8,0.32,0.08,0.57,6.1,19.3,31.1,29.9,26.3,25.5,18.3,Murweh (S)
35670,188.0,37.0,7844735.0,37449.0,41727.0,,,,,0.43700000000000006,,14.2,26.2,36.2,28.1,20.0,15.7,Napranum (S)
35740,30114.0,49.0,1534164111.0,36356.0,50945.0,5.6,2.03,0.36,0.14,0.526,11.0,25.6,37.4,31.8,29.3,20.4,18.4,Noosa (S)
35760,5504.0,46.0,197857606.0,28816.0,35948.0,8.73,2.05,0.23,0.03,0.591,6.7,21.6,34.9,40.4,29.0,18.1,12.6,North Burnett (R)
35780,778.0,38.0,33117996.0,35610.0,42568.0,4.5,1.77,0.39,0.23,0.419,5.3,17.2,28.0,29.8,34.4,22.7,13.1,Northern Peninsula Area (R)
35790,506.0,41.0,20310554.0,35477.0,40139.0,4.41,1.71,0.39,0.2,0.406,3.6,15.1,26.4,32.5,31.5,24.0,11.9,Palm Island (S)
35800,800.0,48.0,29976063.0,36284.0,37470.0,7.61,1.87,0.25,0.01,,9.9,23.3,35.3,33.2,26.9,26.9,12.9,Paroo (S)
36070,231.0,40.0,6725073.0,22400.0,29113.0,7.22,1.98,0.27,0.16,0.517,,19.2,32.5,47.8,31.6,12.7,7.9,Pormpuraaw (S)
36150,530.0,45.0,21581526.0,37455.0,40720.0,7.18,2.03,0.28,0.02,,9.5,22.0,35.0,32.8,24.9,21.8,20.5,Quilpie (S)
36250,81979.0,44.0,4818093405.0,47046.0,58772.0,4.37,1.81,0.41,0.19,0.45,7.7,20.4,31.4,23.1,25.5,26.6,24.7,Redland (C)
36300,518.0,41.0,18438742.0,36528.0,35596.0,5.16,1.82,0.35,0.06,,6.8,20.8,34.8,29.9,30.3,24.3,15.4,Richmond (S)
36370,41315.0,40.0,2427747155.0,48904.0,58762.0,4.28,1.8,0.42,0.2,0.435,6.5,18.1,29.1,21.6,25.1,27.1,26.2,Rockhampton (R)
36510,20145.0,47.0,950392731.0,38986.0,47178.0,5.32,1.88,0.35,0.14,0.47100000000000003,6.3,19.2,30.4,30.0,27.7,24.0,18.2,Scenic Rim (R)
36580,11058.0,45.0,523233449.0,39499.0,47317.0,5.39,1.84,0.34,0.11,0.48200000000000004,7.8,20.2,31.1,29.8,27.2,25.1,17.8,Somerset (R)
36630,14466.0,46.0,617265024.0,35671.0,42670.0,6.61,1.9,0.29,0.06,0.516,6.4,19.9,32.2,33.8,28.7,21.6,15.8,South Burnett (R)
36660,18609.0,45.0,742108168.0,34162.0,39879.0,5.66,1.81,0.32,0.1,0.488,6.6,19.1,30.6,34.7,30.4,22.4,12.5,Southern Downs (R)
36720,157286.0,45.0,8144420457.0,39725.0,51781.0,5.22,1.95,0.37,0.15,0.485,8.0,21.7,33.4,29.0,28.0,22.8,20.2,Sunshine Coast (R)
36820,12825.0,48.0,568596789.0,35088.0,44335.0,6.46,2.01,0.31,0.11,0.519,7.1,20.9,32.9,34.0,28.0,21.1,16.9,Tablelands (R)
36910,85753.0,43.0,4551157759.0,44395.0,53073.0,4.74,1.79,0.38,0.15,0.45799999999999996,7.2,19.5,30.4,25.7,26.0,26.5,21.8,Toowoomba (R)
36950,1631.0,39.0,89922370.0,47348.0,55133.0,4.13,1.81,0.44,0.25,0.395,4.6,15.0,25.5,21.3,26.6,26.9,25.2,Torres (S)
36960,553.0,39.0,20690865.0,34115.0,37416.0,4.62,1.64,0.36,0.19,0.415,3.9,15.9,27.2,31.9,39.8,19.1,9.2,Torres Strait Island (R)
37010,103022.0,40.0,6164330222.0,51011.0,59835.0,3.99,1.71,0.43,0.21,0.41700000000000004,6.3,17.8,28.2,20.3,24.3,28.5,27.0,Townsville (C)
30900,195.0,41.0,9969210.0,45168.0,51124.0,,,,,0.47,,16.6,28.6,24.7,26.8,26.8,21.7,Boulia (S)
31000,654995.0,40.0,43808875528.0,50120.0,66884.0,4.95,1.87,0.38,0.18,0.49,10.1,24.0,35.2,23.4,22.5,24.8,29.3,Brisbane (C)
31750,168.0,41.0,9614096.0,56946.0,57227.0,,,,,0.353,,11.8,22.4,15.8,25.1,35.7,23.4,Bulloo (S)
31820,44473.0,45.0,2073974062.0,37991.0,46634.0,5.73,1.91,0.33,0.12,0.493,7.2,20.3,31.9,31.1,28.2,23.1,17.7,Bundaberg (R)
31900,10039.0,44.0,500866297.0,41924.0,49892.0,4.78,1.83,0.38,0.15,0.46399999999999997,6.3,18.4,29.7,27.1,27.4,25.3,20.2,Burdekin (S)
31950,158.0,39.0,7931869.0,41600.0,50202.0,,,,,0.40700000000000003,,14.9,25.6,22.5,30.6,23.8,23.1,Burke (S)
32080,86993.0,42.0,4705307961.0,44387.0,54088.0,4.24,1.8,0.42,0.21,0.43700000000000006,6.9,19.2,30.0,23.8,28.1,26.5,21.7,Cairns (R)
32250,944.0,42.0,48261705.0,43628.0,51125.0,4.84,1.87,0.39,0.19,0.42100000000000004,3.7,14.6,25.4,24.8,27.0,24.0,24.2,Carpentaria (S)
32260,16079.0,45.0,702345041.0,36374.0,43681.0,4.89,1.84,0.38,0.17,0.46399999999999997,6.3,18.9,30.2,31.2,31.0,23.1,14.7,Cassowary Coast (R)
32270,16078.0,39.0,1125542077.0,54867.0,70005.0,6.34,2.22,0.35,0.15,0.495,5.6,17.3,29.1,22.8,20.6,19.9,36.7,Central Highlands (R) (Qld)
32310,5744.0,43.0,283121852.0,41566.0,49290.0,6.03,2.02,0.33,0.12,0.5379999999999999,5.4,18.3,31.0,28.8,25.6,22.5,23.1,Charters Towers (R)
37340,19307.0,42.0,1041441732.0,41290.0,53941.0,4.91,1.98,0.4,0.18,0.47700000000000004,6.7,19.8,32.1,26.6,28.9,22.5,21.9,Whitsunday (R)
32330,183.0,40.0,6943511.0,36467.0,37943.0,,,,,0.36700000000000005,,15.1,24.7,31.9,35.7,26.4,6.0,Cherbourg (S)
32450,1632.0,39.0,106550004.0,56963.0,65288.0,4.18,1.78,0.43,0.21,0.461,7.2,18.5,28.9,18.6,22.0,25.3,34.1,Cloncurry (S)
32500,1895.0,44.0,82675307.0,35153.0,43628.0,5.6,1.95,0.35,0.16,0.52,8.9,21.5,33.0,33.0,29.4,22.2,15.4,Cook (S)
32600,148.0,43.0,4741442.0,33310.0,32037.0,,,,,,,18.3,32.5,40.4,22.6,21.2,15.8,Croydon (S)
37300,1770.0,38.0,145660773.0,76332.0,82294.0,3.24,1.55,0.48,0.24,0.364,6.4,15.2,24.2,12.5,15.0,22.6,49.9,Weipa (T)
37310,18099.0,42.0,937356597.0,43402.0,51791.0,5.49,1.89,0.34,0.11,0.52,5.9,19.5,31.9,27.6,25.0,24.6,22.9,Western Downs (R)
32750,159.0,38.0,8757731.0,46346.0,55080.0,,,,,0.377,,13.2,24.3,17.8,29.9,28.7,23.6,Diamantina (S)
41140,5090.0,49.0,250184585.0,40158.0,49152.0,4.83,1.85,0.38,0.13,0.47700000000000004,6.8,20.1,31.6,28.2,28.5,24.5,18.8,Clare and Gilbert Valleys (DC)
34420,259.0,41.0,8430884.0,23112.0,32552.0,7.12,2.21,0.31,0.19,0.484,,18.5,31.6,48.0,27.3,15.6,9.0,Kowanyama (S)
34530,18895.0,45.0,1165865943.0,47895.0,61702.0,5.51,2.02,0.37,0.15,0.48200000000000004,6.5,19.0,31.0,24.7,23.6,21.9,29.9,Livingstone (S)
34570,207.0,38.0,6736147.0,23036.0,32542.0,6.55,2.06,0.31,0.19,0.501,,19.8,34.4,47.8,31.4,10.1,10.6,Lockhart River (S)
34580,18880.0,43.0,871904851.0,39434.0,46181.0,5.09,1.81,0.36,0.14,0.45299999999999996,6.0,18.0,28.9,29.6,28.0,25.3,17.1,Lockyer Valley (R)
34590,149299.0,40.0,7567269094.0,44940.0,50685.0,3.73,1.66,0.44,0.22,0.397,5.3,16.5,26.7,22.5,28.8,30.4,18.4,Logan (C)
32770,323.0,38.0,12586047.0,31811.0,38966.0,5.92,2.04,0.34,0.19,0.452,,16.1,28.3,39.8,27.8,18.8,13.6,Doomadgee (S)
32810,6910.0,44.0,308550108.0,37107.0,44653.0,4.24,1.75,0.41,0.2,0.451,6.7,19.8,31.1,29.4,33.6,23.1,13.9,Douglas (S)
33100,460.0,45.0,5969215.0,26952.0,12977.0,10.12,2.42,0.24,,,,46.6,75.9,42.0,27.3,16.9,13.9,Etheridge (S)
33200,988.0,46.0,38663148.0,36846.0,39133.0,6.71,1.97,0.29,0.04,0.6679999999999999,4.8,19.1,33.6,33.5,26.4,23.1,17.0,Flinders (S) (Qld)
33220,43175.0,47.0,1996422222.0,37878.0,46240.0,5.62,1.89,0.34,0.12,0.47100000000000003,6.5,19.4,30.8,31.0,28.6,23.2,17.2,Fraser Coast (R)
33360,34768.0,41.0,2744658806.0,60551.0,78942.0,5.74,2.07,0.36,0.16,0.47200000000000003,7.3,19.3,30.5,20.3,20.0,18.5,41.3,Gladstone (R)
33430,300868.0,42.0,16350479376.0,41869.0,54344.0,4.51,1.87,0.41,0.19,0.474,9.4,22.6,33.6,26.2,28.8,24.4,20.6,Gold Coast (C)
33610,6303.0,43.0,281776897.0,38082.0,44705.0,4.98,1.82,0.37,0.11,0.521,8.2,21.0,32.0,29.6,29.1,25.6,15.7,Goondiwindi (R)
33620,22250.0,47.0,953290504.0,35283.0,42845.0,6.33,1.94,0.31,0.09,0.499,6.1,19.5,31.5,34.3,28.7,21.3,15.7,Gympie (R)
33800,5928.0,49.0,291349764.0,42134.0,49148.0,4.53,1.81,0.4,0.16,0.43700000000000006,5.1,16.7,27.6,25.8,28.0,26.2,20.0,Hinchinbrook (S)
33830,295.0,38.0,11966084.0,34435.0,40563.0,4.15,1.76,0.43,0.25,0.397,,14.6,25.8,29.7,33.8,23.9,12.6,Hope Vale (S)
33960,90358.0,39.0,4736334906.0,47176.0,52417.0,3.74,1.63,0.44,0.21,0.391,5.1,16.0,26.0,21.6,26.7,31.6,20.1,Ipswich (C)
33980,11327.0,38.0,953523857.0,69973.0,84182.0,6.24,2.03,0.33,0.13,0.456,5.0,15.5,26.2,19.6,17.0,16.5,47.0,Isaac (R)
37400,741.0,45.0,25929430.0,38059.0,34992.0,6.66,1.87,0.28,0.0,,9.3,24.2,38.5,32.5,25.2,26.8,15.4,Winton (S)
41010,2143.0,44.0,106804210.0,43081.0,49839.0,5.06,1.78,0.35,0.14,0.436,6.1,17.3,28.0,27.7,25.5,27.0,19.8,Ceduna (DC)
41060,60534.0,43.0,3319753657.0,45464.0,54841.0,4.31,1.77,0.41,0.19,0.43799999999999994,7.3,19.4,29.9,23.8,26.6,27.2,22.4,Charles Sturt (C)
37550,213.0,39.0,8156117.0,31688.0,38292.0,5.54,1.91,0.35,0.17,0.43,,15.1,26.6,37.5,25.0,27.8,9.7,Woorabinda (S)
41560,6542.0,48.0,314899250.0,39301.0,48135.0,5.3,1.87,0.35,0.13,0.466,6.3,19.7,31.1,29.3,28.4,24.3,17.9,Copper Coast (DC)
41750,595.0,48.0,28664206.0,38744.0,48175.0,8.01,1.96,0.25,0.08,0.504,4.1,18.1,30.7,30.9,24.3,23.5,21.3,Elliston (DC)
37570,88.0,40.0,3357710.0,30397.0,38156.0,,,,,,,,,36.0,37.2,16.3,10.5,Wujal Wujal (S)
37600,426.0,40.0,16775746.0,36990.0,39380.0,4.01,1.6,0.4,0.18,0.37799999999999995,,13.9,24.0,29.3,35.8,26.0,8.9,Yarrabah (S)
47630,4330.0,44.0,191758094.0,38873.0,44286.0,4.5,1.69,0.37,0.13,0.46399999999999997,6.4,19.3,30.0,28.6,31.8,25.4,14.2,Tatiara (DC)
47700,56616.0,44.0,2972376380.0,46575.0,52501.0,3.97,1.69,0.43,0.19,0.402,5.1,16.0,26.3,22.6,26.5,29.5,21.4,Tea Tree Gully (C)
47800,2825.0,48.0,114396256.0,34557.0,40494.0,5.8,1.79,0.31,0.07,0.526,6.8,20.9,32.8,34.4,29.6,22.8,13.1,The Coorong (DC)
47910,1343.0,49.0,64832147.0,37264.0,48274.0,6.3,2.07,0.33,0.1,0.504,5.9,20.7,32.9,32.3,27.3,20.4,19.9,Tumby Bay (DC)
40070,12224.0,38.0,898910284.0,49541.0,73537.0,5.89,1.98,0.34,0.15,0.545,12.5,29.2,40.8,26.3,20.6,22.7,30.4,Adelaide (C)
40120,24222.0,48.0,1559368687.0,48035.0,64378.0,4.98,1.89,0.38,0.16,0.494,9.7,24.0,35.1,24.2,23.5,23.8,28.4,Adelaide Hills (DC)
40220,12963.0,50.0,571955479.0,36414.0,44122.0,5.41,1.87,0.35,0.12,0.47200000000000003,6.4,19.3,30.7,32.1,29.3,23.0,15.5,Alexandrina (DC)
40250,163.0,39.0,7050851.0,30388.0,43257.0,,,,,0.45799999999999996,,14.7,26.4,42.0,20.4,12.3,25.3,Anangu Pitjantjatjara (AC)
40310,13169.0,46.0,690496977.0,44401.0,52434.0,4.46,1.75,0.39,0.15,0.45,7.3,19.2,29.8,25.1,26.4,27.7,20.9,Barossa (DC)
40430,1152.0,52.0,65412713.0,41433.0,56782.0,5.66,2.05,0.36,0.1,0.505,6.8,21.9,34.4,27.6,27.2,21.5,23.6,Barunga West (DC)
40520,5448.0,46.0,243742949.0,39048.0,44740.0,4.69,1.74,0.37,0.15,0.43799999999999994,6.7,18.0,28.5,28.8,29.7,27.2,14.3,Berri and Barmera (DC)
40700,28261.0,50.0,2366705572.0,53993.0,83745.0,6.14,2.09,0.34,0.15,0.551,11.9,28.7,40.9,23.8,19.8,20.8,35.6,Burnside (C)
40910,27915.0,44.0,1466145739.0,44105.0,52522.0,4.56,1.8,0.39,0.17,0.43700000000000006,6.4,18.3,28.9,25.6,26.2,26.5,21.7,Campbelltown (C) (SA)
41190,1030.0,48.0,52934941.0,43602.0,51393.0,6.18,1.89,0.31,0.1,0.519,5.3,19.0,31.9,26.7,26.6,23.6,23.1,Cleve (DC)
41330,776.0,46.0,35417003.0,41378.0,45640.0,4.32,1.71,0.4,0.18,0.423,4.0,15.3,26.2,27.6,27.4,28.7,16.3,Coober Pedy (DC)
41830,955.0,49.0,49747581.0,43268.0,52092.0,5.7,1.96,0.34,0.12,0.46299999999999997,4.3,16.4,28.4,27.1,26.3,22.5,24.2,Flinders Ranges (DC)
41960,697.0,47.0,39168469.0,40564.0,56196.0,5.59,2.25,0.4,0.1,0.488,4.5,18.2,30.8,27.9,25.5,18.8,27.8,Franklin Harbour (DC)
42030,11328.0,44.0,571258051.0,44882.0,50429.0,4.04,1.7,0.42,0.19,0.406,5.0,16.1,26.4,23.7,27.6,29.2,19.5,Gawler (T)
42110,2098.0,49.0,88608907.0,34178.0,42235.0,6.74,1.96,0.29,0.08,0.513,8.5,21.1,32.6,34.9,28.2,22.3,14.6,Goyder (DC)
42250,3153.0,45.0,204186508.0,41663.0,64759.0,4.8,1.86,0.39,0.17,0.57,23.8,34.6,43.8,27.1,27.2,25.3,20.4,Grant (DC)
42600,22335.0,48.0,1463285012.0,49298.0,65515.0,4.88,1.86,0.38,0.17,0.488,9.5,23.6,34.9,23.3,23.4,24.3,28.9,Holdfast Bay (C)
42750,2682.0,51.0,104803673.0,32192.0,39077.0,5.52,1.85,0.33,0.11,0.486,6.0,19.5,31.2,34.5,32.8,20.8,12.0,Kangaroo Island (DC)
43080,568.0,50.0,18246534.0,27341.0,32124.0,9.65,2.0,0.21,,0.62,8.0,22.9,35.5,41.2,32.0,18.9,7.9,Karoonda East Murray (DC)
43220,611.0,48.0,33393964.0,46090.0,54655.0,6.17,1.9,0.31,0.09,0.504,5.0,18.5,30.9,28.7,20.9,23.3,27.1,Kimba (DC)
43360,1196.0,50.0,53413489.0,39026.0,44660.0,4.96,1.84,0.37,0.14,0.442,4.1,15.7,27.2,29.7,29.1,24.0,17.2,Kingston (DC) (SA)
43650,8037.0,45.0,422000725.0,45652.0,52507.0,4.2,1.72,0.41,0.17,0.429,6.8,18.1,28.4,23.8,26.5,28.6,21.2,Light (RegC)
43710,2656.0,46.0,143302701.0,42535.0,53954.0,5.01,1.91,0.38,0.14,0.504,6.4,20.8,33.1,26.3,27.1,24.0,22.6,Lower Eyre Peninsula (DC)
43790,6216.0,46.0,271077781.0,37280.0,43610.0,4.8,1.76,0.37,0.13,0.462,6.3,18.9,29.9,30.0,31.1,24.9,14.1,Loxton Waikerie (DC)
43920,4633.0,45.0,235324427.0,44898.0,50793.0,3.77,1.67,0.44,0.21,0.41200000000000003,5.7,16.9,27.2,23.0,28.2,29.9,18.9,Mallala (DC)
44000,,,,,,,,,,,,,,,,,,Maralinga Tjarutja (AC)
44060,48726.0,42.0,2542120212.0,45836.0,52172.0,4.16,1.71,0.41,0.19,0.409,5.4,16.5,26.9,23.5,26.5,28.9,21.2,Marion (C)
44210,3952.0,49.0,156620099.0,33642.0,39631.0,5.96,1.86,0.31,0.1,0.491,6.4,19.2,30.6,34.7,30.1,23.3,11.9,Mid Murray (DC)
44340,39381.0,46.0,2533137083.0,49136.0,64324.0,5.27,1.91,0.36,0.15,0.483,8.7,22.4,33.6,24.5,22.5,23.3,29.7,Mitcham (C)
44550,18190.0,44.0,982730552.0,44987.0,54026.0,4.34,1.77,0.41,0.18,0.44299999999999995,7.3,19.4,30.0,24.1,26.9,27.0,22.0,Mount Barker (DC)
44620,14914.0,45.0,733131445.0,42884.0,49157.0,3.92,1.7,0.43,0.2,0.41,6.2,17.3,27.5,24.2,29.7,28.8,17.3,Mount Gambier (C)
44830,1384.0,52.0,67935756.0,38170.0,49087.0,6.73,2.04,0.3,0.09,0.505,5.8,19.8,32.1,31.7,25.2,22.6,20.5,Mount Remarkable (DC)
45040,10016.0,44.0,421126949.0,38059.0,42045.0,4.2,1.64,0.39,0.15,0.429,5.5,17.1,27.9,29.7,32.0,26.1,12.2,Murray Bridge (RC)
45090,5388.0,44.0,246448343.0,39201.0,45740.0,4.68,1.72,0.37,0.13,0.46799999999999997,6.6,19.7,30.8,29.4,29.1,26.5,15.1,Naracoorte and Lucindale (DC)
45120,2431.0,49.0,122979489.0,41362.0,50588.0,5.69,1.92,0.34,0.11,0.498,6.3,19.8,31.7,28.2,27.2,23.3,21.3,Northern Areas (DC)
45290,20991.0,43.0,1422630811.0,49462.0,67773.0,4.97,1.91,0.39,0.17,0.499,10.4,24.7,36.1,23.3,23.3,24.1,29.3,Norwood Payneham St Peters (C)
45340,88810.0,43.0,4349228876.0,43582.0,48972.0,3.93,1.67,0.43,0.2,0.40299999999999997,5.2,16.2,26.5,24.1,28.7,29.7,17.5,Onkaparinga (C)
45400,547.0,52.0,23463758.0,34991.0,42895.0,6.47,2.01,0.31,0.12,0.488,4.6,17.9,30.0,34.7,27.2,22.2,16.0,Orroroo/Carrieton (DC)
45540,666.0,53.0,27740214.0,35108.0,41652.0,4.19,1.72,0.41,0.13,0.441,4.7,17.1,28.6,30.5,33.5,22.2,13.8,Peterborough (DC)
45680,36772.0,39.0,1678788411.0,42542.0,45654.0,3.43,1.58,0.46,0.23,0.37,4.3,14.4,24.3,23.0,32.0,31.8,13.2,Playford (C)
45890,59263.0,40.0,2985819736.0,44658.0,50383.0,3.99,1.7,0.43,0.2,0.405,5.3,16.2,26.5,23.7,27.8,29.1,19.4,Port Adelaide Enfield (C)
46090,6967.0,44.0,390758955.0,47823.0,56087.0,4.12,1.81,0.44,0.22,0.408,4.9,15.6,26.3,21.2,26.6,26.6,25.6,Port Augusta (C)
46300,8151.0,44.0,426498952.0,42920.0,52325.0,4.1,1.81,0.44,0.21,0.439,6.1,19.0,30.0,23.9,29.8,25.9,20.4,Port Lincoln (C)
46450,7808.0,45.0,395192803.0,42867.0,50614.0,4.83,1.83,0.38,0.15,0.433,5.2,16.6,27.4,26.5,26.5,25.3,21.7,Port Pirie City and Dists (M)
46510,12198.0,42.0,774776520.0,50679.0,63517.0,4.5,1.82,0.4,0.19,0.455,8.1,21.0,31.7,21.9,23.4,25.6,29.2,Prospect (C)
46670,5116.0,44.0,211583131.0,36303.0,41357.0,4.61,1.68,0.36,0.14,0.466,6.6,19.1,30.2,31.6,31.5,24.8,12.1,Renmark Paringa (DC)
46860,861.0,50.0,38286647.0,33847.0,44468.0,5.24,1.88,0.36,0.15,0.524,9.4,23.9,35.9,33.8,31.4,20.7,14.0,Robe (DC)
46970,2599.0,35.0,239138817.0,84723.0,92012.0,4.23,1.68,0.4,0.21,0.384,4.1,14.0,23.9,13.0,15.6,16.5,54.9,Roxby Downs (M)
47140,65987.0,40.0,3108910706.0,43572.0,47114.0,3.54,1.59,0.45,0.22,0.377,4.7,15.0,24.9,23.1,30.1,31.9,14.8,Salisbury (C)
47290,1263.0,48.0,49517464.0,32706.0,39206.0,7.95,2.0,0.25,0.05,0.542,5.9,19.2,31.6,36.9,26.8,23.0,13.3,Southern Mallee (DC)
47490,1236.0,49.0,61487697.0,39508.0,49747.0,5.23,1.95,0.37,0.11,0.47700000000000004,6.0,19.4,31.1,28.9,27.5,23.6,20.0,Streaky Bay (DC)
47980,23145.0,45.0,1797742353.0,53739.0,77673.0,5.28,1.97,0.37,0.17,0.517,10.4,26.2,38.0,21.9,21.3,22.3,34.4,Unley (C)
48050,7139.0,54.0,292117695.0,31463.0,40919.0,6.39,1.94,0.3,0.09,0.503,8.3,22.0,33.8,36.6,31.0,19.1,13.4,Victor Harbor (C)
48130,3458.0,46.0,171152081.0,40793.0,49495.0,4.87,1.83,0.38,0.15,0.462,5.9,19.3,30.8,28.2,27.7,25.7,18.4,Wakefield (DC)
51960,1736.0,41.0,135435175.0,70274.0,78016.0,5.25,1.79,0.34,0.15,0.40399999999999997,3.2,12.9,23.4,19.3,15.9,18.2,46.6,Coolgardie (S)
52030,567.0,52.0,33542974.0,43402.0,59159.0,8.4,2.24,0.27,0.05,0.528,5.1,19.9,33.2,30.9,20.8,20.8,27.4,Coorow (S)
48260,4592.0,49.0,454626851.0,56640.0,99004.0,6.26,2.09,0.33,0.14,0.598,18.0,35.8,47.2,23.2,19.3,19.8,37.7,Walkerville (M)
48340,6285.0,47.0,302302464.0,39896.0,48099.0,5.22,1.87,0.36,0.13,0.48100000000000004,6.8,19.6,31.1,29.1,28.1,24.1,18.7,Wattle Range (DC)
48410,32370.0,41.0,1704338010.0,44777.0,52652.0,4.29,1.74,0.41,0.18,0.428,6.8,18.5,28.9,24.6,26.7,28.0,20.7,West Torrens (C)
48540,10421.0,42.0,647411118.0,53716.0,62126.0,4.48,1.81,0.41,0.2,0.405,4.2,14.6,25.2,20.5,22.7,22.7,34.2,Whyalla (C)
48640,780.0,45.0,44667172.0,45492.0,57266.0,5.41,1.87,0.34,0.08,0.508,6.5,21.7,34.0,27.3,23.2,25.1,24.5,Wudinna (DC)
48750,2482.0,53.0,105186482.0,34675.0,42380.0,6.03,1.87,0.31,0.11,0.489,7.3,20.5,32.1,33.8,29.3,23.3,13.6,Yankalilla (DC)
48830,5428.0,52.0,255433505.0,36252.0,47058.0,7.03,2.05,0.29,0.09,0.516,6.5,21.2,33.8,33.4,27.3,20.6,18.7,Yorke Peninsula (DC)
49399,1333.0,45.0,74216671.0,44974.0,55676.0,5.15,2.09,0.41,0.21,0.45899999999999996,3.9,15.5,27.2,25.0,25.8,20.1,29.1,Unincorporated SA
50080,20674.0,46.0,1076877847.0,41522.0,52089.0,5.19,1.93,0.37,0.17,0.46799999999999997,6.8,19.7,31.0,28.0,26.4,24.0,21.6,Albany (C)
50210,40952.0,39.0,2520843046.0,52020.0,61556.0,4.13,1.74,0.42,0.22,0.42,5.9,17.6,28.4,20.3,23.3,27.9,28.4,Armadale (C)
50250,3753.0,38.0,377556449.0,99459.0,100601.0,4.75,1.52,0.32,0.13,0.396,4.6,14.8,24.2,15.8,11.2,13.8,59.2,Ashburton (S)
50280,8937.0,43.0,448349434.0,37610.0,50168.0,5.51,2.06,0.37,0.17,0.499,6.6,20.8,33.3,31.1,27.7,21.0,20.2,Augusta-Margaret River (S)
50350,9096.0,41.0,583411738.0,53683.0,64139.0,4.34,1.75,0.4,0.21,0.43,6.6,18.5,29.2,20.3,22.2,26.5,31.0,Bassendean (T)
50420,40669.0,39.0,2550256812.0,51848.0,62708.0,4.51,1.8,0.4,0.2,0.436,6.1,18.3,29.5,21.5,22.9,26.2,29.5,Bayswater (C)
50490,22808.0,36.0,1427794035.0,51797.0,62601.0,4.46,1.81,0.41,0.21,0.431,5.7,17.7,28.9,21.1,22.9,26.8,29.2,Belmont (C)
50560,915.0,53.0,52781950.0,40518.0,57685.0,6.08,2.37,0.39,0.12,0.519,6.0,19.9,32.9,28.1,25.8,19.6,26.5,Beverley (S)
50630,986.0,43.0,74952137.0,68596.0,76016.0,5.8,1.75,0.3,0.13,0.439,5.6,16.7,27.2,21.2,17.7,15.8,45.3,Boddington (S)
50770,974.0,50.0,44893745.0,34069.0,46092.0,8.3,2.27,0.27,0.08,0.5529999999999999,7.3,21.8,34.5,37.9,23.2,18.5,20.4,Boyup Brook (S)
50840,2473.0,50.0,130018928.0,39045.0,52575.0,6.49,2.16,0.33,0.12,0.512,8.3,21.5,33.7,31.1,26.3,19.5,23.1,Bridgetown-Greenbushes (S)
50910,538.0,48.0,31723558.0,45081.0,58966.0,5.32,1.91,0.36,0.16,0.48,6.4,20.8,33.3,26.6,24.4,22.9,26.1,Brookton (S)
50980,8293.0,38.0,533311508.0,54305.0,64309.0,4.11,1.76,0.43,0.23,0.415,5.9,17.4,27.9,19.2,22.7,26.6,31.5,Broome (S)
51080,524.0,46.0,32146434.0,42601.0,61348.0,5.81,2.12,0.37,0.13,0.522,8.2,24.2,35.6,29.5,23.6,19.8,27.2,Broomehill-Tambellup (S)
51120,524.0,48.0,47135835.0,59927.0,89954.0,6.55,2.33,0.36,0.11,0.536,5.4,22.1,37.6,21.0,18.3,21.8,38.9,Bruce Rock (S)
51190,18582.0,43.0,1164136126.0,47780.0,62649.0,5.08,1.97,0.39,0.18,0.469,8.1,20.8,32.1,23.7,24.5,23.1,28.7,Bunbury (C)
51260,20719.0,44.0,1194492424.0,41652.0,57652.0,5.43,2.06,0.38,0.17,0.498,8.8,22.4,34.4,27.4,26.7,21.5,24.4,Busselton (C)
51310,17240.0,45.0,1920172070.0,66984.0,111379.0,7.03,2.35,0.33,0.15,0.568,10.7,28.9,42.2,19.9,17.7,17.4,45.0,Cambridge (T)
51330,55843.0,40.0,3364524708.0,47295.0,60250.0,5.23,1.93,0.37,0.17,0.466,6.7,19.9,31.4,25.3,23.3,23.8,27.6,Canning (C)
51400,9254.0,43.0,633398286.0,52069.0,68446.0,5.45,2.04,0.37,0.17,0.47200000000000003,6.8,19.4,31.2,22.5,22.3,21.3,34.0,Capel (S)
51470,386.0,48.0,23102567.0,47395.0,59851.0,5.38,1.91,0.35,0.15,0.479,,19.9,31.2,27.9,19.8,22.7,29.7,Carnamah (S)
51540,3253.0,41.0,175534599.0,42884.0,53961.0,4.91,2.01,0.41,0.2,0.466,4.9,17.2,29.5,25.5,27.8,22.4,24.3,Carnarvon (S)
51610,659.0,47.0,40834264.0,50309.0,61964.0,6.71,2.03,0.3,0.11,0.52,4.9,18.5,31.9,27.4,18.0,22.4,32.1,Chapman Valley (S)
51680,3000.0,46.0,192391107.0,48461.0,64130.0,5.35,2.05,0.38,0.16,0.48200000000000004,7.4,20.3,32.2,23.7,23.9,22.8,29.5,Chittering (S)
51750,6533.0,48.0,764832027.0,61678.0,117072.0,7.87,2.5,0.32,0.14,0.614,14.1,34.4,47.8,22.2,18.1,17.6,42.1,Claremont (T)
51820,60609.0,40.0,4088833466.0,54859.0,67462.0,4.49,1.84,0.41,0.21,0.43799999999999994,6.3,18.5,29.6,19.7,22.1,25.0,33.1,Cockburn (C)
51890,4473.0,45.0,305346667.0,52204.0,68264.0,7.7,2.3,0.3,0.12,0.467,5.0,16.0,27.1,25.8,20.2,16.0,37.9,Collie (S)
52100,722.0,49.0,46643814.0,50268.0,64604.0,5.0,2.01,0.4,0.18,0.457,5.0,17.8,29.8,21.7,24.2,22.8,31.4,Corrigin (S)
52170,5453.0,47.0,739657185.0,70049.0,135642.0,8.37,2.53,0.3,0.13,0.627,15.0,35.4,48.9,20.7,17.3,14.8,47.2,Cottesloe (T)
52240,652.0,44.0,30638533.0,35802.0,46992.0,4.9,2.02,0.41,0.16,0.5,6.1,20.5,32.4,32.5,25.8,23.8,17.9,Cranbrook (S)
52310,458.0,48.0,28089713.0,43285.0,61331.0,5.67,2.1,0.37,0.16,0.531,,25.6,37.5,29.6,22.7,22.7,25.1,Cuballing (S)
52380,131.0,54.0,4922455.0,29291.0,37576.0,,,,,0.609,,21.0,33.9,42.2,21.1,24.2,12.5,Cue (S)
52450,763.0,45.0,46548249.0,51989.0,61007.0,4.35,1.77,0.41,0.13,0.43799999999999994,4.5,16.8,28.0,20.8,22.8,26.0,30.4,Cunderdin (S)
52520,959.0,44.0,63646697.0,49667.0,66368.0,4.74,1.89,0.4,0.17,0.507,7.7,23.6,35.5,22.4,24.1,23.7,29.7,Dalwallinu (S)
52590,1855.0,48.0,112859377.0,42821.0,60841.0,6.12,2.29,0.37,0.15,0.518,7.5,21.3,33.9,26.5,26.6,19.4,27.5,Dandaragan (S)
52660,7680.0,42.0,479846253.0,50608.0,62480.0,5.09,1.99,0.39,0.19,0.467,5.1,17.4,29.1,22.2,23.7,22.5,31.6,Dardanup (S)
52730,3304.0,51.0,152342463.0,32673.0,46108.0,6.52,2.21,0.34,0.13,0.535,8.2,23.2,35.9,35.4,28.5,18.2,17.9,Denmark (S)
52800,2579.0,39.0,148369256.0,48605.0,57530.0,4.65,1.82,0.39,0.21,0.426,6.2,16.8,27.1,23.2,24.4,23.0,29.5,Derby-West Kimberley (S)
52870,3369.0,48.0,178328634.0,38613.0,52932.0,6.67,2.21,0.33,0.12,0.539,9.1,22.4,34.6,31.4,25.5,18.4,24.7,Donnybrook-Balingup (S)
52940,406.0,46.0,24576604.0,45118.0,60534.0,6.95,2.01,0.29,0.08,0.525,,23.7,36.4,27.9,24.4,21.3,26.4,Dowerin (S)
53010,423.0,43.0,30764587.0,58734.0,72730.0,5.24,1.91,0.36,0.14,0.45799999999999996,,18.1,30.2,20.7,20.0,23.0,36.4,Dumbleyung (S)
53080,359.0,47.0,19293697.0,45814.0,53743.0,4.93,1.94,0.39,0.16,0.423,,14.8,26.0,24.9,25.2,23.3,26.6,Dundas (S)
53150,4688.0,46.0,433325108.0,63644.0,92433.0,6.5,2.13,0.33,0.15,0.526,9.1,25.0,37.4,21.2,17.9,18.7,42.2,East Fremantle (T)
53220,3028.0,37.0,277821451.0,81783.0,91751.0,5.18,1.82,0.35,0.16,0.40299999999999997,4.1,13.6,23.5,16.0,14.5,16.9,52.6,East Pilbara (S)
53290,8296.0,45.0,517056913.0,45528.0,62326.0,5.3,2.05,0.39,0.18,0.501,7.7,23.0,34.6,25.4,24.9,21.9,27.8,Esperance (S)
53360,1589.0,39.0,104451011.0,51900.0,65734.0,4.56,1.94,0.43,0.24,0.43799999999999994,5.8,17.8,29.0,20.0,24.8,23.6,31.6,Exmouth (S)
53430,18766.0,42.0,1452222162.0,54877.0,77386.0,5.72,2.03,0.36,0.17,0.513,10.8,24.8,36.4,22.7,20.2,21.8,35.3,Fremantle (C)
53570,2941.0,47.0,159573890.0,37787.0,54258.0,6.69,2.27,0.34,0.12,0.527,7.3,21.9,34.9,31.6,25.0,20.4,23.0,Gingin (S)
53640,850.0,43.0,60211110.0,52466.0,70837.0,6.08,2.01,0.33,0.17,0.499,5.6,20.7,34.4,24.9,20.0,22.6,32.5,Gnowangerup (S)
54280,18053.0,38.0,1349472756.0,64719.0,74751.0,4.32,1.79,0.42,0.21,0.40399999999999997,5.3,15.5,25.7,16.6,19.0,22.0,42.4,Kalgoorlie/Boulder (C)
54310,12693.0,36.0,1208734404.0,83412.0,95228.0,4.84,1.8,0.37,0.17,0.415,4.5,15.3,25.8,14.8,14.6,17.0,53.5,Karratha (C)
53710,557.0,47.0,35421274.0,43681.0,63593.0,6.56,2.25,0.34,0.14,0.529,6.8,23.8,36.0,27.0,24.3,19.1,29.5,Goomalling (S)
53780,65543.0,39.0,3801552264.0,49531.0,58001.0,4.23,1.75,0.41,0.2,0.41700000000000004,5.2,16.9,27.9,21.6,24.4,28.2,25.8,Gosnells (C)
53800,22530.0,43.0,1439848376.0,50512.0,63908.0,4.83,1.94,0.4,0.19,0.455,7.6,19.2,30.2,21.8,24.1,23.2,30.9,Greater Geraldton (C)
53920,785.0,36.0,40340659.0,42633.0,51389.0,5.46,1.98,0.36,0.2,0.44,4.6,15.8,27.3,28.1,25.8,22.0,24.1,Halls Creek (S)
53990,14800.0,43.0,974840139.0,50724.0,65868.0,5.49,2.07,0.38,0.17,0.46299999999999997,6.0,18.2,29.9,23.2,22.8,20.8,33.3,Harvey (S)
54060,1995.0,49.0,136812107.0,47987.0,68577.0,6.67,2.27,0.34,0.14,0.53,10.8,23.8,35.5,26.1,22.2,19.8,31.9,Irwin (S)
54130,707.0,45.0,48311092.0,46033.0,68333.0,6.39,2.29,0.36,0.19,0.526,7.0,23.0,35.7,26.3,23.6,19.4,30.7,Jerramungup (S)
54170,102241.0,44.0,7176794187.0,53800.0,70195.0,5.0,1.93,0.39,0.19,0.46799999999999997,7.2,20.6,32.3,21.3,21.8,23.0,33.8,Joondalup (C)
54200,35248.0,43.0,2332558174.0,53549.0,66176.0,4.54,1.83,0.4,0.19,0.44799999999999995,6.8,19.2,30.4,20.6,22.4,25.5,31.6,Kalamunda (S)
54340,2302.0,44.0,121255769.0,43286.0,52674.0,4.33,1.87,0.43,0.18,0.439,5.2,18.0,29.2,23.8,30.1,24.2,21.9,Katanning (S)
54410,607.0,48.0,38259868.0,46771.0,63031.0,5.85,1.88,0.32,0.08,0.528,7.4,24.7,37.2,26.7,22.6,23.9,26.7,Kellerberrin (S)
54480,333.0,43.0,29598275.0,59338.0,88884.0,6.71,2.32,0.35,0.15,0.5329999999999999,,20.8,35.8,21.1,22.0,16.6,40.4,Kent (S)
54550,1447.0,47.0,70906956.0,37782.0,49003.0,6.58,2.0,0.3,0.12,0.501,6.4,21.0,33.2,31.9,26.8,21.7,19.7,Kojonup (S)
54620,606.0,46.0,44718759.0,52236.0,73793.0,6.42,2.23,0.35,0.16,0.496,6.2,20.4,33.4,23.3,20.2,22.3,34.2,Kondinin (S)
54690,244.0,51.0,12929428.0,44443.0,52989.0,7.06,2.14,0.3,0.08,0.47600000000000003,,15.5,27.1,28.5,22.3,21.1,28.1,Koorda (S)
54760,477.0,47.0,36228834.0,54546.0,75951.0,4.64,1.98,0.43,0.25,0.47600000000000003,,21.7,34.1,18.7,21.8,25.2,34.4,Kulin (S)
54830,17677.0,37.0,1089828040.0,53147.0,61652.0,3.99,1.72,0.43,0.21,0.409,4.8,16.4,27.2,19.2,23.2,28.4,29.1,Kwinana (C)
54900,1001.0,45.0,80241740.0,54102.0,80162.0,6.0,2.24,0.37,0.19,0.525,7.1,23.1,36.7,22.0,20.8,21.3,36.0,Lake Grace (S)
54970,253.0,44.0,13284276.0,47912.0,52507.0,6.63,1.83,0.28,0.15,0.441,,13.6,25.0,30.4,18.4,22.4,28.8,Laverton (S)
55040,519.0,41.0,35624714.0,59097.0,68641.0,4.99,1.86,0.37,0.17,0.423,3.9,14.6,25.6,20.3,19.3,21.8,38.5,Leonora (S)
55110,41828.0,45.0,2758753062.0,47923.0,65955.0,6.19,2.21,0.36,0.16,0.491,7.5,20.4,32.4,25.4,22.9,20.3,31.4,Mandurah (C)
55180,5349.0,47.0,252880811.0,37640.0,47276.0,5.53,2.0,0.36,0.16,0.47600000000000003,5.6,18.8,30.7,31.4,27.5,21.9,19.2,Manjimup (S)
55250,380.0,43.0,19639303.0,40315.0,51682.0,4.12,2.03,0.49,0.23,0.45,,17.9,29.6,23.0,34.3,19.8,23.0,Meekatharra (S)
55320,64608.0,45.0,5184120308.0,53503.0,80240.0,6.3,2.11,0.33,0.15,0.539,12.5,27.2,39.1,24.1,20.3,19.8,35.7,Melville (C)
55950,366.0,46.0,17454460.0,38838.0,47690.0,7.64,1.99,0.26,0.08,0.528,,20.5,32.7,34.0,22.8,23.4,19.8,Mukinbudin (S)
55390,52.0,51.0,2274565.0,34463.0,43742.0,,,,,,,,,37.7,20.8,24.5,17.0,Menzies (S)
55460,1812.0,45.0,109174288.0,50395.0,60251.0,4.82,1.94,0.4,0.17,0.515,7.0,19.9,31.4,21.9,23.8,23.1,31.2,Merredin (S)
55530,280.0,44.0,21833134.0,52984.0,77975.0,5.97,2.18,0.36,0.13,0.5539999999999999,,24.5,38.4,23.0,17.7,25.5,33.7,Mingenew (S)
56090,22204.0,46.0,1477285769.0,51880.0,66532.0,5.08,1.92,0.38,0.18,0.466,6.6,19.8,31.5,22.5,22.4,22.8,32.3,Mundaring (S)
55670,423.0,44.0,24318438.0,48674.0,57490.0,5.75,1.78,0.31,0.07,0.537,,21.7,33.2,27.9,19.5,25.2,27.4,Morawa (S)
55600,1453.0,45.0,89405801.0,49250.0,61532.0,4.62,1.89,0.41,0.2,0.47,6.6,19.6,31.0,21.8,24.5,24.6,29.1,Moora (S)
56860,122.0,49.0,6351357.0,39783.0,52060.0,,,,,0.585,,27.1,38.1,36.1,19.3,22.7,21.8,Nungarin (S)
56930,1079.0,49.0,233870159.0,84800.0,216747.0,11.56,2.79,0.24,0.07,,14.0,40.8,57.2,21.0,12.6,12.0,54.4,Peppermint Grove (S)
55740,5705.0,44.0,700442503.0,60400.0,122777.0,7.56,2.45,0.32,0.14,0.647,20.3,39.8,52.1,22.6,17.8,18.7,40.9,Mosman Park (T)
55810,227.0,45.0,12397912.0,45966.0,54616.0,5.43,1.91,0.35,0.13,0.45899999999999996,,16.9,29.2,25.2,24.8,24.8,25.2,Mount Magnet (S)
55880,326.0,48.0,18667942.0,47612.0,57264.0,7.61,2.13,0.28,0.09,0.511,,17.6,29.1,31.5,16.7,19.1,32.7,Mount Marshall (S)
65210,1141.0,52.0,43428957.0,28759.0,38062.0,6.41,2.01,0.31,0.09,0.509,7.1,21.7,33.6,39.3,30.5,18.4,11.9,Tasman (M)
65410,6685.0,46.0,324003432.0,40825.0,48467.0,5.41,1.84,0.34,0.13,0.45399999999999996,6.7,18.3,29.2,28.6,27.1,25.1,19.1,Waratah/Wynyard (M)
65610,2042.0,43.0,120352496.0,47774.0,58939.0,5.9,2.0,0.34,0.16,0.442,4.9,16.2,27.1,25.8,22.0,20.5,31.6,West Coast (M)
56160,,,,,,,,,,,,,,,,,,Murchison (S)
56230,8364.0,46.0,545303497.0,47858.0,65196.0,6.49,2.29,0.35,0.15,0.486,6.1,18.8,30.6,25.7,22.9,18.5,32.9,Murray (S)
56300,743.0,52.0,34269303.0,30745.0,46123.0,7.43,2.34,0.31,0.08,0.5670000000000001,11.4,26.2,38.8,38.1,27.0,17.3,17.7,Nannup (S)
65810,12223.0,47.0,608565617.0,41561.0,49789.0,4.96,1.82,0.37,0.14,0.455,6.9,19.4,30.2,27.9,27.2,25.6,19.3,West Tamar (M)
56370,502.0,50.0,35845671.0,50017.0,71406.0,5.47,2.07,0.38,0.15,0.528,6.4,22.6,37.4,22.6,24.4,21.4,31.5,Narembeen (S)
79399,3588.0,39.0,260315760.0,56544.0,72552.0,4.89,2.04,0.42,0.21,0.44,5.8,17.4,28.4,19.1,21.7,21.9,37.3,Unincorporated NT
56460,2659.0,46.0,151024977.0,46274.0,56798.0,4.36,1.88,0.43,0.21,0.433,4.8,17.1,28.4,22.3,27.3,24.4,26.0,Narrogin (S)
56580,13971.0,48.0,1904462838.0,67572.0,136315.0,9.42,2.64,0.28,0.12,0.6409999999999999,16.3,36.1,49.8,22.8,16.4,15.1,45.7,Nedlands (C)
56620,,,,,,,,,,,,,,,,,,Ngaanyatjarraku (S)
63410,934.0,49.0,43140443.0,40253.0,46189.0,4.78,1.76,0.37,0.15,0.451,4.8,17.5,28.9,28.9,27.4,26.8,16.8,King Island (M)
63610,19855.0,46.0,1054871511.0,44700.0,53129.0,4.52,1.77,0.39,0.17,0.439,6.8,18.9,29.5,24.8,26.4,27.2,21.6,Kingborough (M)
56730,5434.0,45.0,321359509.0,49758.0,59139.0,4.88,1.84,0.38,0.17,0.44,5.5,17.2,28.3,23.4,23.1,25.0,28.6,Northam (S)
56790,1768.0,49.0,92016534.0,37295.0,52046.0,7.86,2.31,0.29,0.11,0.523,5.7,20.1,33.4,32.9,24.9,18.5,23.7,Northampton (S)
63810,5479.0,46.0,264478464.0,40532.0,48271.0,4.87,1.84,0.38,0.15,0.45,6.1,18.4,29.3,28.0,28.4,24.8,18.8,Latrobe (M) (Tas.)
64010,32925.0,43.0,1656089601.0,41825.0,50299.0,4.34,1.75,0.4,0.18,0.447,8.0,20.4,30.8,26.1,29.4,26.7,17.9,Launceston (C)
57630,38.0,54.0,1734368.0,52253.0,45641.0,,,,,,,,,35.0,12.5,27.5,25.0,Sandstone (S)
57700,12925.0,41.0,871824793.0,54959.0,67453.0,4.42,1.83,0.41,0.2,0.44299999999999995,7.0,18.9,29.9,19.5,22.3,25.0,33.2,Serpentine-Jarrahdale (S)
57770,494.0,44.0,25599865.0,42485.0,51822.0,5.03,1.95,0.39,0.16,0.451,,16.8,28.7,28.4,26.0,21.3,24.3,Shark Bay (S)
57840,27536.0,41.0,2362563676.0,57670.0,85799.0,5.99,2.11,0.35,0.17,0.529,11.0,26.4,38.4,21.8,19.3,20.5,38.4,South Perth (C)
57910,131513.0,39.0,9394665600.0,53495.0,71435.0,4.9,1.9,0.39,0.19,0.48100000000000004,8.9,22.8,34.3,21.4,21.7,24.3,32.7,Stirling (C)
57980,11600.0,42.0,1142204196.0,62721.0,98466.0,7.03,2.19,0.31,0.14,0.56,11.1,28.4,41.2,22.3,17.1,18.4,42.2,Subiaco (C)
58050,70965.0,40.0,4458493528.0,52235.0,62827.0,4.02,1.74,0.43,0.23,0.426,6.9,18.6,29.4,19.6,23.6,28.2,28.5,Swan (C)
58190,237.0,44.0,15814344.0,47502.0,66727.0,5.75,2.4,0.42,0.17,0.48100000000000004,,17.7,30.4,22.3,24.8,23.9,29.0,Tammin (S)
58260,307.0,44.0,19533546.0,47746.0,63627.0,5.85,2.02,0.35,0.12,0.5429999999999999,,22.9,36.3,24.8,24.2,21.2,29.7,Three Springs (S)
64210,10167.0,46.0,479692072.0,40180.0,47181.0,4.48,1.78,0.4,0.16,0.44,6.4,18.3,28.9,27.5,29.6,26.1,16.8,Meander Valley (M)
64610,6656.0,46.0,310381803.0,39927.0,46632.0,4.34,1.72,0.4,0.16,0.45799999999999996,7.6,20.0,30.5,27.5,30.2,26.9,15.4,Northern Midlands (M)
64810,7228.0,45.0,325071280.0,41107.0,44974.0,3.79,1.65,0.44,0.21,0.39399999999999996,4.7,15.3,25.3,25.4,31.3,29.2,14.1,Sorell (M)
57000,293.0,46.0,14160176.0,37604.0,48328.0,8.14,2.41,0.3,0.1,0.539,,17.5,30.0,36.0,20.9,17.5,25.7,Perenjori (S)
57080,17079.0,33.0,1576831217.0,56900.0,92326.0,7.99,2.38,0.3,0.15,0.5670000000000001,10.5,27.4,40.8,25.6,17.1,18.1,39.2,Perth (C)
57140,648.0,49.0,37632997.0,44573.0,58076.0,6.15,2.1,0.34,0.12,0.501,4.8,19.3,31.6,28.3,22.6,20.9,28.2,Pingelly (S)
57210,2866.0,49.0,128221714.0,35116.0,44739.0,5.91,2.0,0.34,0.13,0.489,5.9,19.5,31.4,33.7,27.4,21.9,17.0,Plantagenet (S)
57280,8888.0,35.0,832115737.0,84001.0,93622.0,4.58,1.73,0.38,0.19,0.401,4.7,14.8,24.9,14.2,14.8,16.8,54.2,Port Hedland (T)
57350,560.0,51.0,43048655.0,52005.0,76873.0,5.69,2.15,0.38,0.16,0.504,6.4,22.6,35.8,22.5,21.3,22.5,33.6,Quairading (S)
57420,1141.0,45.0,80518170.0,52811.0,70568.0,6.92,2.0,0.29,0.11,0.53,7.1,23.2,35.3,26.6,19.0,18.3,36.0,Ravensthorpe (S)
57490,65972.0,40.0,4486691572.0,55135.0,68009.0,4.84,1.92,0.4,0.2,0.43799999999999994,5.2,17.2,28.6,20.3,21.8,23.5,34.4,Rockingham (C)
65010,2984.0,46.0,130063052.0,38402.0,43587.0,4.63,1.69,0.37,0.14,0.46,7.7,19.4,29.9,28.6,31.7,26.8,12.8,Southern Midlands (M)
58330,2378.0,50.0,139751175.0,45652.0,58768.0,6.76,2.13,0.32,0.11,0.491,5.3,18.1,30.5,28.4,21.8,20.5,29.3,Toodyay (S)
58400,175.0,51.0,11681850.0,49458.0,66753.0,,,,,0.48200000000000004,,16.6,28.9,27.3,18.2,18.8,35.8,Trayning (S)
58470,37.0,53.0,1956314.0,50378.0,52873.0,,,,,,,,,23.5,23.5,26.5,26.5,Upper Gascoyne (S)
58510,22156.0,35.0,1501299101.0,53305.0,67760.0,5.06,1.91,0.38,0.19,0.46,6.8,19.6,31.2,22.0,21.1,23.9,32.9,Victoria Park (T)
70200,17208.0,39.0,1014605722.0,51913.0,58961.0,3.94,1.67,0.42,0.22,0.40399999999999997,6.2,17.1,27.1,20.2,23.4,29.7,26.7,Alice Springs (T)
58540,602.0,45.0,41850904.0,45530.0,69520.0,5.61,2.17,0.39,0.15,0.545,14.7,28.1,39.9,26.6,23.9,21.3,28.2,Victoria Plains (S)
58570,22831.0,35.0,1788347038.0,58576.0,78330.0,5.43,1.97,0.36,0.18,0.484,8.2,21.9,33.6,20.8,19.6,22.0,37.7,Vincent (C)
58610,1119.0,50.0,61376895.0,45584.0,54850.0,4.48,1.78,0.4,0.15,0.449,5.8,18.5,29.7,24.2,25.8,27.5,22.5,Wagin (S)
58680,246.0,45.0,17953953.0,62455.0,72984.0,5.05,1.83,0.36,0.16,0.42100000000000004,,15.8,26.4,18.8,18.4,22.0,40.8,Wandering (S)
58760,99435.0,39.0,6189126968.0,51063.0,62243.0,4.28,1.81,0.42,0.23,0.429,5.7,17.8,29.1,20.5,24.2,26.3,29.0,Wanneroo (C)
58820,2112.0,46.0,139143551.0,49385.0,65882.0,6.77,2.29,0.34,0.16,0.467,5.0,16.4,28.1,25.1,22.3,16.5,36.1,Waroona (S)
58890,554.0,48.0,29298937.0,38796.0,52886.0,8.44,2.2,0.26,0.1,0.527,7.1,20.8,33.3,32.7,22.7,20.0,24.5,West Arthur (S)
59030,128.0,47.0,6807049.0,44043.0,53180.0,,,,,0.57,,15.8,30.1,29.5,22.5,15.5,32.6,Westonia (S)
72800,19819.0,35.0,1362869839.0,62753.0,68766.0,2.91,1.54,0.53,0.29,0.35600000000000004,4.7,15.0,24.9,12.7,19.2,33.6,34.5,Palmerston (C)
73600,631.0,43.0,32617938.0,37238.0,51692.0,5.42,2.01,0.37,0.17,0.511,15.3,25.7,35.9,31.1,28.5,21.3,19.1,Roper Gulf (R)
74050,327.0,39.0,13217048.0,31005.0,40419.0,4.17,1.94,0.46,0.28,0.42200000000000004,,18.1,29.4,31.1,40.6,16.0,12.3,Tiwi Islands (R)
74550,561.0,39.0,25072470.0,31973.0,44692.0,6.76,2.28,0.34,0.15,0.488,5.1,18.4,31.0,35.1,28.4,17.9,18.6,Victoria Daly (R)
59100,474.0,49.0,32997584.0,51027.0,69615.0,5.76,2.16,0.38,0.17,0.47700000000000004,,18.4,31.1,25.4,20.2,20.6,33.8,Wickepin (S)
74560,227.0,50.0,14079381.0,58773.0,62024.0,4.37,1.58,0.36,0.18,0.4,,14.5,25.3,21.0,17.5,28.8,32.8,Wagait (S)
74660,799.0,39.0,51668837.0,54963.0,64667.0,5.43,1.85,0.34,0.16,0.433,5.0,15.9,26.8,24.4,17.5,23.0,35.2,West Arnhem (R)
74680,306.0,39.0,12122477.0,30398.0,39616.0,5.55,2.15,0.39,0.2,0.45299999999999996,,16.3,28.6,35.4,35.1,13.0,16.6,West Daly (R)
59170,664.0,46.0,38834808.0,46445.0,58486.0,4.23,1.93,0.46,0.21,0.455,7.3,18.7,29.6,20.8,28.9,23.6,26.8,Williams (S)
59250,126.0,40.0,6576735.0,46769.0,52196.0,,,,,0.48,,15.5,27.3,25.2,24.4,24.4,26.0,Wiluna (S)
89399,237161.0,41.0,16598660685.0,60524.0,69989.0,3.95,1.67,0.42,0.21,0.415,6.7,18.2,28.4,17.5,19.8,26.6,36.0,Unincorporated ACT
99399,1071.0,46.0,77072659.0,69733.0,71963.0,4.71,1.57,0.33,0.14,0.396,5.3,15.1,24.8,19.4,15.5,21.6,43.5,Unincorp. Other Territories
59310,942.0,46.0,62095286.0,49213.0,65919.0,6.39,2.06,0.32,0.15,0.49700000000000005,5.5,21.0,33.4,25.2,21.3,22.4,31.1,Wongan-Ballidu (S)
59320,230.0,48.0,14661513.0,47932.0,63746.0,5.92,2.14,0.36,0.16,0.465,,17.8,29.6,25.9,19.3,22.4,32.5,Woodanilling (S)
59330,261.0,50.0,18919617.0,54019.0,72489.0,6.61,1.91,0.29,0.13,0.518,,23.3,35.6,24.2,19.7,21.2,34.8,Wyalkatchem (S)
59340,4100.0,38.0,270685543.0,55736.0,66021.0,4.48,1.74,0.39,0.2,0.43700000000000006,7.8,19.3,29.4,20.4,20.5,25.7,33.4,Wyndham-East Kimberley (S)
59350,78.0,46.0,4108946.0,50193.0,52679.0,,,,,,,,,20.8,26.0,26.0,27.3,Yalgoo (S)
59360,652.0,48.0,44305806.0,53569.0,67954.0,7.15,2.07,0.29,0.12,0.505,5.3,18.3,30.5,25.0,19.3,19.4,36.3,Yilgarn (S)
59370,2181.0,49.0,122386863.0,40184.0,56115.0,7.4,2.18,0.29,0.08,0.532,8.3,22.4,34.7,31.5,23.2,19.0,26.3,York (S)
60210,2664.0,51.0,104081223.0,30269.0,39070.0,5.95,2.0,0.34,0.11,0.5,7.0,20.5,32.7,38.5,29.6,18.9,12.9,Break O'Day (M)
60410,7119.0,41.0,326233507.0,42606.0,45826.0,3.36,1.58,0.47,0.24,0.366,4.2,14.2,24.1,22.6,32.1,31.5,13.8,Brighton (M)
60610,9487.0,43.0,470184061.0,42156.0,49561.0,4.56,1.77,0.39,0.15,0.436,6.8,18.3,28.8,26.1,28.7,26.5,18.7,Burnie (C)
60810,11129.0,47.0,527191213.0,40330.0,47371.0,5.07,1.84,0.36,0.15,0.444,6.1,17.8,28.5,28.7,27.8,24.9,18.6,Central Coast (M) (Tas.)
61010,1071.0,47.0,42789353.0,33229.0,39953.0,7.29,1.85,0.25,0.08,0.523,5.6,21.2,33.0,36.2,28.5,23.2,12.1,Central Highlands (M) (Tas.)
61210,4323.0,44.0,201294089.0,41596.0,46564.0,3.78,1.64,0.43,0.19,0.41700000000000004,5.7,17.0,27.4,24.4,31.2,29.2,15.2,Circular Head (M)
61410,29570.0,46.0,1554940125.0,45183.0,52585.0,4.25,1.75,0.41,0.18,0.423,6.1,17.7,28.1,23.9,27.0,27.8,21.4,Clarence (C)
61510,4584.0,44.0,208133481.0,40694.0,45404.0,4.18,1.7,0.41,0.18,0.405,4.7,15.6,25.9,26.4,29.9,28.7,14.9,Derwent Valley (M)
61610,12153.0,44.0,563394403.0,39221.0,46358.0,4.57,1.79,0.39,0.16,0.439,7.1,18.7,29.2,28.3,30.5,25.1,16.0,Devonport (C)
61810,3404.0,47.0,141726589.0,35774.0,41635.0,4.91,1.77,0.36,0.13,0.465,7.0,19.0,29.9,32.1,31.2,24.2,12.5,Dorset (M)
62010,501.0,51.0,20890437.0,34469.0,41697.0,5.31,1.83,0.34,0.1,0.514,,20.9,32.9,35.7,28.9,21.5,13.9,Flinders (M) (Tas.)
62210,2717.0,47.0,131576230.0,40963.0,48427.0,5.19,1.87,0.36,0.15,0.445,6.9,18.4,28.9,28.4,28.0,24.2,19.4,George Town (M)
62410,2239.0,52.0,91136011.0,32573.0,40704.0,5.63,1.81,0.32,0.13,0.491,8.6,22.6,33.8,36.1,32.8,19.5,11.7,Glamorgan/Spring Bay (M)
62610,21808.0,42.0,988864584.0,42232.0,45344.0,3.67,1.6,0.44,0.2,0.381,4.7,14.7,24.6,24.3,31.1,30.9,13.7,Glenorchy (C)
62810,30570.0,45.0,1932255647.0,46956.0,63208.0,5.23,1.89,0.36,0.16,0.498,10.2,24.5,35.6,25.3,23.7,23.5,27.5,Hobart (C)
63010,7969.0,46.0,349637936.0,37163.0,43875.0,5.16,1.79,0.35,0.14,0.466,6.9,19.6,30.5,31.7,29.4,24.8,14.0,Huon Valley (M)
63210,3078.0,47.0,131833152.0,36168.0,42831.0,5.11,1.88,0.37,0.14,0.45399999999999996,5.0,17.3,28.7,31.1,30.8,23.1,14.9,Kentish (M)
70420,1651.0,42.0,86909320.0,47838.0,52640.0,3.84,1.75,0.46,0.22,0.419,4.0,14.4,24.8,20.6,27.1,27.9,24.5,Barkly (R)
70540,,,,,,,,,,,,,,,,,,Belyuen (S)
70620,97.0,39.0,4277723.0,33874.0,44100.0,,,,,0.419,,14.5,26.0,31.0,30.0,23.0,16.0,Central Desert (R)
70700,585.0,48.0,31177077.0,45524.0,53294.0,4.67,1.81,0.39,0.18,0.43799999999999994,5.5,16.8,27.5,24.9,25.4,25.9,23.9,Coomalie (S)
71000,54025.0,37.0,3686290700.0,57397.0,68233.0,3.78,1.68,0.44,0.24,0.41700000000000004,7.2,19.1,29.4,17.4,21.0,28.9,32.7,Darwin (C)
71300,481.0,38.0,16912756.0,24828.0,35162.0,6.81,2.32,0.34,0.21,0.479,,17.7,30.7,45.2,27.5,15.2,12.1,East Arnhem (R)
72200,5032.0,39.0,300318627.0,54404.0,59682.0,3.3,1.59,0.48,0.25,0.374,4.5,14.9,24.6,17.0,22.5,32.1,28.4,Katherine (T)
72300,11151.0,43.0,786876079.0,60910.0,70566.0,3.68,1.68,0.46,0.24,0.40399999999999997,5.9,17.0,27.5,15.8,19.8,28.3,36.1,Litchfield (M)
72330,388.0,38.0,16387426.0,32987.0,42236.0,5.2,2.09,0.4,0.21,0.447,,17.0,28.7,35.9,27.4,22.2,14.5,MacDonnell (R)
