lga_code,lga_name,new_houses_num,new_oth_resial_building_num,tot_dwl_num,value_new_houses_aud000,value_new_oth_resial_building_aud000,value_alterations_additions_conversions_resial_building_aud000,value_tot_resial_building_aud000,value_non_resial_building_aud000,value_tot_building_aud000
10050,Albury (C),299,59,358,80122.7,19722.5,15654.0,115499.2,86574.4,202073.6
10110,Armidale Dumaresq (A),75,3,78,17867.8,500.0,3552.4,21920.2,29927.0,51847.2
10150,Ashfield (A),12,56,72,5256.1,25120.0,18517.9,48894.0,69281.0,118175.0
10200,Auburn (C),178,843,1036,32712.4,238893.1,6641.7,278247.2,95161.2,373408.4
10250,Ballina (A),145,118,268,40459.7,33122.0,13036.4,86618.1,18556.8,105174.9
10300,Balranald (A),3,0,3,1037.9,0.0,256.5,1294.4,736.0,2030.4
10350,Bankstown (C),533,964,1526,120534.7,190386.2,21457.5,332378.4,112224.8,444603.1
10470,Bathurst Regional (A),225,58,286,55365.1,9559.3,7386.4,72310.8,64516.2,136827.1
10550,Bega Valley (A),169,0,170,51056.3,0.0,7247.1,58303.5,147864.3,206167.8
10600,Bellingen (A),21,0,21,5008.2,0.0,2083.5,7091.8,2281.5,9373.2
10650,Berrigan (A),31,0,31,7845.5,0.0,1583.6,9429.1,8200.8,17629.8
10750,Blacktown (C),1645,1128,2830,387566.4,185046.4,22469.5,595082.4,642209.6,1237291.9
10800,Bland (A),11,0,11,2651.7,0.0,804.2,3455.8,8437.4,11893.2
10850,Blayney (A),20,0,20,5415.8,0.0,1996.9,7412.8,5063.4,12476.2
10900,Blue Mountains (C),155,2,179,53589.3,270.0,30296.6,84155.8,32457.6,116613.4
10950,Bogan (A),3,0,3,432.0,0.0,170.0,602.0,290.0,892.0
11000,Bombala (A),4,0,4,1188.9,0.0,352.9,1541.7,235.0,1776.7
11050,Boorowa (A),6,0,6,1381.8,0.0,460.4,1842.1,0.0,1842.1
11100,Botany Bay (C),40,2002,2042,9483.1,412289.9,5319.7,427092.7,251083.5,678176.2
11150,Bourke (A),3,0,3,959.0,0.0,295.5,1254.5,1538.1,2792.6
11200,Brewarrina (A),7,3,11,3344.0,1293.7,90.0,4727.7,2840.0,7567.7
12000,Coolamon (A),23,0,24,6444.0,0.0,704.2,7148.3,1530.0,8678.3
11250,Broken Hill (C),13,38,51,2829.4,4000.0,2738.5,9568.0,9931.1,19499.1
11300,Burwood (A),13,754,768,6535.4,227762.7,9849.9,244148.0,67098.7,311246.7
11350,Byron (A),124,42,177,37824.8,9291.0,14318.8,61434.6,17140.4,78575.1
11400,Cabonne (A),41,2,43,11718.7,350.0,2650.2,14718.9,6155.7,20874.6
11450,Camden (A),1452,81,1533,406710.8,14366.8,7059.0,428136.6,111159.5,539296.1
11500,Campbelltown (C),610,401,1017,148907.6,78737.6,17262.4,244907.5,169924.2,414831.8
11520,Canada Bay (A),58,302,394,34143.7,109420.0,54570.9,198134.7,50941.8,249076.5
11550,Canterbury (C),126,1077,1207,33471.0,251976.8,29222.4,314670.3,41514.7,356184.9
11600,Carrathool (A),3,0,3,1000.0,0.0,218.3,1218.3,7990.0,9208.3
11700,Central Darling (A),4,0,4,197.2,0.0,57.5,254.7,515.7,770.4
11720,Cessnock (C),374,120,496,84745.7,21024.6,11355.5,117125.7,37314.9,154440.6
11730,Clarence Valley (A),111,2,114,25767.7,386.0,8115.8,34269.5,4781.8,39051.3
11750,Cobar (A),2,0,2,434.0,0.0,634.6,1068.6,90.0,1158.6
11800,Coffs Harbour (C),227,51,282,60534.6,10501.6,13536.1,84572.3,40780.2,125352.5
11860,Conargo (A),2,0,2,498.0,0.0,0.0,498.0,468.0,966.0
12050,Cooma-Monaro (A),17,0,18,3524.9,0.0,2636.9,6161.8,5180.0,11341.8
12150,Coonamble (A),1,0,1,80.0,0.0,175.0,255.0,190.0,445.0
12200,Cootamundra (A),28,2,30,6367.2,410.0,1690.7,8467.9,3299.7,11767.6
12300,Corowa Shire (A),42,0,42,10955.3,0.0,1164.5,12119.8,3582.4,15702.2
12350,Cowra (A),22,0,22,5277.1,0.0,1953.0,7230.0,7531.4,14761.5
12500,Deniliquin (A),11,0,11,3318.2,0.0,781.3,4099.5,240.5,4340.0
12600,Dubbo (C),261,112,379,70914.3,18549.0,3087.2,92550.4,103388.7,195939.2
12700,Dungog (A),42,0,42,12234.0,0.0,2123.1,14357.1,624.6,14981.7
12750,Eurobodalla (A),174,41,215,52685.8,7508.5,10998.8,71193.1,14641.1,85834.2
12850,Fairfield (C),418,315,751,74504.7,52359.0,9550.9,136414.6,198395.2,334809.8
12900,Forbes (A),13,0,13,3935.4,0.0,1762.7,5698.0,4020.0,9718.0
12950,Gilgandra (A),5,0,5,1468.4,0.0,180.2,1648.6,360.0,2008.6
13010,Glen Innes Severn (A),23,14,37,5337.9,1550.0,1915.6,8803.6,950.0,9753.6
13050,Gloucester (A),34,0,35,9812.5,0.0,1051.3,10863.8,1670.9,12534.7
13100,Gosford (C),303,356,675,73184.1,79763.9,48799.5,201747.5,95235.4,296982.9
13310,Goulburn Mulwaree (A),115,4,120,27026.2,530.0,2851.0,30407.2,4249.4,34656.6
13320,Great Lakes (A),118,6,147,28622.4,1194.7,9290.8,39107.9,4532.6,43640.5
13340,Greater Hume Shire (A),41,8,51,11305.1,1120.0,2078.7,14503.8,9144.2,23648.0
13380,Greater Taree (C),163,20,185,41440.1,3895.0,4934.8,50270.0,23523.9,73793.9
13450,Griffith (C),57,0,57,18799.2,0.0,5090.0,23889.3,7032.3,30921.6
13500,Gundagai (A),10,0,10,2796.6,0.0,335.6,3132.2,171.0,3303.2
13550,Gunnedah (A),61,0,62,18389.1,0.0,1702.0,20091.2,4059.7,24150.9
13650,Guyra (A),24,0,24,5811.0,0.0,92.5,5903.5,0.0,5903.5
13660,Gwydir (A),12,0,12,3083.7,0.0,310.3,3394.1,858.5,4252.6
13700,Harden (A),10,0,10,2148.4,0.0,869.5,3017.9,14440.0,17457.9
13800,Hawkesbury (C),165,32,204,57660.0,5806.0,8514.6,71980.5,42147.2,114127.7
13850,Hay (A),3,0,3,626.5,0.0,496.0,1122.5,120.0,1242.5
13950,Holroyd (C),269,326,613,61257.7,69768.0,6945.3,137970.9,109571.5,247542.5
14000,Hornsby (A),241,919,1167,85659.8,196555.7,42708.8,324924.3,95243.3,420167.6
14100,Hunters Hill (A),12,11,61,12582.4,6063.6,12544.1,31190.0,380.0,31570.0
14150,Hurstville (C),103,914,1023,30864.7,244520.1,16449.8,291834.6,73918.9,365753.5
14200,Inverell (A),20,0,20,5230.2,0.0,1915.4,7145.6,8284.6,15430.2
14250,Jerilderie (A),1,0,1,411.0,0.0,163.5,574.5,50.0,624.5
14300,Junee (A),16,0,16,3460.0,0.0,874.8,4334.8,1798.0,6132.8
14350,Kempsey (A),71,0,71,16425.5,0.0,3277.7,19703.2,48017.8,67721.0
14400,Kiama (A),22,39,61,7437.8,13383.5,4805.9,25627.2,1329.0,26956.2
14450,Kogarah (C),77,471,565,39689.8,120579.8,22576.2,182845.8,40258.4,223104.2
14500,Ku-ring-gai (A),126,736,865,68048.3,188621.9,80595.2,337265.3,74926.7,412192.1
14550,Kyogle (A),26,0,26,4383.9,0.0,1139.7,5523.6,1085.0,6608.6
14600,Lachlan (A),5,0,5,1406.7,0.0,484.7,1891.4,1248.5,3139.9
14650,Lake Macquarie (C),688,340,1036,202659.1,65127.0,39973.3,307759.4,72338.7,380098.0
14700,Lane Cove (A),52,895,952,24320.8,233139.9,27248.1,284708.8,12407.2,297116.0
14750,Leeton (A),56,0,56,15382.6,0.0,2110.1,17492.7,8741.3,26234.0
14800,Leichhardt (A),9,56,65,5630.1,16800.0,21124.3,43554.4,15435.0,58989.4
14850,Lismore (C),64,8,76,15174.1,850.0,2654.1,18678.3,110071.5,128749.8
14870,Lithgow (C),83,13,100,23035.7,2077.3,3287.6,28400.6,11725.9,40126.5
14900,Liverpool (C),1280,903,2195,334542.1,211110.4,10193.3,555845.8,163626.6,719472.4
14920,Liverpool Plains (A),12,0,12,3029.9,0.0,654.0,3683.9,925.6,4609.5
14950,Lockhart (A),11,0,11,2531.9,0.0,991.9,3523.7,1185.0,4708.7
15050,Maitland (C),636,185,822,156835.7,33070.0,12563.4,202469.1,55880.7,258349.8
15150,Manly (A),18,30,48,12805.1,14900.0,26286.9,53992.0,4770.8,58762.7
15200,Marrickville (A),38,483,552,12569.9,126366.7,43707.1,182643.7,42469.8,225113.5
15270,Mid-Western Regional (A),80,44,124,21741.4,9019.0,3765.8,34526.3,5367.7,39894.0
15300,Moree Plains (A),37,2,39,11172.4,185.0,11129.3,22486.7,5161.9,27648.7
15350,Mosman (A),17,64,81,33909.3,27187.2,76667.7,137764.1,2455.2,140219.3
15500,Murray (A),47,0,47,13072.7,0.0,1384.9,14457.7,9085.4,23543.1
15550,Murrumbidgee (A),0,0,0,0.0,0.0,66.9,66.9,5600.0,5666.9
15650,Muswellbrook (A),125,6,134,29968.7,1502.0,1792.7,33263.3,36106.0,69369.3
15700,Nambucca (A),76,0,76,16824.1,0.0,2164.7,18988.9,4142.1,23130.9
15750,Narrabri (A),43,3,46,12033.2,600.0,2162.2,14795.4,23309.4,38104.8
15800,Narrandera (A),7,0,8,1344.1,0.0,818.2,2162.3,800.0,2962.3
15850,Narromine (A),10,0,10,2759.2,0.0,584.1,3343.3,1462.2,4805.5
15900,Newcastle (C),287,380,717,82401.3,74209.2,67976.8,224587.3,134160.9,358748.2
15950,North Sydney (A),89,1089,1360,38242.9,394506.2,79712.7,512461.8,202708.8,715170.6
16100,Oberon (A),11,0,11,2802.9,0.0,715.0,3518.0,418.9,3936.9
16150,Orange (C),323,14,337,84262.1,2150.0,3887.5,90299.6,107067.8,197367.4
16180,Palerang (A),26,0,26,7274.3,0.0,4017.2,11291.5,1759.5,13051.0
16200,Parkes (A),40,2,42,9647.5,320.0,1482.3,11449.9,10865.7,22315.5
16250,Parramatta (C),169,1666,1850,48786.7,426762.0,17348.4,492897.2,246671.0,739568.3
16350,Penrith (C),1081,487,1588,259447.2,82958.9,21966.3,364372.3,359212.7,723585.0
16370,Pittwater (A),49,30,81,34927.1,10876.4,39737.5,85541.0,15252.8,100793.8
16380,Port Macquarie-Hastings (A),315,91,407,82990.7,24144.0,12840.7,119975.5,59580.0,179555.4
16400,Port Stephens (A),449,37,488,84627.6,9230.8,11562.1,105420.4,25759.2,131179.6
16470,Queanbeyan (C),140,51,195,44228.4,10857.7,8010.0,63096.0,17491.5,80587.5
16550,Randwick (C),68,378,454,30887.0,91753.2,87322.2,209962.4,338114.4,548076.8
16610,Richmond Valley (A),37,2,40,10661.8,210.0,2603.9,13475.6,3732.1,17207.7
16650,Rockdale (C),62,1588,1658,26390.3,412829.8,11651.4,450871.5,63422.1,514293.6
16700,Ryde (C),89,1221,1322,45149.1,327929.7,17914.9,390993.6,116318.1,507311.7
16900,Shellharbour (C),258,234,494,74495.9,45098.3,8662.4,128256.6,60815.2,189071.8
16950,Shoalhaven (C),524,39,581,133297.3,6466.7,36358.0,176122.0,261651.1,437773.1
17000,Singleton (A),60,48,109,17883.5,6641.5,4116.5,28641.5,29897.0,58538.5
17050,Snowy River (A),15,2,17,4086.5,582.0,991.9,5660.4,5510.6,11171.0
17700,Urana (A),3,0,3,1175.8,0.0,235.0,1410.8,0.0,1410.8
17750,Wagga Wagga (C),243,110,356,70194.0,32318.2,13722.6,116234.7,221301.9,337536.6
17800,Wakool (A),10,0,10,2779.3,0.0,1080.0,3859.3,7904.0,11763.3
17850,Walcha (A),5,0,5,2418.0,0.0,628.3,3046.3,619.8,3666.1
17900,Walgett (A),8,0,8,1838.1,0.0,188.4,2026.5,12555.7,14582.2
17950,Warren (A),5,0,5,1476.6,0.0,421.4,1897.9,226.0,2123.9
18000,Warringah (A),254,293,556,109073.4,71485.8,88936.6,269495.8,57433.5,326929.3
18020,Warrumbungle Shire (A),12,0,12,2211.7,0.0,1325.5,3537.2,1029.3,4566.5
18050,Waverley (A),42,592,671,39226.5,272315.2,80428.4,391970.1,107405.5,499375.6
18100,Weddin (A),15,0,15,4214.5,0.0,357.2,4571.7,1199.0,5770.6
18150,Wellington (A),19,0,19,4719.1,0.0,600.7,5319.9,535.0,5854.9
18200,Wentworth (A),25,2,27,9506.5,391.1,1206.2,11103.8,2841.5,13945.3
18250,Willoughby (C),53,590,650,32795.4,182187.0,57507.3,272489.8,210020.8,482510.5
18350,Wingecarribee (A),182,45,233,55742.4,8870.0,12287.1,76899.5,19596.9,96496.4
18400,Wollondilly (A),274,2,279,78900.7,244.5,8901.6,88046.8,20093.8,108140.6
18450,Wollongong (C),476,310,801,146271.6,83003.2,38119.9,267394.7,250241.5,517636.2
18500,Woollahra (A),305,54,359,165526.5,24609.5,24981.3,215117.3,83097.3,298214.6
18550,Wyong (A),306,235,548,69498.5,36183.6,22143.0,127825.1,88842.7,216667.8
18710,Yass Valley (A),122,0,122,37120.7,0.0,2087.8,39208.5,14171.8,53380.3
18750,Young (A),33,2,35,7672.7,330.0,2865.2,10867.9,2608.0,13475.9
19399,Unincorporated NSW,0,0,0,0.0,0.0,0.0,0.0,0.0,0.0
19499,No usual address (NSW),0,0,0,0.0,0.0,0.0,0.0,0.0,0.0
20110,Alpine (S),49,2,51,15169.5,387.0,4634.1,20190.5,5402.3,25592.8
20260,Ararat (RC),41,0,41,8872.3,0.0,2415.6,11287.9,7149.6,18437.5
20570,Ballarat (C),781,120,904,193159.9,18124.4,27462.6,238746.8,130781.2,369528.0
20660,Banyule (C),299,410,714,104583.4,92305.3,53494.1,250382.8,49212.3,299595.1
20740,Bass Coast (S),338,19,358,85707.9,4593.4,23461.6,113762.9,15478.6,129241.4
20830,Baw Baw (S),418,89,508,102101.4,16091.6,13349.3,131542.2,34634.3,166176.6
20910,Bayside (C),244,271,533,153528.2,94347.3,83403.0,331278.5,51387.1,382665.7
21010,Benalla (RC),38,0,38,11199.5,0.0,3030.8,14230.3,5781.5,20011.8
21110,Boroondara (C),555,1233,1793,428504.6,350491.6,183465.7,962461.9,152539.1,1115001.0
21180,Brimbank (C),401,305,714,96350.8,53576.6,16321.1,166248.6,183365.2,349613.7
21270,Buloke (S),13,0,14,2933.7,0.0,1273.2,4207.0,5258.9,9465.8
21370,Campaspe (S),103,9,112,27885.2,1978.6,8861.8,38725.5,23395.1,62120.6
21450,Cardinia (S),1146,95,1242,250003.0,16171.8,13851.0,280025.9,98393.1,378419.0
21610,Casey (C),2773,300,3081,651547.0,52740.1,33223.9,737511.0,189274.8,926785.8
21670,Central Goldfields (S),62,6,68,13080.0,1398.0,3400.2,17878.2,1328.9,19207.1
21750,Colac-Otway (S),107,0,108,33000.0,0.0,6874.1,39874.0,36216.2,76090.2
21830,Corangamite (S),39,0,39,10216.2,0.0,4372.4,14588.5,4555.0,19143.5
21890,Darebin (C),291,857,1173,89895.9,157485.0,73871.7,321252.6,102280.5,423533.1
22110,East Gippsland (S),305,18,326,79239.7,3430.6,12436.5,95106.8,36431.5,131538.4
22170,Frankston (C),414,190,611,99120.0,32322.8,20129.1,151571.9,199560.2,351132.2
22250,Gannawarra (S),20,0,20,5991.9,0.0,4689.3,10681.1,24612.4,35293.6
22750,Greater Geelong (C),2185,274,2473,560466.3,51447.8,80137.6,692051.6,679988.5,1372040.2
22830,Greater Shepparton (C),269,10,279,71452.2,1447.3,8842.3,81741.8,35642.4,117384.2
22910,Hepburn (S),124,0,126,34456.8,0.0,7786.1,42242.9,5767.5,48010.3
22980,Hindmarsh (S),10,0,10,2304.2,0.0,1099.9,3404.2,2654.4,6058.6
23110,Hobsons Bay (C),211,367,580,58982.5,79181.5,35288.9,173452.9,112159.5,285612.4
23190,Horsham (RC),97,8,105,25985.0,1691.8,4493.7,32170.5,26270.5,58441.0
23270,Hume (C),1511,411,1930,350196.3,62442.8,19532.2,432171.4,957236.6,1389408.0
23350,Indigo (S),88,0,89,24927.6,0.0,7001.6,31929.2,25530.8,57460.1
23430,Kingston (C),258,487,750,85430.6,108520.2,41406.6,235357.5,140009.6,375367.1
23670,Knox (C),340,583,927,93144.7,137612.2,26972.9,257729.7,162436.9,420166.6
23810,Latrobe (C),314,30,347,77192.9,4564.7,13352.3,95109.8,41689.1,136798.9
23940,Loddon (S),24,0,24,5247.8,0.0,3049.4,8297.2,4388.9,12686.2
24130,Macedon Ranges (S),377,25,403,109872.5,5013.1,21321.4,136207.1,28942.6,165149.7
24210,Manningham (C),252,612,865,101543.9,154516.0,29669.3,285729.2,40201.3,325930.5
24250,Mansfield (S),82,0,82,20911.3,0.0,4468.6,25379.9,2726.7,28106.6
24330,Maribyrnong (C),153,494,651,37787.4,101460.7,33970.1,173218.2,123004.9,296223.1
24410,Maroondah (C),553,227,786,140919.9,40786.3,29758.7,211464.8,432713.3,644178.1
24600,Melbourne (C),14,5147,5185,5385.9,1729578.0,64458.7,1799422.8,1579888.2,3379311.0
24650,Melton (S),1367,54,1424,316821.1,9148.8,9785.8,335755.7,153363.2,489119.0
24780,Mildura (RC),307,2,309,76140.8,425.0,8996.2,85562.0,57545.1,143107.1
24850,Mitchell (S),438,15,453,102693.7,2711.7,7254.8,112660.2,32357.3,145017.5
24900,Moira (S),97,4,101,25916.1,580.8,29395.9,55892.8,24454.0,80346.8
24970,Monash (C),577,716,1298,221356.2,168095.8,36510.4,425962.4,223626.5,649589.0
25060,Moonee Valley (C),392,1099,1502,146482.4,262078.0,61626.3,470186.7,66896.2,537082.8
25150,Moorabool (S),269,48,317,67870.1,6129.4,6854.3,80853.8,23095.8,103949.6
25250,Moreland (C),406,1169,1594,104232.6,239654.7,66459.1,410346.4,57954.0,468300.3
25430,Mount Alexander (S),115,3,118,27662.4,499.9,9779.4,37941.7,8682.4,46624.2
25490,Moyne (S),75,5,80,22661.7,1800.0,7265.1,31726.8,5289.9,37016.7
25620,Murrindindi (S),124,2,128,32540.5,280.0,4179.7,37000.2,8541.3,45541.5
25710,Nillumbik (S),144,47,192,55624.5,11829.7,24908.4,92362.7,35323.6,127686.2
25810,Northern Grampians (S),28,0,28,6312.2,0.0,3435.2,9747.4,6862.4,16609.7
25900,Port Phillip (C),113,1222,1370,47413.9,357006.4,105774.1,510194.4,148953.0,659147.5
25990,Pyrenees (S),34,0,35,6477.8,0.0,1742.9,8220.7,8888.4,17109.1
26080,Queenscliffe (B),31,0,31,14820.8,0.0,10976.9,25797.6,1957.0,27754.6
26170,South Gippsland (S),134,12,146,34689.5,1862.2,12018.4,48570.1,14228.6,62798.7
26260,Southern Grampians (S),48,0,49,12206.3,0.0,6211.1,18417.3,16909.6,35326.9
26350,Stonnington (C),86,1903,2023,88487.3,528296.7,142733.8,759517.9,112780.4,872298.3
26430,Strathbogie (S),75,4,79,20450.8,640.0,3571.4,24662.2,3354.6,28016.8
17650,Uralla (A),17,0,19,4131.1,0.0,1198.9,5330.1,647.0,5977.1
26490,Surf Coast (S),309,9,319,109878.6,3314.3,30454.2,143647.0,26258.6,169905.6
25340,Mornington Peninsula (S),901,404,1310,342257.0,104279.3,118315.0,564851.3,106832.4,671683.6
26610,Swan Hill (RC),57,4,61,17697.7,590.0,3958.6,22246.3,12207.6,34453.9
26670,Towong (S),12,0,12,3452.3,0.0,1294.6,4746.9,3190.9,7937.8
26700,Wangaratta (RC),152,20,173,40670.7,3878.8,6013.6,50563.2,29802.1,80365.3
26730,Warrnambool (C),162,23,187,43330.8,3539.8,11216.8,58087.5,27095.6,85183.1
26810,Wellington (S),203,4,207,51417.8,745.0,10936.4,63099.2,31326.1,94425.3
26890,West Wimmera (S),4,0,4,1211.4,0.0,482.9,1694.3,3060.0,4754.3
26980,Whitehorse (C),457,786,1247,168674.7,197992.5,59904.2,426571.4,141459.2,568030.5
27070,Whittlesea (C),2162,492,2658,504194.5,75456.1,12560.1,592210.8,203877.4,796088.2
27170,Wodonga (RC),336,5,341,86006.5,615.0,6825.4,93446.9,26724.4,120171.3
27260,Wyndham (C),2474,260,2739,599184.4,42469.8,17069.2,658723.4,649633.4,1308356.8
27350,Yarra (C),86,1577,1691,33709.5,414216.5,113495.0,561420.9,216200.0,777620.9
27450,Yarra Ranges (S),479,117,601,120794.7,27357.2,38909.4,187061.3,75983.4,263044.6
27630,Yarriambiack (S),7,0,7,2281.7,0.0,1124.5,3406.3,3845.0,7251.3
29399,Unincorporated Vic,1,0,1,400.0,0.0,1143.9,1543.9,2488.4,4032.3
29499,No usual address (Vic.),0,0,0,0.0,0.0,0.0,0.0,0.0,0.0
30250,Aurukun (S),0,0,0,0.0,0.0,828.0,828.0,3514.6,4342.6
30300,Balonne (S),12,5,17,3457.3,552.8,677.6,4687.7,2951.7,7639.4
30370,Banana (S),27,8,36,7164.8,1199.9,1836.7,10201.5,10661.8,20863.3
30410,Barcaldine (R),4,0,4,1231.5,0.0,701.9,1933.5,1889.5,3823.0
30450,Barcoo (S),1,0,1,308.1,0.0,0.0,308.1,0.0,308.1
30760,Blackall Tambo (R),4,0,4,720.2,0.0,375.2,1095.5,0.0,1095.5
36070,Pormpuraaw (S),4,0,4,1494.4,0.0,0.0,1494.4,0.0,1494.4
36150,Quilpie (S),1,0,1,205.9,0.0,126.9,332.7,115.0,447.7
36250,Redland (C),715,158,873,183431.1,33388.7,22079.0,238898.7,58978.7,297877.5
36300,Richmond (S),0,0,0,0.0,0.0,280.6,280.6,0.0,280.6
36360,Rockhampton (R),465,148,614,125621.2,42609.4,13971.6,182202.2,54137.7,236339.9
36510,Scenic Rim (R),223,0,224,57019.4,0.0,10552.1,67571.5,10055.8,77627.3
36580,Somerset (R),140,5,149,29505.6,998.5,4874.7,35378.8,7522.9,42901.7
36630,South Burnett (R),79,8,88,18296.0,1200.0,5594.9,25090.9,15390.9,40481.8
36660,Southern Downs (R),121,15,137,28007.5,2161.0,5736.8,35905.3,39025.1,74930.4
36710,Sunshine Coast (R),1947,860,2812,547976.2,171481.2,97555.3,817012.7,306554.3,1123567.0
36810,Tablelands (R),182,15,208,44661.0,1998.5,9277.9,55937.4,37032.1,92969.5
36910,Toowoomba (R),667,676,1345,187903.2,118259.3,39395.6,345558.0,179770.4,525328.4
36950,Torres (S),1,18,19,420.0,6497.9,30.0,6947.9,5031.0,11978.9
36960,Torres Strait Island (R),0,0,0,0.0,0.0,0.0,0.0,0.0,0.0
37010,Townsville (C),1229,410,1641,300407.1,78501.5,43574.2,422482.8,175480.3,597963.2
40310,Barossa (DC),126,0,126,27692.5,0.0,6190.7,33883.2,13982.5,47865.7
40430,Barunga West (DC),9,0,9,1751.8,0.0,761.8,2513.6,455.6,2969.2
40520,Berri and Barmera (DC),24,0,24,5573.4,0.0,502.5,6075.8,3570.0,9645.8
17100,Strathfield (A),31,224,255,11013.8,50724.9,1221.0,62959.7,17047.3,80007.0
17150,Sutherland Shire (A),357,299,669,141220.0,110862.2,66093.5,318175.7,174730.1,492905.8
17200,Sydney (C),19,2358,2470,5680.9,796215.9,83666.6,885563.3,4697216.5,5582780.0
17310,Tamworth Regional (A),314,50,364,85480.1,9048.4,8369.5,102898.0,42548.8,145446.8
17350,Temora (A),21,0,21,5084.4,0.0,1506.1,6590.5,1038.6,7629.1
17400,Tenterfield (A),33,2,35,5892.9,270.0,2448.3,8611.2,928.0,9539.2
17420,The Hills Shire (A),902,1014,1925,333220.4,218391.2,35271.7,586883.3,106811.3,693694.5
17450,Tumbarumba (A),15,0,15,3413.6,0.0,450.0,3863.6,1260.0,5123.6
17500,Tumut Shire (A),46,0,46,13382.3,0.0,1174.2,14556.5,2926.4,17482.9
17550,Tweed (A),290,67,359,83848.8,10572.8,9643.3,104064.8,43111.2,147176.0
17620,Upper Hunter Shire (A),64,0,64,17747.4,0.0,2794.3,20541.7,4944.3,25486.0
17640,Upper Lachlan Shire (A),17,0,17,4307.5,0.0,1242.2,5549.8,50.0,5599.8
22310,Glen Eira (C),296,926,1234,147979.9,239099.0,79848.3,466927.3,47647.1,514574.3
22410,Glenelg (S),65,0,65,18891.6,0.0,4552.8,23444.4,2866.4,26310.8
22490,Golden Plains (S),197,7,205,53616.5,465.0,7323.7,61405.1,5719.1,67124.2
22620,Greater Bendigo (C),1020,85,1107,254885.9,15236.0,30690.8,300812.7,129340.3,430153.1
22670,Greater Dandenong (C),544,763,1313,146159.9,158559.5,12746.3,317465.6,382413.6,699879.2
37300,Weipa (T),8,50,58,1677.0,9380.0,167.0,11224.0,301.6,11525.6
37310,Western Downs (R),336,154,490,90469.6,32162.5,5743.2,128375.4,86795.4,215170.8
37340,Whitsunday (R),184,37,221,59603.1,6498.0,6526.9,72628.0,30342.4,102970.4
50280,Augusta-Margaret River (S),248,0,249,68218.3,0.0,2358.4,70576.8,13226.2,83803.0
50350,Bassendean (T),71,4,75,18375.4,600.0,3481.9,22457.3,13720.3,36177.7
50420,Bayswater (C),364,272,638,105700.9,61721.4,19041.7,186464.0,12920.5,199384.5
50490,Belmont (C),225,781,1007,57924.9,171943.6,5011.1,234879.5,206759.4,441638.9
50560,Beverley (S),5,0,5,811.2,0.0,134.0,945.2,268.1,1213.4
50630,Boddington (S),11,0,11,2346.2,0.0,345.2,2691.4,3016.0,5707.4
50770,Boyup Brook (S),13,0,13,3621.2,0.0,180.5,3801.7,1181.7,4983.3
50840,Bridgetown-Greenbushes (S),57,0,58,14474.5,0.0,2245.8,16720.3,934.0,17654.3
50910,Brookton (S),3,0,3,715.6,0.0,305.6,1021.2,530.2,1551.4
51400,Capel (S),204,9,213,50006.5,1710.0,4069.3,55785.8,36962.8,92748.6
40070,Adelaide (C),4,416,422,1425.0,111370.0,7269.9,120064.9,496197.3,616262.1
40120,Adelaide Hills (DC),92,0,93,29522.7,0.0,20909.0,50431.7,16549.6,66981.3
40220,Alexandrina (DC),290,2,296,64319.3,300.0,7475.1,72094.4,30617.0,102711.4
30900,Boulia (S),0,0,0,0.0,0.0,0.0,0.0,0.0,0.0
31000,Brisbane (C),2774,9675,12492,939917.7,2402227.0,535003.3,3877148.0,2039265.2,5916413.5
41140,Clare and Gilbert Valleys (DC),40,12,52,8407.2,2384.8,1845.9,12637.8,4131.8,16769.7
50980,Broome (S),125,46,172,48354.2,9871.0,6945.8,65171.1,58972.7,124143.8
51080,Broomehill-Tambellup (S),2,6,8,253.4,1737.3,88.2,2079.0,124.3,2203.2
51120,Bruce Rock (S),2,0,2,606.8,0.0,39.0,645.8,0.0,645.8
51190,Bunbury (C),103,19,122,30392.5,3545.6,5463.6,39401.7,51016.0,90417.8
51260,Busselton (C),678,25,705,205370.1,5570.8,12260.1,223201.0,42020.1,265221.1
51310,Cambridge (T),155,57,213,140694.6,20455.7,28724.3,189874.6,56723.7,246598.3
51330,Canning (C),547,249,805,139290.1,45100.8,14060.9,198451.8,141461.2,339913.0
31750,Bulloo (S),1,0,1,55.9,0.0,0.0,55.9,1020.5,1076.4
31820,Bundaberg (R),358,65,423,94789.3,11368.2,16781.9,122939.4,102484.3,225423.7
31900,Burdekin (S),31,14,47,9252.5,1551.5,6466.6,17270.6,18792.5,36063.2
31950,Burke (S),5,0,5,1373.7,0.0,50.8,1424.5,131.8,1556.3
32070,Cairns (R),630,4,637,182313.6,3000.0,36234.6,221548.2,164417.8,385965.9
32250,Carpentaria (S),9,0,9,2360.2,0.0,190.1,2550.4,0.0,2550.4
32260,Cassowary Coast (R),81,4,85,21813.0,825.1,11803.6,34441.8,7989.5,42431.2
32270,Central Highlands (R),155,34,189,45513.1,5807.2,4136.7,55456.9,19781.7,75238.7
32310,Charters Towers (R),27,6,33,7960.8,1130.0,1719.2,10810.0,8936.3,19746.3
41560,Copper Coast (DC),140,6,146,29573.4,1491.7,2562.5,33627.7,11104.5,44732.2
41750,Elliston (DC),3,0,3,763.6,0.0,449.1,1212.7,95.0,1307.7
51470,Carnamah (S),0,0,0,0.0,0.0,0.0,0.0,467.0,467.0
51540,Carnarvon (S),8,2,10,2214.3,463.0,530.0,3207.3,4912.4,8119.7
51610,Chapman Valley (S),18,0,18,6266.3,0.0,668.5,6934.8,170.6,7105.3
34770,Mackay (R),806,450,1257,242692.0,100096.0,28528.4,371316.4,263645.5,634961.9
34800,McKinlay (S),0,0,0,0.0,0.0,0.0,0.0,0.0,0.0
32330,Cherbourg (S),0,0,0,0.0,0.0,0.0,0.0,0.0,0.0
32450,Cloncurry (S),8,5,13,2617.1,1282.9,258.4,4158.4,53635.8,57794.1
32500,Cook (S),16,4,20,3872.0,1385.3,1002.9,6260.2,4971.8,11232.0
32600,Croydon (S),0,0,0,0.0,0.0,0.0,0.0,0.0,0.0
47910,Tumby Bay (DC),20,0,20,4550.6,0.0,512.9,5063.4,80.0,5143.4
32750,Diamantina (S),0,0,0,0.0,0.0,54.5,54.5,144.4,198.9
32770,Doomadgee (S),8,0,8,2505.3,0.0,0.0,2505.3,0.0,2505.3
33100,Etheridge (S),2,0,2,142.5,0.0,30.0,172.5,203.0,375.5
33200,Flinders (S),1,0,1,166.8,0.0,318.9,485.6,247.0,732.6
33220,Fraser Coast (R),602,30,632,129346.5,7095.9,18228.2,154670.7,55823.2,210493.9
33360,Gladstone (R),646,173,819,184619.2,41466.5,17762.3,243848.0,74046.5,317894.5
33430,Gold Coast (C),1805,2586,4397,527178.5,641889.0,90032.1,1259099.5,1287688.1,2546787.5
33610,Goondiwindi (R),16,0,16,4623.1,0.0,1873.8,6496.9,2933.4,9430.3
33620,Gympie (R),233,51,284,52360.9,9656.6,10117.5,72135.0,53525.5,125660.6
33800,Hinchinbrook (S),22,5,27,5686.4,903.2,2970.0,9559.6,13522.6,23082.2
33830,Hope Vale (S),0,0,0,0.0,0.0,240.4,240.4,0.0,240.4
33960,Ipswich (C),1475,221,1699,321482.3,34113.6,23221.5,378817.4,474396.5,853213.8
33980,Isaac (R),89,14,103,26745.6,3073.0,3626.0,33444.6,14533.4,47978.0
34420,Kowanyama (S),0,0,0,0.0,0.0,0.0,0.0,61.9,61.9
34570,Lockhart River (S),4,0,4,1645.6,0.0,0.0,1645.6,0.0,1645.6
34580,Lockyer Valley (R),186,8,194,45236.1,1685.2,6957.9,53879.2,17444.5,71323.6
34590,Logan (C),1187,355,1551,261804.8,55157.0,28020.5,344982.3,150990.7,495972.9
34710,Longreach (R),3,0,3,1081.0,0.0,747.3,1828.3,865.4,2693.7
34830,Mapoon (S),0,0,0,0.0,0.0,0.0,0.0,0.0,0.0
34860,Maranoa (R),75,10,86,21302.0,2115.0,3862.5,27279.6,21738.3,49017.9
35010,Moreton Bay (R),2454,1121,3585,557033.4,193852.6,58516.6,809402.6,419986.3,1229388.9
35250,Mornington (S),0,0,0,0.0,0.0,0.0,0.0,0.0,0.0
35300,Mount Isa (C),14,41,55,3523.6,7757.7,1845.8,13127.1,22030.4,35157.5
35600,Murweh (S),5,0,5,1040.0,0.0,379.1,1419.1,1637.0,3056.1
35670,Napranum (S),0,0,0,0.0,0.0,0.0,0.0,0.0,0.0
35760,North Burnett (R),22,6,28,5115.8,1106.8,1840.1,8062.8,3641.0,11703.8
35780,Northern Peninsula Area (R),0,0,0,0.0,0.0,2222.0,2222.0,0.0,2222.0
35790,Palm Island (S),0,0,0,0.0,0.0,0.0,0.0,0.0,0.0
35800,Paroo (S),2,0,2,270.0,0.0,118.5,388.5,254.5,643.0
37400,Winton (S),1,0,1,190.0,0.0,305.7,495.7,602.6,1098.3
37550,Woorabinda (S),0,0,0,0.0,0.0,0.0,0.0,0.0,0.0
51960,Coolgardie (S),9,0,9,2411.0,0.0,203.7,2614.7,3645.7,6260.4
52030,Coorow (S),6,2,8,1406.9,352.4,252.1,2011.4,155.0,2166.4
37570,Wujal Wujal (S),0,0,0,0.0,0.0,0.0,0.0,0.0,0.0
37600,Yarrabah (S),0,0,0,0.0,0.0,0.0,0.0,868.1,868.1
39399,Unincorporated Qld,0,0,0,0.0,0.0,0.0,0.0,0.0,0.0
39499,No usual address (Qld),0,0,0,0.0,0.0,0.0,0.0,0.0,0.0
54200,Kalamunda (S),366,60,431,93817.2,10452.7,14800.3,119070.2,47697.5,166767.7
40250,Anangu Pitjantjatjara (AC),21,0,21,10810.3,0.0,0.0,10810.3,1195.7,12006.0
44000,Maralinga Tjarutja (AC),0,0,0,0.0,0.0,0.0,0.0,0.0,0.0
44060,Marion (C),308,298,608,66010.7,47217.9,15592.7,128821.3,49625.8,178447.1
44210,Mid Murray (DC),78,0,78,15387.1,0.0,3596.0,18983.1,32399.0,51382.1
44340,Mitcham (C),128,45,173,43958.6,8406.1,22885.0,75249.8,19115.7,94365.5
40700,Burnside (C),86,17,104,39963.1,4497.1,22886.3,67346.6,24854.5,92201.0
40910,Campbelltown (C),290,60,350,68445.1,11671.9,12587.9,92704.9,12606.5,105311.4
41010,Ceduna (DC),14,0,14,2740.4,0.0,406.5,3146.9,60.0,3206.9
41060,Charles Sturt (C),428,654,1095,98662.3,119174.9,23394.6,241231.7,68140.6,309372.3
41190,Cleve (DC),4,0,5,972.5,0.0,535.0,1507.5,3843.7,5351.2
41330,Coober Pedy (DC),1,0,1,15.0,0.0,130.0,145.0,0.0,145.0
41830,Flinders Ranges (DC),4,0,4,831.9,0.0,37.4,869.3,0.0,869.3
41960,Franklin Harbour (DC),7,0,7,1408.0,0.0,322.5,1730.6,0.0,1730.6
44550,Mount Barker (DC),374,17,393,79845.8,2519.7,6580.2,88945.7,19695.5,108641.2
44620,Mount Gambier (C),136,0,136,31612.4,0.0,2343.1,33955.5,8545.5,42501.0
44830,Mount Remarkable (DC),18,0,18,3138.0,0.0,265.3,3403.4,407.7,3811.1
45040,Murray Bridge (RC),218,3,221,39962.7,450.0,3439.0,43851.8,33244.1,77095.8
42030,Gawler (T),262,15,277,55161.8,2486.3,2225.4,59873.5,30884.0,90757.6
42110,Goyder (DC),3,0,3,571.2,0.0,110.0,681.2,1436.1,2117.3
42250,Grant (DC),33,0,33,7563.1,0.0,2241.2,9804.4,26244.0,36048.3
57280,Port Hedland (T),205,282,496,100801.0,102714.5,4219.7,207735.2,152824.6,360559.8
42600,Holdfast Bay (C),88,81,170,27798.6,20109.4,12880.5,60788.5,11735.0,72523.5
42750,Kangaroo Island (DC),41,0,41,8853.2,0.0,934.0,9787.2,5611.5,15398.7
43080,Karoonda East Murray (DC),3,0,3,478.7,0.0,49.3,528.0,1067.9,1595.9
65010,Southern Midlands (M),13,0,13,2686.9,0.0,810.0,3496.9,650.0,4146.9
43220,Kimba (DC),1,0,1,200.0,0.0,228.2,428.2,110.4,538.6
43360,Kingston (DC),15,2,17,4267.8,301.0,1268.9,5837.8,837.6,6675.4
43650,Light (RegC),112,0,112,22372.2,0.0,3546.5,25918.8,6480.7,32399.5
43710,Lower Eyre Peninsula (DC),81,0,82,20226.5,0.0,2422.9,22649.4,960.9,23610.2
43790,Loxton Waikerie (DC),49,0,50,11207.6,0.0,1361.1,12568.7,9757.2,22325.9
43920,Mallala (DC),50,0,50,9641.3,0.0,1962.0,11603.3,13500.4,25103.8
65210,Tasman (M),27,0,27,5227.1,0.0,766.6,5993.7,868.9,6862.6
45090,Naracoorte and Lucindale (DC),28,0,28,6050.3,0.0,1267.5,7317.9,1851.6,9169.5
45120,Northern Areas (DC),14,0,14,1890.8,0.0,599.8,2490.6,175.0,2665.6
45290,Norwood Payneham St Peters (C),104,74,180,37237.1,14757.3,21553.7,73548.1,24612.4,98160.5
45340,Onkaparinga (C),826,269,1103,158517.9,46414.2,20231.9,225164.0,49052.9,274216.9
45400,Orroroo/Carrieton (DC),7,0,7,1333.0,0.0,33.0,1366.0,84.0,1450.0
61810,Dorset (M),29,0,30,5528.2,0.0,702.7,6230.9,3131.5,9362.4
62010,Flinders (M),8,0,8,2425.0,0.0,415.8,2840.8,0.0,2840.8
45540,Peterborough (DC),6,0,6,1017.5,0.0,23.2,1040.7,55.9,1096.6
45680,Playford (C),731,52,783,125392.1,6936.2,2560.4,134888.7,46064.8,180953.5
45890,Port Adelaide Enfield (C),972,151,1138,191091.5,25284.8,13027.4,229403.7,109789.9,339193.6
46090,Port Augusta (C),70,0,70,14321.4,0.0,1464.8,15786.3,42769.8,58556.1
46300,Port Lincoln (C),79,6,85,18434.3,1093.4,1720.5,21248.3,4746.4,25994.7
46450,Port Pirie City and Dists (M),89,0,89,15842.8,0.0,1876.1,17718.9,23936.0,41655.0
46510,Prospect (C),46,36,82,13820.2,6937.1,7544.2,28301.5,4776.8,33078.3
46670,Renmark Paringa (DC),48,0,48,11259.4,0.0,497.8,11757.2,3770.2,15527.4
46860,Robe (DC),21,2,23,4560.8,388.8,1486.4,6436.0,386.6,6822.6
46970,Roxby Downs (M),0,0,0,0.0,0.0,208.5,208.5,4312.9,4521.4
47140,Salisbury (C),546,244,795,94278.7,36106.7,6438.7,136824.1,99786.6,236610.7
47290,Southern Mallee (DC),4,0,4,726.4,0.0,84.5,810.9,535.0,1345.9
47490,Streaky Bay (DC),25,0,26,6403.1,0.0,863.7,7266.7,855.0,8121.7
47630,Tatiara (DC),15,0,15,4074.3,0.0,1073.2,5147.5,1559.2,6706.8
47700,Tea Tree Gully (C),282,40,323,62819.8,7800.0,9399.5,80019.2,33288.0,113307.3
47800,The Coorong (DC),36,0,36,5308.5,0.0,585.1,5893.6,2755.4,8649.0
47980,Unley (C),49,42,91,21631.4,10237.3,26192.3,58061.0,7581.5,65642.5
48050,Victor Harbor (C),141,4,146,30091.2,895.8,3587.7,34574.7,13269.5,47844.3
48130,Wakefield (DC),32,0,32,5951.5,0.0,1160.1,7111.7,10732.0,17843.7
48640,Wudinna (DC),5,0,5,1374.4,0.0,162.0,1536.4,564.1,2100.5
48750,Yankalilla (DC),67,0,67,14550.5,0.0,2185.2,16735.7,559.6,17295.3
48260,Walkerville (M),30,11,41,15617.1,2663.6,8809.0,27089.7,2300.0,29389.7
48340,Wattle Range (DC),36,2,39,8585.2,300.0,3216.0,12101.2,1157.3,13258.5
48410,West Torrens (C),208,104,315,45792.6,20326.4,13273.7,79392.7,41036.4,120429.1
48540,Whyalla (C),158,6,164,35513.9,960.0,3106.5,39580.5,9876.2,49456.6
48830,Yorke Peninsula (DC),103,0,103,22237.3,0.0,2662.3,24899.6,3016.2,27915.8
49399,Unincorporated SA,17,0,17,4643.3,0.0,10.5,4653.8,5869.0,10522.7
49499,No usual address (SA),0,0,0,0.0,0.0,0.0,0.0,0.0,0.0
50080,Albany (C),268,22,291,73133.8,6947.0,9637.4,89718.1,46081.9,135800.1
50210,Armadale (C),1534,86,1623,345498.6,16213.1,11276.9,372988.6,82376.0,455364.6
50250,Ashburton (S),25,103,128,10331.5,31362.4,945.7,42639.6,285240.4,327880.0
51680,Chittering (S),88,0,88,23796.3,0.0,1504.7,25301.0,1118.5,26419.5
51750,Claremont (T),44,14,58,37522.8,3000.0,8213.0,48735.8,10090.7,58826.5
51820,Cockburn (C),975,556,1544,275692.1,130988.3,15545.1,422225.5,150052.8,572278.3
51890,Collie (S),34,0,34,8096.5,0.0,1802.8,9899.3,1037.9,10937.1
52100,Corrigin (S),2,0,2,410.5,0.0,176.1,586.6,143.3,729.9
52170,Cottesloe (T),69,0,69,62988.0,0.0,2981.2,65969.2,8662.1,74631.3
52240,Cranbrook (S),7,0,9,1458.1,0.0,134.3,1592.3,208.6,1800.9
52310,Cuballing (S),7,0,7,1566.3,0.0,928.5,2494.8,457.2,2952.0
52380,Cue (S),6,0,6,1476.7,0.0,10.0,1486.7,161.6,1648.3
52450,Cunderdin (S),6,0,6,2384.6,0.0,598.6,2983.2,9139.0,12122.1
52520,Dalwallinu (S),6,0,6,2157.9,0.0,162.0,2319.9,444.2,2764.1
52590,Dandaragan (S),38,0,38,12390.8,0.0,1707.0,14097.8,11101.0,25198.8
52660,Dardanup (S),138,15,153,34339.7,3333.2,3061.4,40734.2,73696.7,114430.9
52730,Denmark (S),54,0,54,15157.7,0.0,2403.7,17561.4,3337.9,20899.2
52800,Derby-West Kimberley (S),68,6,74,33382.4,1875.1,6234.5,41492.0,4085.3,45577.3
52870,Donnybrook-Balingup (S),63,0,63,16390.2,0.0,1531.8,17921.9,138.7,18060.7
52940,Dowerin (S),4,0,4,1591.4,0.0,161.4,1752.8,104.2,1857.0
53010,Dumbleyung (S),2,0,2,384.7,0.0,13.4,398.1,844.4,1242.5
53080,Dundas (S),1,0,1,608.6,0.0,33.0,641.6,1000.0,1641.6
53150,East Fremantle (T),20,122,143,16662.1,42000.0,5364.2,64026.3,1364.0,65390.3
53220,East Pilbara (S),159,26,185,61005.9,6495.0,483.4,67984.3,121489.9,189474.3
53290,Esperance (S),91,0,92,28515.2,0.0,2249.4,30764.7,5742.4,36507.1
53360,Exmouth (S),11,0,11,6110.6,0.0,285.9,6396.5,1308.1,7704.5
53430,Fremantle (C),122,26,153,39742.3,4884.7,15789.4,60416.4,52589.7,113006.1
53570,Gingin (S),58,0,58,15422.5,0.0,1424.1,16846.5,3808.6,20655.2
53640,Gnowangerup (S),4,0,4,1158.2,0.0,581.5,1739.7,888.9,2628.6
54280,Kalgoorlie/Boulder (C),76,6,82,26491.6,1851.4,7941.4,36284.4,220845.4,257129.8
53710,Goomalling (S),2,0,2,230.5,0.0,105.2,335.7,0.0,335.7
53780,Gosnells (C),797,343,1144,162583.9,52023.3,9347.4,223954.6,47144.7,271099.4
53800,Greater Geraldton (C),394,57,451,115939.0,10034.0,8709.3,134682.3,67156.5,201838.8
53920,Halls Creek (S),33,11,44,13661.8,3991.5,777.6,18430.9,12409.8,30840.7
53990,Harvey (S),357,16,374,85942.4,3850.0,5425.9,95218.4,32233.4,127451.8
54060,Irwin (S),32,0,32,9632.8,0.0,992.6,10625.4,526.2,11151.6
54130,Jerramungup (S),9,0,9,2462.9,0.0,297.9,2760.8,0.0,2760.8
54170,Joondalup (C),411,33,451,163177.6,7785.9,40418.9,211382.4,69628.0,281010.4
54340,Katanning (S),4,7,11,1322.9,1558.5,1073.8,3955.2,3094.4,7049.6
54410,Kellerberrin (S),1,0,1,231.3,0.0,67.3,298.6,120.6,419.2
54480,Kent (S),0,0,0,0.0,0.0,10.0,10.0,405.9,415.9
54550,Kojonup (S),4,0,4,1578.9,0.0,549.9,2128.9,0.0,2128.9
54620,Kondinin (S),1,0,1,158.1,0.0,26.5,184.6,2112.1,2296.7
54690,Koorda (S),4,0,4,1083.4,0.0,20.0,1103.4,0.0,1103.4
54760,Kulin (S),0,0,0,0.0,0.0,478.0,478.0,149.0,627.0
54830,Kwinana (T),934,53,987,193505.6,8893.0,3438.9,205837.6,54403.1,260240.7
54900,Lake Grace (S),1,0,1,89.9,0.0,118.2,208.1,1536.8,1744.9
54970,Laverton (S),0,0,0,0.0,0.0,1674.3,1674.3,0.0,1674.3
56520,Narrogin (T),11,0,11,2884.5,0.0,964.0,3848.6,824.8,4673.4
56580,Nedlands (C),76,31,107,62820.4,6000.0,13575.2,82395.6,124091.6,206487.2
55040,Leonora (S),0,0,0,0.0,0.0,1297.5,1297.5,352.6,1650.1
55110,Mandurah (C),1325,84,1410,324583.5,17521.9,6315.7,348421.2,97123.5,445544.7
55180,Manjimup (S),28,9,37,6256.5,2622.4,3132.2,12011.2,1957.5,13968.7
55250,Meekatharra (S),0,2,2,0.0,529.2,0.0,529.2,1443.9,1973.1
55320,Melville (C),217,63,283,102907.5,25591.2,25351.8,153850.5,106415.9,260266.4
56620,Ngaanyatjarraku (S),8,0,8,3567.2,0.0,5791.6,9358.8,698.0,10056.7
55390,Menzies (S),2,0,2,588.5,0.0,580.7,1169.2,285.8,1455.0
55460,Merredin (S),10,0,10,2336.3,0.0,180.5,2516.8,473.6,2990.4
55530,Mingenew (S),2,0,2,150.2,0.0,15.0,165.2,0.0,165.2
55600,Moora (S),4,0,4,705.2,0.0,390.1,1095.4,1918.0,3013.3
55670,Morawa (S),4,0,4,2680.0,0.0,11.0,2691.0,3670.7,6361.7
56930,Peppermint Grove (S),2,0,2,1531.5,0.0,2240.5,3772.0,845.0,4617.0
55740,Mosman Park (T),13,0,13,16655.1,0.0,6157.5,22812.6,10291.3,33103.9
55810,Mount Magnet (S),0,2,2,0.0,526.4,0.0,526.4,571.0,1097.4
55880,Mount Marshall (S),3,0,3,666.0,0.0,0.0,666.0,0.0,666.0
57140,Pingelly (S),3,2,5,1031.7,496.7,756.4,2284.8,838.7,3123.5
57210,Plantagenet (S),29,0,30,6966.9,0.0,1382.6,8349.6,310.0,8659.6
55950,Mukinbudin (S),0,0,0,0.0,0.0,41.0,41.0,0.0,41.0
56090,Mundaring (S),188,0,190,46865.0,0.0,14599.9,61464.9,5808.9,67273.8
57350,Quairading (S),2,0,2,550.0,0.0,313.3,863.3,0.0,863.3
57420,Ravensthorpe (S),6,0,7,1228.9,0.0,182.7,1411.6,1237.9,2649.5
57490,Rockingham (C),2286,208,2498,505538.7,37528.3,15505.1,558572.1,211013.3,769585.5
57560,Roebourne (S),323,40,363,165033.0,9265.4,4612.1,178910.5,115615.3,294525.9
56160,Murchison (S),0,0,0,0.0,0.0,0.0,0.0,0.0,0.0
56230,Murray (S),316,0,316,74528.0,0.0,4406.9,78935.0,21881.1,100816.1
56300,Nannup (S),5,0,5,1259.4,0.0,706.0,1965.4,285.4,2250.8
62210,George Town (M),22,0,22,5452.5,0.0,823.3,6275.8,7611.9,13887.6
62410,Glamorgan/Spring Bay (M),47,2,49,10935.3,244.0,3127.5,14306.8,1725.4,16032.2
62610,Glenorchy (C),76,30,108,15269.2,4111.0,3126.3,22506.5,33169.6,55676.1
62810,Hobart (C),42,0,45,15841.0,0.0,20843.0,36684.1,359872.7,396556.7
63010,Huon Valley (M),97,7,104,21161.4,825.0,3342.3,25328.7,5931.1,31259.8
63210,Kentish (M),25,0,27,6034.0,0.0,1985.3,8019.3,3130.0,11149.3
63410,King Island (M),6,0,6,1060.0,0.0,297.5,1357.5,2285.4,3642.9
63610,Kingborough (M),140,19,159,39238.0,6200.0,7817.0,53255.0,8648.6,61903.6
63810,Latrobe (M),72,17,90,17798.9,2210.0,2884.0,22892.9,17765.0,40657.9
64010,Launceston (C),133,65,204,33935.9,10211.4,12879.1,57026.4,63709.2,120735.7
64210,Meander Valley (M),86,4,91,20104.6,711.5,1629.5,22445.7,6225.7,28671.4
64610,Northern Midlands (M),58,14,72,12324.2,1941.4,1851.1,16116.7,7848.9,23965.6
64810,Sorell (M),129,0,130,28261.3,0.0,4687.4,32948.6,6421.2,39369.8
56370,Narembeen (S),0,0,0,0.0,0.0,0.0,0.0,0.0,0.0
56450,Narrogin (S),2,0,2,489.0,0.0,91.7,580.7,256.0,836.7
65410,Waratah/Wynyard (M),48,2,50,10225.6,321.0,2303.4,12849.9,4645.6,17495.5
65610,West Coast (M),3,0,3,694.1,0.0,699.6,1393.6,3317.5,4711.1
65810,West Tamar (M),96,50,147,23750.1,7903.6,6897.3,38550.9,2056.8,40607.7
69399,Unincorporated Tas,0,0,0,0.0,0.0,0.0,0.0,0.0,0.0
69499,No usual address (Tas.),0,0,0,0.0,0.0,0.0,0.0,0.0,0.0
56730,Northam (S),62,4,67,16162.4,1045.0,1710.3,18917.6,16732.6,35650.3
56790,Northampton (S),12,0,12,4187.6,0.0,1001.0,5188.7,4272.4,9461.1
56860,Nungarin (S),0,0,0,0.0,0.0,0.0,0.0,0.0,0.0
57000,Perenjori (S),1,0,1,434.9,0.0,0.0,434.9,1200.0,1634.9
57080,Perth (C),0,371,371,0.0,128500.0,1957.8,130457.8,1056784.2,1187241.9
57630,Sandstone (S),1,0,1,271.1,0.0,19.7,290.8,0.0,290.8
57700,Serpentine-Jarrahdale (S),839,12,854,187786.6,1320.0,5323.2,194429.8,3052.0,197481.9
57770,Shark Bay (S),4,0,4,797.9,0.0,32.4,830.3,852.3,1682.6
57840,South Perth (C),169,103,273,100274.3,55514.5,21210.9,176999.7,70395.2,247394.9
57910,Stirling (C),1373,1070,2451,436446.9,221360.8,62936.2,720743.9,181754.5,902498.4
57980,Subiaco (C),74,193,268,28671.3,64418.5,1834.2,94924.0,70618.0,165542.0
58050,Swan (C),2363,245,2614,516005.8,49600.4,16758.0,582364.2,147281.2,729645.4
58190,Tammin (S),0,0,0,0.0,0.0,0.0,0.0,0.0,0.0
58260,Three Springs (S),0,0,0,0.0,0.0,10.0,10.0,0.0,10.0
70200,Alice Springs (T),18,31,100,5652.2,7730.0,6723.1,20105.3,22828.7,42934.0
58330,Toodyay (S),31,0,31,7385.2,0.0,1400.8,8786.0,248.0,9034.0
72800,Palmerston (C),379,439,820,134583.8,103571.0,8549.7,246704.5,33090.9,279795.4
73600,Roper Gulf (S),0,2,2,0.0,876.3,0.0,876.3,27253.7,28130.0
74050,Tiwi Islands (S),0,0,0,0.0,0.0,291.3,291.3,1538.6,1829.9
74500,Victoria-Daly (S),4,0,4,2254.2,0.0,84.1,2338.4,255.6,2593.9
58400,Trayning (S),0,0,0,0.0,0.0,24.0,24.0,0.0,24.0
58470,Upper Gascoyne (S),0,0,0,0.0,0.0,0.0,0.0,6000.0,6000.0
58510,Victoria Park (T),144,251,395,45428.3,63100.6,10428.0,118956.9,513184.5,632141.4
58540,Victoria Plains (S),0,0,0,0.0,0.0,134.4,134.4,2513.0,2647.4
74560,Wagait (S),6,0,6,1882.4,0.0,376.3,2258.7,0.0,2258.7
74660,West Arnhem (S),8,9,17,3583.3,4806.1,0.0,8389.4,9674.4,18063.8
58570,Vincent (C),64,302,366,27346.8,69565.8,21071.6,117984.2,53975.7,171959.9
58610,Wagin (S),1,4,5,80.0,802.0,803.5,1685.5,827.0,2512.5
58680,Wandering (S),6,0,6,1687.5,0.0,47.3,1734.8,0.0,1734.8
58760,Wanneroo (C),3250,173,3429,719496.2,36777.1,18040.2,774313.5,291936.0,1066249.5
58820,Waroona (S),38,0,39,8906.2,0.0,1097.5,10003.7,7474.9,17478.5
58890,West Arthur (S),1,0,1,94.2,0.0,11.0,105.3,1224.0,1329.3
79399,Unincorporated NT,4,0,4,617.4,0.0,621.0,1238.4,74571.4,75809.8
79499,No usual address (NT),0,0,0,0.0,0.0,0.0,0.0,0.0,0.0
89399,Unincorporated ACT,1752,2879,4636,568978.2,640669.4,101128.5,1310776.1,707993.9,2018770.0
89499,No usual address (ACT),0,0,0,0.0,0.0,0.0,0.0,0.0,0.0
59030,Westonia (S),2,0,2,334.0,0.0,14.7,348.7,0.0,348.7
59100,Wickepin (S),0,0,0,0.0,0.0,60.0,60.0,0.0,60.0
59170,Williams (S),7,0,7,1860.4,0.0,35.0,1895.4,0.0,1895.4
59250,Wiluna (S),0,0,0,0.0,0.0,0.0,0.0,645.9,645.9
59310,Wongan-Ballidu (S),2,0,2,513.6,0.0,27.4,541.0,455.0,996.0
59320,Woodanilling (S),1,4,5,158.0,1116.4,10.0,1284.4,0.0,1284.4
59330,Wyalkatchem (S),0,0,0,0.0,0.0,11.5,11.5,0.0,11.5
59340,Wyndham-East Kimberley (S),48,0,53,16905.2,0.0,4684.0,21589.2,15911.8,37500.9
59350,Yalgoo (S),0,0,0,0.0,0.0,0.0,0.0,2600.0,2600.0
59360,Yilgarn (S),0,0,0,0.0,0.0,0.0,0.0,555.6,555.6
59370,York (S),16,7,23,4349.1,839.9,1262.7,6451.6,208.0,6659.6
59399,Unincorporated WA,0,0,0,0.0,0.0,0.0,0.0,5000.0,5000.0
59499,No usual address (WA),0,0,0,0.0,0.0,0.0,0.0,0.0,0.0
60210,Break O'Day (M),30,3,33,6573.3,393.0,2122.1,9088.4,3128.8,12217.2
60410,Brighton (M),89,9,98,18534.5,1356.0,1947.6,21838.1,25907.0,47745.1
60610,Burnie (C),36,38,74,8488.7,4434.0,3246.8,16169.5,12721.7,28891.2
60810,Central Coast (M),53,19,72,15252.9,3158.8,4564.1,22975.8,4271.1,27246.9
61010,Central Highlands (M),11,0,11,1837.1,0.0,308.5,2145.5,540.0,2685.5
61210,Circular Head (M),13,0,14,3075.4,0.0,1481.0,4556.4,7440.8,11997.2
61410,Clarence (C),249,29,278,59763.7,5460.0,13922.9,79146.6,71888.3,151034.8
61510,Derwent Valley (M),44,0,45,6792.0,0.0,1115.6,7907.6,9300.0,17207.6
61610,Devonport (C),85,39,125,20596.5,4473.3,3619.6,28689.3,10812.1,39501.4
70420,Barkly (S),13,23,36,4042.4,2944.0,114.0,7100.4,2763.9,9864.3
70540,Belyuen (S),0,0,0,0.0,0.0,0.0,0.0,50.0,50.0
70620,Central Desert (S),2,0,2,979.0,0.0,150.0,1129.0,6932.2,8061.2
70700,Coomalie (S),1,0,1,270.0,0.0,37.9,307.9,696.5,1004.4
71000,Darwin (C),280,544,827,121011.6,128141.8,35326.7,284480.0,358988.6,643468.6
71300,East Arnhem (S),4,0,4,2295.0,0.0,0.0,2295.0,1599.9,3894.9
72200,Katherine (T),44,38,84,12837.2,13883.6,2032.9,28753.8,10366.3,39120.0
72300,Litchfield (M),125,113,242,33891.3,22603.8,16877.6,73372.7,125192.6,198565.3
72330,MacDonnell (S),0,0,0,0.0,0.0,0.0,0.0,8776.2,8776.2
