lga_name_2016,lga_code_2016,p_foodhosppersserv_occ_mng,p_foodhosppersserv_occ_pro,p_foodhosppersserv_occ_ttw,p_foodhosppersserv_occ_cps,p_foodhosppersserv_occ_ca,p_foodhosppersserv_occ_sal,p_foodhosppersserv_occ_mod,p_foodhosppersserv_occ_lab,p_foodhosppersserv_occ_idns,p_foodhosppersserv_total,p_mixfieldprog_occ_mng,p_mixfieldprog_occ_pro,p_mixfieldprog_occ_ttw,p_mixfieldprog_occ_cps,p_mixfieldprog_occ_ca,p_mixfieldprog_occ_sal,p_mixfieldprog_occ_mod,p_mixfieldprog_occ_lab,p_mixfieldprog_occ_idns,p_mixfieldprog_total,p_fs_id_occ_mng,p_fs_id_occ_pro,p_fs_id_occ_ttw,p_fs_id_occ_cps,p_fs_id_occ_ca,p_fs_id_occ_sal,p_fs_id_occ_mod,p_fs_id_occ_lab,p_fs_id_occ_idns,p_fs_id_total,p_fs_ns_occ_mng,p_fs_ns_occ_pro,p_fs_ns_occ_ttw,p_fs_ns_occ_cps,p_fs_ns_occ_ca,p_fs_ns_occ_sal,p_fs_ns_occ_mod,p_fs_ns_occ_lab,p_fs_ns_occ_idns,p_fs_ns_total,p_tot_occ_mng,p_tot_occ_pro,p_tot_occ_ttw,p_tot_occ_cps,p_tot_occ_ca,p_tot_occ_sal,p_tot_occ_mod,p_tot_occ_lab,p_tot_occ_idns,p_total_total
Albury (C),10050,115,20,377,170,92,125,52,94,8,1058,3,6,0,5,4,3,0,4,0,28,25,31,14,18,21,10,22,17,0,165,29,28,58,42,27,46,37,77,48,388,1848,4172,2690,1948,1880,917,734,898,188,15285
Armidale Regional (A),10130,41,9,151,58,40,40,19,47,3,411,0,0,3,3,0,4,0,3,0,9,19,19,8,11,9,3,8,4,0,82,38,47,21,23,18,22,15,45,18,244,1218,2698,1052,956,1023,432,214,610,103,8299
Ballina (A),10250,88,18,284,142,71,81,21,60,13,777,3,0,0,0,3,0,0,0,0,13,24,28,11,15,15,7,6,13,4,124,24,24,64,41,28,33,24,58,50,340,1627,3646,1915,1549,1322,708,348,756,187,12065
Balranald (A),10300,7,0,13,0,3,0,3,4,0,33,0,0,0,0,0,0,0,0,0,0,0,0,0,0,0,0,0,6,0,7,7,0,6,7,3,0,5,8,3,41,78,79,79,56,45,6,27,65,3,440
Bathurst Regional (A),10470,82,23,269,118,59,53,30,79,7,727,0,4,0,0,4,3,0,4,0,19,17,15,16,18,24,7,21,8,12,129,34,22,59,33,34,27,29,65,44,339,1576,3194,2113,1663,1429,688,555,846,165,12216
Bega Valley (A),10550,82,15,242,89,55,67,18,98,9,664,0,0,0,0,0,0,0,4,0,8,27,19,14,19,17,5,5,17,0,116,47,32,59,38,28,40,21,58,22,352,1188,1979,1589,1116,874,555,322,769,104,8492
Bellingen (A),10600,29,4,77,17,18,17,12,19,3,195,0,0,0,0,0,0,0,0,0,4,8,11,3,5,5,0,4,3,3,46,12,7,23,11,16,14,9,20,8,123,471,987,534,431,338,177,141,240,52,3367
Berrigan (A),10650,25,3,45,21,12,12,3,21,0,153,0,0,0,0,0,0,0,0,0,3,11,0,3,3,0,0,4,3,0,26,20,6,20,14,11,10,13,14,6,121,413,368,309,260,188,90,115,181,25,1954
Blacktown (C),10750,432,127,1413,612,554,469,454,442,73,4578,19,8,14,16,18,14,33,43,6,177,148,215,183,176,266,125,259,173,56,1602,183,200,359,266,312,188,426,403,478,2813,10817,26152,14660,10673,15473,6055,7260,6110,1815,99021
Bland (A),10800,20,0,22,15,3,3,6,8,0,78,0,0,0,0,0,0,0,0,0,0,3,0,5,3,0,0,0,0,0,11,29,3,11,5,3,10,14,11,10,89,364,254,248,123,142,69,115,112,24,1442
Blayney (A),10850,21,0,46,12,7,7,7,11,0,113,0,0,0,0,0,0,0,0,0,0,4,5,3,3,0,0,3,0,0,22,18,5,5,8,9,3,11,8,3,79,366,443,369,215,234,101,141,155,32,2047
Blue Mountains (C),10900,132,39,401,219,143,96,42,87,9,1165,8,8,0,7,0,3,0,7,0,37,54,120,29,50,53,24,19,22,19,378,49,74,71,64,63,32,50,60,74,540,3544,9567,3699,3073,3135,1247,777,1255,346,26646
Bogan (A),10950,6,3,12,3,3,0,5,4,0,33,0,0,0,0,0,0,0,0,0,3,0,0,0,0,0,0,0,3,0,7,9,7,7,3,4,3,4,4,5,47,146,108,106,72,49,22,60,59,11,626
Botany Bay (C),11100,115,37,300,107,90,69,43,68,6,835,0,0,5,7,0,9,3,7,0,29,40,39,17,27,26,21,19,15,10,217,31,46,46,53,51,32,46,52,67,409,2269,4654,2122,1625,2204,1180,702,860,255,15876
Bourke (A),11150,3,0,15,3,4,0,0,0,0,24,0,0,0,0,0,0,0,0,0,0,0,4,0,0,3,0,0,0,0,6,5,3,0,5,0,0,0,8,3,28,113,136,75,129,54,20,19,39,8,586
Brewarrina (A),11200,0,0,0,0,0,0,0,0,0,3,0,0,0,0,0,0,0,0,0,3,0,0,0,0,5,0,0,0,0,3,0,0,3,4,3,0,3,6,3,29,63,69,22,51,20,6,10,30,8,284
Broken Hill (C),11250,22,9,103,54,18,13,15,16,3,255,0,0,0,3,0,0,3,0,0,4,6,3,4,11,6,3,10,4,0,48,16,12,21,30,20,28,19,30,14,190,402,1006,818,693,464,193,284,222,58,4133
Hilltops (A),13910,39,7,94,41,22,26,21,49,5,296,0,0,0,0,0,0,0,3,0,4,12,3,10,3,5,0,4,6,0,47,36,16,35,14,19,23,18,46,11,220,930,835,767,508,450,256,220,482,52,4505
Hornsby (A),14000,202,72,597,212,201,169,43,109,17,1624,7,4,5,14,9,4,8,9,0,47,110,193,54,54,117,60,26,25,24,667,91,141,80,73,115,55,25,49,148,788,9246,22063,5429,4029,7407,2855,950,1631,688,54298
Hunters Hill (A),14100,27,3,42,20,20,16,4,4,0,133,0,3,0,0,0,0,0,0,0,0,24,28,0,7,13,6,0,3,0,82,14,18,3,11,5,7,0,9,9,76,1183,2081,273,250,605,283,39,72,71,4856
Inner West (A),14170,391,139,980,366,267,233,74,147,17,2619,7,13,20,15,7,6,3,22,3,111,276,577,92,92,253,98,45,32,38,1506,138,264,120,129,130,92,63,94,260,1288,13654,34511,6487,5633,9129,4137,1283,2309,1139,78282
Inverell (A),14200,30,4,74,25,12,10,10,32,0,196,0,0,0,0,0,0,0,0,0,0,6,3,3,3,7,6,4,8,0,34,26,12,42,25,13,21,22,51,37,247,636,807,657,511,355,232,149,413,78,3843
Junee (A),14300,6,0,30,11,7,7,8,17,0,88,0,0,0,0,0,0,0,4,0,0,0,3,0,0,0,0,5,3,0,14,8,3,7,6,13,5,6,13,5,72,274,250,202,208,155,70,101,140,21,1422
Kempsey (A),14350,36,11,144,84,29,39,24,48,3,411,0,0,0,3,0,3,0,3,0,11,4,8,8,9,10,3,15,3,0,58,29,19,46,57,22,20,28,42,35,299,698,1295,1017,991,668,356,287,526,119,5965
Kiama (A),14400,37,12,109,46,37,23,11,27,3,310,0,0,0,0,0,0,0,0,0,3,9,15,11,6,7,3,6,4,7,70,24,9,23,15,16,9,9,11,15,138,1063,2292,1168,762,776,333,246,272,101,7009
Ku-ring-gai (A),14500,158,51,250,129,120,81,17,39,3,859,11,3,0,8,0,7,3,0,0,27,141,200,20,39,112,53,12,12,17,604,79,121,37,26,54,37,8,17,125,510,10108,20060,2178,2115,5411,2331,355,665,768,43989
Kyogle (A),14550,17,0,35,17,7,3,7,20,3,106,0,0,0,0,0,0,0,0,0,7,4,3,0,3,0,0,0,5,0,11,26,5,6,9,3,5,7,16,10,82,376,426,266,253,191,71,80,219,36,1915
Lachlan (A),14600,11,0,20,14,9,10,3,5,0,74,0,0,0,0,0,0,0,0,0,0,3,0,0,0,0,0,0,0,0,6,22,10,18,5,6,3,15,15,8,99,350,269,194,147,119,67,82,84,18,1336
Lake Macquarie (C),14650,294,97,1156,424,353,313,153,285,29,3107,0,3,0,8,5,14,3,13,0,43,63,95,88,61,81,32,62,46,28,560,91,114,227,164,140,131,131,190,177,1357,6374,15966,11012,6706,7425,3109,2718,3090,768,57170
Lane Cove (A),14700,80,31,148,55,54,40,5,26,10,437,3,3,0,3,6,4,0,0,0,17,33,80,9,20,32,20,4,3,4,206,22,45,11,11,16,12,3,4,43,177,3130,7547,946,869,1864,864,157,259,237,15866
Leeton (A),14750,24,0,55,30,17,9,4,35,3,175,0,0,0,3,0,0,0,0,0,5,4,4,3,0,4,0,4,6,0,30,33,17,15,13,15,11,26,40,11,174,413,582,513,254,300,113,175,305,53,2697
Lismore (C),14850,64,16,280,119,51,53,13,103,7,707,0,3,0,3,0,0,0,10,0,18,14,25,16,12,11,10,13,8,3,124,35,25,43,34,32,48,29,68,39,346,1394,3422,1919,1703,1500,732,477,908,142,12194
Lithgow (C),14870,24,7,106,52,52,19,30,32,4,326,0,0,4,0,0,0,3,7,0,13,5,5,6,5,5,3,13,4,0,45,16,9,42,23,26,16,31,28,16,210,510,875,1074,652,619,233,508,346,74,4889
Liverpool (C),14900,251,69,809,415,349,242,158,227,23,2540,10,8,19,9,14,13,19,22,7,112,87,98,117,92,123,40,91,70,27,745,112,119,243,139,219,153,210,234,332,1772,5745,12835,8711,5592,8059,3229,3375,3046,1145,51731
Liverpool Plains (A),14920,11,0,30,20,10,8,9,15,3,103,0,0,0,0,0,0,0,0,0,0,4,0,0,0,0,3,6,3,0,18,10,9,7,11,13,5,15,19,4,106,340,313,258,199,181,75,166,157,22,1720
Lockhart (A),14950,9,0,16,4,0,0,0,4,0,41,0,0,0,0,0,0,0,0,0,0,5,3,0,0,0,0,3,0,3,11,0,5,8,0,0,3,5,5,3,27,237,154,102,79,80,32,45,55,14,806
Maitland (C),15050,119,28,498,225,136,150,99,150,9,1419,3,5,0,3,6,3,3,9,3,30,21,25,50,23,32,14,42,13,10,227,42,37,109,65,45,46,69,76,73,557,2388,5333,4849,2677,2825,1258,1531,1241,313,22416
Mid-Coast (A),15240,118,31,523,202,93,161,57,154,9,1343,3,3,4,8,3,0,0,3,5,32,33,21,25,6,27,14,19,20,7,166,83,53,106,95,57,120,92,143,67,814,2364,4478,3446,2694,2064,1440,889,1578,258,19215
Mid-Western Regional (A),15270,34,11,134,68,29,46,38,33,4,397,3,0,0,0,0,3,0,0,0,7,11,7,13,3,6,4,22,17,0,80,32,19,47,22,23,28,45,38,28,288,950,1205,1339,645,621,339,662,447,77,6284
Moree Plains (A),15300,23,4,53,32,20,11,18,19,3,175,0,0,0,0,0,0,0,3,0,3,3,4,3,3,6,3,5,4,3,28,29,12,20,16,27,17,22,21,20,181,670,681,494,367,372,154,181,214,51,3187
Mosman (A),15350,50,20,105,36,30,27,4,13,6,287,0,3,0,3,0,0,0,0,0,14,50,61,4,14,29,24,3,0,9,193,30,37,5,6,23,13,0,6,23,138,2901,5108,504,572,1240,689,62,131,238,11449
Murray River (A),15520,26,5,78,31,25,31,4,18,0,222,0,0,0,0,0,0,0,0,0,3,13,9,4,0,3,0,3,3,0,32,31,9,16,18,8,12,6,24,5,129,691,632,447,299,256,154,119,272,32,2900
Murrumbidgee (A),15560,7,0,13,7,3,3,3,12,0,51,0,0,0,0,0,0,0,0,0,0,3,0,0,0,3,0,0,0,0,8,15,0,11,3,0,7,4,12,3,52,254,147,132,92,110,40,59,100,8,934
Muswellbrook (A),15650,11,3,71,41,20,25,36,28,3,236,0,0,0,0,0,0,0,0,0,3,7,3,16,0,3,0,8,5,0,41,11,5,31,17,6,14,31,30,14,168,406,664,1083,393,413,187,535,314,52,4042
Nambucca (A),15700,24,5,88,58,21,28,10,34,6,277,0,0,0,0,0,0,0,3,3,11,4,7,3,3,3,0,5,14,3,42,18,11,30,37,9,14,10,49,19,196,482,923,720,670,416,214,172,365,79,4039
Narrabri (A),15750,23,4,56,29,15,6,12,18,0,161,0,0,0,0,0,0,0,0,0,3,4,8,11,3,0,0,8,0,0,28,33,5,21,6,19,26,33,37,22,214,551,711,578,327,359,140,254,242,67,3229
Narrandera (A),15800,14,0,22,12,6,3,0,12,0,70,0,0,0,0,0,0,0,0,0,5,0,0,0,3,3,3,0,0,0,11,15,3,3,6,7,8,7,15,6,73,287,247,224,150,128,59,56,136,17,1301
Narromine (A),15850,4,3,30,11,5,0,7,9,0,79,3,0,0,0,0,0,0,0,0,3,0,0,0,0,0,0,0,0,0,12,10,9,8,5,7,5,7,10,5,65,330,307,246,173,171,61,113,98,20,1523
Newcastle (C),15900,230,78,998,391,259,237,111,187,32,2527,3,3,7,8,3,6,0,19,0,51,73,153,68,58,84,36,57,40,24,591,76,130,152,103,109,67,77,133,155,999,5657,18571,7514,5686,6105,2611,1764,2283,645,50843
North Sydney (A),15950,167,60,281,131,109,80,9,33,7,880,3,4,3,3,4,0,0,0,3,18,110,181,30,22,66,41,3,8,12,474,64,101,24,23,59,40,3,9,92,419,7566,16470,1724,1649,3930,1787,205,434,548,34300
Northern Beaches (A),15990,615,217,1421,564,512,356,146,209,37,4086,6,13,13,15,9,16,4,15,0,85,258,388,85,114,177,106,53,46,49,1281,253,234,218,153,214,159,82,122,293,1730,19944,33621,11582,7937,11787,6061,1799,2900,1464,97102
Oberon (A),16100,7,0,19,12,12,7,7,8,0,74,0,0,0,0,0,0,0,0,0,0,3,3,0,0,0,0,3,0,3,17,18,0,6,4,0,4,10,15,5,69,245,246,242,128,110,58,125,100,28,1287
Orange (C),16150,95,17,240,117,75,76,51,70,5,749,0,0,0,4,0,4,0,7,0,12,24,17,13,10,19,3,7,11,4,111,28,25,46,44,36,42,39,63,38,359,1409,3577,2039,1445,1513,707,547,695,136,12059
Parkes (A),16200,27,4,63,33,24,19,15,18,0,206,0,0,0,0,3,0,0,0,0,3,8,3,5,0,6,0,9,7,0,42,20,13,19,23,8,26,26,21,15,165,638,788,641,434,395,188,301,222,65,3664
Parramatta (C),16260,307,91,944,363,372,283,184,242,45,2837,16,5,18,17,14,21,14,23,7,124,148,253,109,102,176,90,95,74,21,1072,125,197,171,94,171,102,96,121,283,1368,11037,31277,8494,6259,11684,4970,2785,3473,1387,81364
Burwood (A),11300,52,8,266,81,32,38,16,49,11,560,0,6,9,7,5,4,3,12,0,48,19,36,17,17,27,19,6,14,15,172,24,36,30,26,29,19,13,38,57,270,1515,4508,1315,1107,1659,1032,309,734,263,12438
Byron (A),11350,75,22,254,108,37,62,22,70,5,663,5,3,3,3,0,0,0,0,4,22,28,40,24,23,19,12,8,16,4,168,47,41,51,56,35,47,16,44,29,363,1469,3056,1486,1241,855,613,233,679,152,9793
Cabonne (A),11400,18,3,51,27,23,15,11,26,3,175,0,0,0,0,0,0,0,0,0,0,7,3,3,6,3,0,0,7,0,34,37,3,29,3,18,7,19,18,15,157,855,929,652,392,469,178,197,282,55,4007
Camden (A),11450,135,41,383,205,233,130,77,86,16,1307,3,3,3,4,5,3,3,3,0,25,39,36,53,34,38,16,33,17,12,281,67,42,107,56,93,65,71,58,87,641,3574,6444,4664,2848,3635,1588,1367,1124,403,25654
Campbelltown (C) (NSW),11500,193,56,657,319,269,213,191,235,28,2152,3,7,12,7,4,6,17,10,3,66,51,80,78,71,93,38,122,76,21,622,82,89,178,142,147,130,235,213,184,1387,3973,9421,7112,5335,6292,2748,3336,2914,729,41873
Canada Bay (A),11520,218,59,448,191,158,130,32,62,11,1308,4,7,5,9,0,10,0,11,3,49,94,139,21,29,80,42,7,21,25,459,73,96,71,46,69,57,25,55,107,601,6724,13640,3023,2129,4597,2343,536,946,569,34503
Canterbury-Bankstown (A),11570,451,94,1538,746,526,425,286,349,75,4497,14,17,36,28,22,21,21,60,15,229,143,220,146,139,197,86,136,116,51,1240,173,229,373,275,290,241,283,353,535,2762,9995,23615,13163,9517,12587,6469,5162,5462,1794,87765
Carrathool (A),11600,11,0,5,0,3,0,7,6,0,29,0,0,0,0,0,0,0,0,0,0,3,0,0,0,0,0,4,0,0,11,11,0,5,3,4,4,3,28,4,63,248,93,85,58,69,14,56,103,13,738
Central Coast (C) (NSW),11650,605,177,1969,950,635,612,220,497,45,5698,5,9,6,12,16,11,9,14,0,91,132,178,135,116,119,55,111,68,37,959,217,209,436,322,293,271,240,396,365,2747,11126,23469,16491,11892,11401,5844,3531,5500,1432,90690
Central Darling (A),11700,3,0,0,8,3,0,0,3,0,16,0,0,0,0,0,0,0,0,0,0,0,0,0,0,0,0,0,0,0,0,8,3,3,13,3,0,0,3,7,40,72,51,16,60,17,8,8,34,10,283
Cessnock (C),11720,107,21,398,187,84,101,106,104,10,1116,0,0,3,4,3,4,6,5,0,22,13,17,23,13,11,3,28,9,5,116,36,35,81,47,45,46,76,94,51,504,1369,2208,3129,1654,1466,811,1323,1039,201,13185
Clarence Valley (A),11730,59,16,304,125,62,66,31,75,8,737,0,0,0,4,0,0,0,6,0,14,22,22,13,17,16,11,21,17,3,134,52,30,62,57,43,69,54,98,41,496,1326,2525,1905,1717,1331,752,560,893,169,11181
Cobar (A),11750,3,0,13,8,4,3,12,0,0,50,0,0,0,0,0,0,0,0,0,4,3,4,0,3,0,0,3,0,0,9,6,4,9,4,4,3,18,13,6,62,166,224,295,117,106,41,141,72,20,1182
Coffs Harbour (C),11800,147,42,495,189,132,124,39,145,10,1328,7,3,3,3,3,0,0,11,0,27,38,32,31,19,26,11,19,20,10,208,54,48,75,70,48,66,37,90,78,560,2370,5213,3165,2557,2501,1288,704,1502,300,19609
Coolamon (A),12000,4,3,18,11,7,4,3,6,0,54,0,0,0,0,0,0,0,0,0,0,3,3,3,0,3,0,0,0,0,17,18,3,4,6,4,4,4,9,4,58,218,216,176,135,107,48,52,88,21,1063
Coonamble (A),12150,12,0,7,7,5,0,0,7,0,43,0,0,0,0,0,0,0,0,0,0,0,3,0,0,0,0,0,0,4,11,13,4,7,3,7,6,5,13,4,62,211,162,99,106,88,40,24,64,23,817
Cowra (A),12350,22,3,56,24,16,15,8,19,0,167,0,0,0,0,0,0,0,0,0,0,3,7,3,5,3,3,3,3,0,34,23,17,21,19,6,17,11,23,14,142,524,600,488,375,273,185,129,261,40,2875
Cumberland (A),12380,212,63,916,361,285,230,182,225,39,2499,10,7,32,19,17,11,25,47,7,172,68,109,95,86,112,72,96,79,28,754,99,118,302,146,176,113,168,258,399,1788,5680,14957,8164,5858,8028,3833,3258,4105,1334,55209
Dungog (A),12700,16,0,37,18,11,9,13,18,0,127,0,0,0,0,0,0,0,0,0,3,3,9,3,4,0,0,0,0,0,25,15,12,26,4,13,3,12,14,4,105,402,515,560,267,323,115,166,195,34,2562
Edward River (A),12730,10,3,48,21,14,14,4,23,0,131,0,0,0,0,0,0,0,4,0,8,4,3,3,4,6,0,0,4,0,20,15,7,10,10,13,18,16,27,17,133,416,496,356,287,246,111,119,243,42,2324
Eurobodalla (A),12750,65,16,254,97,54,77,24,76,7,672,0,0,0,0,0,0,0,0,0,4,13,15,9,8,10,4,9,12,5,89,31,27,55,35,27,42,11,51,40,322,1100,1925,1644,1180,951,601,328,637,146,8514
Fairfield (C),12850,167,49,644,472,252,215,117,198,30,2140,8,10,12,17,9,17,13,32,6,117,37,69,75,35,74,38,73,62,27,484,97,98,261,135,138,131,218,230,267,1570,3409,8655,6722,4323,5796,2485,2661,2769,902,37727
Federation (A),12870,31,3,61,32,15,17,4,37,3,202,0,0,0,0,0,0,0,0,0,10,6,6,3,4,0,0,7,5,0,32,24,13,31,17,14,9,18,26,3,157,514,515,564,346,268,146,183,319,43,2898
Forbes (A),12900,14,0,37,23,13,15,9,10,3,127,0,0,0,0,0,0,0,0,0,0,0,3,0,5,0,0,0,0,0,15,27,6,13,17,10,12,13,23,16,132,478,516,399,252,254,145,125,185,47,2402
Georges River (A),12930,216,64,807,303,239,223,95,154,16,2115,8,4,13,9,14,10,9,31,6,104,85,125,55,68,106,59,48,53,13,600,112,143,135,101,128,91,72,100,210,1103,6620,16119,5854,4497,7229,3637,1673,2544,855,49024
Gilgandra (A),12950,9,0,16,9,8,3,0,3,0,44,0,0,0,0,0,0,0,0,0,3,0,3,0,3,0,0,0,0,0,6,21,0,9,9,3,5,12,12,4,66,238,204,148,146,84,47,45,80,13,1007
Glen Innes Severn (A),13010,15,0,35,25,4,10,5,18,0,121,0,0,0,0,0,0,0,0,0,3,6,3,3,3,0,0,3,3,4,26,19,11,17,11,5,7,8,16,8,98,394,378,274,274,209,106,80,175,31,1926
Goulburn Mulwaree (A),13310,58,9,179,88,42,56,23,49,4,513,0,0,0,0,0,0,3,7,0,11,9,9,7,10,17,4,15,10,9,85,37,26,37,47,22,33,38,49,37,330,1041,1675,1378,1370,925,456,485,521,117,7961
Greater Hume Shire (A),13340,18,0,56,12,16,17,11,12,3,153,0,0,0,0,0,0,0,0,0,0,4,8,4,0,3,0,0,3,0,28,31,4,17,11,8,9,12,26,6,121,676,584,480,309,323,126,151,216,40,2911
Griffith (C),13450,41,5,150,64,47,50,13,72,0,443,0,0,0,3,6,0,0,8,0,19,19,8,6,11,11,6,6,18,11,93,36,10,29,30,33,26,32,78,42,310,969,1396,1236,718,747,397,317,769,112,6667
Gundagai (A),13510,12,0,58,17,12,13,9,38,0,164,0,0,0,0,0,0,0,0,0,4,3,4,4,6,3,0,0,10,0,38,20,0,10,12,6,15,8,27,16,117,456,528,427,346,262,134,137,281,36,2618
Gunnedah (A),13550,15,3,51,26,14,12,32,20,3,177,0,0,0,0,0,0,0,0,0,4,7,3,6,3,0,0,6,4,0,38,25,13,29,13,6,21,33,34,17,196,569,655,571,338,336,164,349,204,56,3243
Gwydir (A),13660,13,0,16,4,3,0,0,7,0,57,3,0,0,0,0,0,0,3,0,5,0,0,0,0,4,0,0,4,0,10,25,0,4,11,5,3,8,11,10,79,374,212,126,123,113,45,57,114,18,1175
Hawkesbury (C),13800,127,37,379,171,185,118,66,97,19,1197,3,5,5,3,3,0,0,3,0,20,35,45,46,23,41,12,30,15,12,254,56,39,112,55,78,36,66,80,102,609,2893,4301,4684,2258,2793,1123,1094,1190,338,20672
Hay (A),13850,4,0,23,3,3,0,0,3,0,38,0,0,0,0,0,0,0,0,0,0,0,0,0,0,0,0,0,0,0,3,11,4,7,5,5,4,4,3,9,46,134,114,108,83,79,31,51,49,12,674
Penrith (C),16350,309,107,978,452,583,318,247,286,44,3321,11,8,3,15,16,11,10,12,0,85,102,85,77,78,100,42,113,60,32,690,119,117,243,141,226,143,255,222,252,1713,6374,12433,10538,6772,8905,3332,3948,3345,947,56596
Port Macquarie-Hastings (A),16380,148,32,512,227,131,145,40,155,9,1410,0,4,0,0,3,7,7,0,0,20,22,43,23,27,25,9,20,12,3,181,53,39,101,73,65,73,51,85,75,608,2337,5457,3450,2682,2510,1366,727,1286,265,20071
Port Stephens (A),16400,108,35,421,230,127,124,73,106,18,1234,3,3,3,0,3,3,6,10,3,30,38,44,44,35,33,12,27,13,12,251,57,46,112,64,51,50,50,92,56,574,2183,3736,3995,2355,2189,1036,1012,1155,270,17930
Queanbeyan-Palerang Regional (A),16490,106,40,333,117,194,88,41,72,16,1003,4,4,0,3,3,3,0,0,0,20,82,67,19,37,63,11,15,19,19,333,68,59,76,48,93,31,33,60,70,532,3651,5228,2929,1970,3217,905,569,792,413,19668
Randwick (C),16550,253,66,624,300,233,132,33,119,16,1780,6,3,12,8,11,9,6,8,5,62,147,244,68,86,93,43,40,34,27,787,104,149,88,101,96,82,55,70,172,914,8815,21856,5022,4177,6282,3052,963,1611,827,52600
Richmond Valley (A),16610,37,4,136,55,18,29,8,75,3,366,3,0,0,0,0,0,4,7,0,9,9,3,11,4,4,3,3,9,4,57,20,16,27,36,15,17,30,57,30,245,548,904,833,696,535,274,280,580,82,4729
Rockdale (C),16650,212,52,754,297,192,168,81,149,23,1936,5,5,13,10,7,3,11,25,8,86,65,91,56,56,85,46,48,52,19,524,88,96,123,82,104,72,73,128,189,957,4688,10880,4629,3614,5178,2844,1586,2628,671,36708
Ryde (C),16700,194,50,652,236,179,157,45,96,21,1638,4,7,3,4,10,5,3,7,0,40,89,152,46,40,107,45,33,27,21,551,63,110,84,68,99,57,31,62,179,759,6784,17713,4472,3150,6304,2775,895,1442,708,44248
Shellharbour (C),16900,104,29,467,191,109,117,71,108,18,1220,3,3,0,0,0,0,4,5,4,15,19,16,33,17,31,7,31,21,16,179,36,39,131,56,53,54,51,105,67,598,1896,3837,4164,2833,2432,1165,1220,1250,296,19092
Shoalhaven (C),16950,185,32,578,285,137,141,64,162,11,1599,5,3,3,3,9,3,3,3,0,32,42,58,36,41,37,21,17,26,4,289,95,59,134,102,61,103,62,126,100,843,3022,5714,4992,3554,2657,1503,907,1697,378,24425
Singleton (A),17000,30,12,102,70,32,36,63,42,4,390,3,3,0,0,0,0,0,0,0,10,6,5,15,22,4,0,27,3,0,90,27,10,38,17,18,19,39,33,23,217,835,1219,1573,700,727,309,939,363,116,6774
Snowy Monaro Regional (A),17040,64,3,141,59,40,30,14,45,3,410,0,0,0,0,0,0,0,0,0,10,27,14,10,18,15,6,6,3,8,101,55,12,34,33,33,25,34,36,34,296,1278,1240,1072,772,731,404,303,516,110,6431
Snowy Valleys (A),17080,27,5,55,36,13,11,15,41,4,199,0,0,0,0,0,0,0,0,0,9,6,6,3,0,7,0,13,6,3,50,32,11,26,14,23,10,30,35,10,191,613,684,669,400,358,133,291,341,44,3540
The Hills Shire (A),17420,269,103,594,293,332,231,55,100,32,1999,6,3,3,6,8,0,3,4,0,40,150,180,59,65,128,76,34,29,20,744,135,132,129,63,142,91,52,59,193,997,11207,21226,6470,4014,8632,3629,1236,1612,967,58989
Tweed (A),17550,160,48,661,287,174,162,68,165,18,1743,3,6,0,3,3,3,0,4,0,31,32,42,33,36,28,11,20,28,11,252,61,60,128,97,69,84,57,109,89,751,2661,5702,4306,3357,2630,1497,916,1694,355,23133
Upper Hunter Shire (A),17620,30,4,57,34,9,24,35,23,3,210,0,0,4,0,0,3,3,3,0,13,5,3,0,4,5,3,9,10,3,42,37,16,38,11,15,8,24,31,6,188,641,715,825,320,358,162,419,370,56,3865
Upper Lachlan Shire (A),17640,13,0,29,21,6,4,3,11,0,93,0,0,0,0,0,0,0,0,0,0,11,0,3,3,3,0,3,0,3,34,30,8,11,12,10,7,14,11,7,106,559,417,343,269,248,74,107,149,30,2202
Uralla (A),17650,15,4,29,12,14,9,8,12,0,95,0,0,0,0,0,0,0,0,0,0,3,5,3,4,4,3,0,0,0,27,17,9,10,7,4,5,3,9,4,67,332,395,295,198,229,87,56,152,28,1764
Wagga Wagga (C),17750,118,28,417,188,128,132,28,129,8,1172,3,8,3,7,0,3,3,10,0,41,38,40,29,40,34,16,26,16,4,247,55,44,81,67,51,58,42,79,45,524,2531,5412,3555,2505,2335,1116,718,1138,203,19512
Walcha (A),17850,4,0,16,7,3,0,0,7,0,40,0,0,0,0,0,0,0,0,0,0,5,0,0,0,0,0,0,0,0,10,11,0,3,3,0,0,5,5,3,30,286,142,104,73,75,39,30,71,3,828
Walgett (A),17900,5,0,11,9,3,0,9,13,0,55,0,0,0,0,0,0,0,0,0,0,0,0,0,0,0,0,0,0,0,13,8,9,6,5,10,0,7,14,3,62,245,248,126,181,111,38,71,92,14,1127
Warren (A),17950,3,0,3,9,4,3,3,3,0,27,0,0,0,0,0,0,0,0,0,0,0,3,0,0,0,0,0,0,0,6,5,0,9,0,3,3,0,8,0,33,196,132,99,62,61,19,34,49,11,671
Warrumbungle Shire (A),18020,10,6,30,14,10,7,8,17,3,96,0,0,0,0,0,0,0,0,0,0,4,0,3,3,3,0,6,3,0,25,31,4,11,10,11,3,11,26,21,134,519,442,259,249,173,96,96,175,37,2047
Waverley (A),18050,168,50,409,171,83,59,17,37,9,997,3,7,3,8,0,0,0,0,0,30,108,193,24,37,53,37,5,22,17,511,70,96,40,46,41,45,12,40,94,481,6092,12963,2162,2173,2782,1834,325,809,505,29646
Weddin (A),18100,8,0,9,4,4,0,3,3,0,37,0,0,0,0,0,0,0,0,0,0,3,0,0,0,0,0,0,0,0,7,6,3,4,0,3,6,0,6,0,36,266,168,104,81,86,26,37,72,7,843
Wentworth (A),18200,15,0,35,13,14,4,3,10,0,98,0,0,0,3,0,0,0,0,0,6,0,0,3,3,0,0,0,0,0,13,18,4,16,6,7,13,12,11,6,87,317,345,281,193,168,89,91,134,18,1633
Western Plains Regional (A),18230,85,30,280,148,82,102,43,98,6,875,0,3,3,0,0,3,0,7,0,20,24,19,9,21,14,12,12,17,5,125,53,47,62,56,49,53,43,86,65,507,1953,3568,2382,1948,1795,932,556,1006,209,14343
Willoughby (C),18250,125,37,315,109,76,64,16,42,6,794,3,6,3,0,0,5,0,3,0,30,83,140,25,32,51,44,9,13,15,406,63,93,20,23,40,26,5,24,72,372,5994,13382,1761,1624,3365,1725,290,617,508,29253
Wingecarribee (A),18350,115,21,344,138,79,73,45,101,4,908,3,0,0,0,0,3,0,8,0,18,34,27,17,14,25,9,13,19,3,163,48,33,64,34,42,45,26,63,42,405,2202,3861,2580,1510,1536,858,569,881,202,14187
Wollondilly (A),18400,70,23,239,107,133,85,51,60,14,785,0,4,0,0,5,0,0,3,0,17,31,16,17,11,12,10,25,16,13,149,53,43,110,53,76,46,64,66,46,558,2112,3273,3427,1719,2005,822,1051,904,264,15580
Wollongong (C),18450,282,76,1063,543,376,283,140,237,24,3026,4,12,10,15,9,4,4,9,0,69,91,155,70,70,101,34,53,40,22,639,85,145,256,177,138,137,148,204,222,1503,7219,18990,10379,7447,7645,3259,2706,3129,879,61655
Woollahra (A),18500,133,39,211,84,67,56,10,16,3,616,0,0,3,0,3,0,0,3,3,15,102,162,15,28,65,42,3,12,16,446,83,86,15,34,53,29,5,15,56,378,5335,10971,947,1132,2331,1495,120,303,428,23053
Yass Valley (A),18710,27,7,76,23,43,11,14,27,3,223,0,0,0,0,0,0,0,0,0,3,25,24,3,11,20,0,4,0,0,96,24,20,21,28,22,15,13,16,21,179,1203,1489,762,567,741,189,152,267,103,5481
Unincorporated NSW,19399,8,0,15,0,0,0,0,7,0,38,0,0,0,0,0,0,0,0,0,0,3,0,0,0,0,0,0,0,0,6,6,0,3,0,0,0,0,3,3,14,121,33,40,24,25,12,3,53,14,331
No usual address (NSW),19499,14,3,42,33,7,13,5,23,0,135,0,3,0,3,0,0,0,4,0,8,0,7,3,4,8,0,3,7,0,36,6,10,17,11,7,8,9,17,26,101,200,562,348,285,168,119,144,278,58,2162
Migratory - Offshore - Shipping (NSW),19799,0,0,4,0,0,0,0,0,0,6,0,0,0,0,0,0,0,0,0,0,0,0,0,0,0,0,0,0,0,0,0,0,0,0,0,0,0,0,3,9,0,18,14,7,11,6,7,8,3,74
Alpine (S),20110,45,4,100,38,18,19,14,31,8,274,0,0,0,0,0,0,0,0,0,0,3,9,3,10,3,3,4,8,0,36,30,10,13,10,15,12,15,21,12,134,651,756,656,453,303,202,186,291,46,3551
Ararat (RC),20260,23,9,62,33,11,19,3,21,3,183,0,0,0,0,0,0,0,3,0,6,5,8,3,11,6,0,4,7,0,37,21,8,16,15,6,13,10,28,9,132,539,580,398,523,213,131,107,268,45,2808
Ballarat (C),20570,163,43,630,280,196,204,69,176,15,1777,4,4,3,6,3,5,3,8,0,40,68,98,49,62,70,19,27,29,8,430,59,64,138,80,69,97,74,108,100,779,3443,9040,4982,3822,3223,1814,1035,1708,406,29471
Banyule (C),20660,192,70,546,253,214,180,46,107,12,1623,3,4,8,3,7,0,0,8,0,38,118,218,57,78,124,53,24,23,30,723,74,106,102,76,88,67,44,68,132,755,6292,16570,5639,4140,5305,2235,873,1480,584,43124
Bass Coast (S),20740,74,9,233,98,50,67,28,55,3,628,0,0,0,0,0,0,0,3,0,8,14,24,17,11,5,10,5,14,5,108,61,16,64,41,28,48,18,50,42,372,1157,1773,1651,1121,711,565,306,619,136,8047
Baw Baw (S),20830,88,21,265,96,81,76,36,103,7,768,3,3,0,0,0,0,3,3,0,13,25,30,25,27,22,7,14,19,3,180,82,23,84,51,43,49,43,72,41,483,2035,3270,2706,1701,1387,669,681,1111,186,13753
Bayside (C),20910,183,52,292,161,144,136,16,49,11,1031,7,3,4,0,4,0,0,0,0,16,167,227,30,49,91,77,4,10,20,676,91,99,48,39,58,56,14,19,86,512,8386,14299,2554,2331,3862,2201,299,624,502,35070
Benalla (RC),21010,25,6,83,35,17,26,8,23,3,233,0,0,0,0,0,0,0,0,0,0,3,5,3,3,7,3,8,3,5,36,27,15,30,18,21,10,26,37,14,193,599,801,691,473,350,191,177,265,52,3603
Boroondara (C),21110,315,79,525,292,207,182,29,70,14,1712,12,5,7,8,4,7,3,5,3,55,256,381,50,86,181,108,14,28,25,1124,132,191,49,52,79,64,11,42,161,779,12944,30335,3773,3967,7440,3799,505,1304,949,65012
Brimbank (C),21180,273,53,1069,500,327,314,261,376,35,3214,12,8,8,11,8,15,26,35,5,126,70,122,101,87,130,64,110,102,24,809,95,121,295,203,170,169,268,315,293,1924,4444,10465,7773,5772,6423,3324,3794,4268,929,47198
Buloke (S),21270,19,0,24,9,7,14,4,12,0,87,0,0,0,0,0,0,0,0,0,0,0,3,6,3,3,0,0,0,0,11,18,3,13,3,7,4,8,12,0,68,382,317,185,146,113,76,69,104,11,1421
Campaspe (S),21370,91,10,238,96,50,72,34,107,17,723,3,0,0,3,0,0,0,0,0,10,22,7,11,6,9,9,9,6,3,93,76,28,51,50,17,35,37,91,47,437,1626,1963,1762,1237,771,546,493,928,133,9465
Cardinia (S),21450,183,47,572,250,253,215,129,175,19,1836,3,3,3,0,0,0,6,3,0,23,48,67,47,54,57,23,42,25,17,383,103,47,194,92,76,84,104,114,109,909,3434,5933,6293,3506,3509,1934,1661,1995,392,28669
Casey (C),21610,511,141,1666,742,614,582,369,578,46,5251,5,3,17,11,14,14,21,25,5,113,139,161,213,200,182,101,171,120,45,1335,178,172,490,252,292,227,320,381,402,2709,9689,18838,16548,11141,11576,5871,5871,6341,1388,87260
Central Goldfields (S),21670,15,0,83,23,10,30,5,28,3,207,0,0,0,0,0,0,0,0,0,4,4,5,4,6,8,0,7,3,0,41,27,5,24,13,7,17,8,33,9,153,330,454,555,403,198,158,123,266,38,2528
Colac-Otway (S),21750,50,7,151,46,27,28,27,92,0,425,6,0,0,3,0,0,0,4,0,14,18,6,6,13,8,3,4,15,4,80,47,9,42,26,8,21,19,67,35,274,952,1075,969,835,486,299,311,701,93,5726
Corangamite (S),21830,52,8,96,21,24,18,9,44,0,273,3,0,0,0,0,0,0,0,0,3,21,8,4,5,5,3,8,3,3,51,52,13,21,22,12,8,18,48,19,210,1029,762,641,443,255,166,199,434,60,4001
Darebin (C),21890,234,83,932,341,237,205,78,201,24,2342,10,3,5,9,7,3,8,23,0,66,164,374,100,113,180,73,39,49,31,1133,104,160,163,103,106,105,72,140,185,1137,7015,20170,5908,5134,6105,3175,1364,2553,745,52171
East Gippsland (S),22110,106,14,288,123,92,95,17,113,5,857,0,0,0,0,0,0,0,6,3,8,27,37,13,25,14,3,13,13,3,152,72,21,67,56,35,57,52,86,43,494,1552,2316,1919,1570,1052,642,493,955,164,10652
Frankston (C),22170,235,77,880,376,324,294,121,254,18,2569,5,3,5,7,8,3,3,13,3,41,92,109,77,83,88,33,47,36,22,596,99,95,208,148,113,121,125,169,165,1238,4742,9352,8418,5512,4961,2836,1906,2556,619,40897
Gannawarra (S),22250,24,3,55,20,20,24,7,26,3,178,0,0,0,0,0,0,0,0,0,3,8,0,3,3,3,3,3,0,0,22,43,10,26,9,10,12,15,36,9,164,572,466,405,277,224,126,121,247,24,2471
Greater Shepparton (C),22830,125,18,369,137,115,125,45,134,8,1082,3,3,3,0,0,3,0,10,0,28,30,39,30,16,24,13,14,29,3,188,86,50,101,58,47,68,63,125,86,684,2249,4260,2778,2061,1604,881,687,1380,223,16124
Hepburn (S),22910,49,11,113,39,27,18,16,38,3,306,0,0,0,0,0,0,0,3,0,4,16,19,3,12,10,7,0,12,0,79,22,21,25,13,14,6,16,32,16,172,728,1128,745,573,431,201,155,349,73,4373
Hindmarsh (S),22980,16,0,26,11,9,3,7,17,0,92,0,0,0,0,0,0,0,0,0,0,0,0,3,0,3,0,4,0,0,8,8,3,3,3,3,3,5,13,7,52,274,280,190,173,123,42,78,130,12,1311
Hobsons Bay (C),23110,144,47,426,216,181,140,69,113,19,1349,4,4,9,3,3,0,0,9,4,29,79,124,44,46,94,30,27,20,13,473,70,63,107,77,86,50,70,78,116,726,4620,9547,4084,2718,3648,1619,1141,1383,478,29235
Horsham (RC),23190,44,14,137,54,45,54,16,34,0,403,0,0,0,0,0,0,0,3,0,8,7,5,7,13,6,7,3,5,4,51,29,6,42,15,16,21,11,28,21,187,900,1455,972,736,607,344,232,312,78,5627
Hume (C),23270,267,58,1012,457,369,361,295,330,32,3179,4,8,11,8,7,4,17,19,4,77,76,116,107,131,108,59,115,72,26,812,131,108,294,213,181,159,216,218,222,1742,5094,10324,9000,6938,6486,3281,3713,3485,845,49151
Indigo (S),23350,48,10,116,23,26,31,13,60,3,329,0,0,0,0,0,0,3,0,0,10,13,15,7,9,14,3,0,9,3,63,29,25,27,19,25,15,26,23,22,212,855,1346,849,591,500,256,234,392,78,5095
Kingston (C) (Vic.),23430,307,112,903,369,310,288,118,173,32,2612,4,7,9,3,10,4,3,14,0,53,146,184,88,96,137,71,52,55,26,859,118,105,168,109,146,115,72,103,185,1120,7814,16432,7751,5073,6758,3410,1533,2146,737,51650
Knox (C),23670,278,84,903,380,367,332,111,218,28,2705,3,6,7,8,0,4,4,12,0,46,105,119,91,81,109,56,37,43,17,662,110,100,188,93,124,117,96,112,201,1133,6740,14696,8964,5572,7005,3498,1829,2475,729,51508
Latrobe (C) (Vic.),23810,80,28,394,159,157,141,46,145,14,1167,0,0,3,3,0,3,0,8,0,21,33,34,33,21,39,13,15,20,15,224,62,44,132,91,62,57,66,135,83,737,1858,4166,4252,2555,2127,989,1085,1378,331,18734
Loddon (S),23940,16,0,20,9,12,6,0,19,0,83,0,0,0,0,0,0,0,0,0,0,4,4,3,0,3,0,0,0,0,22,24,3,10,14,7,5,7,20,10,103,553,276,175,169,130,62,90,179,27,1661
Macedon Ranges (S),24130,79,24,234,95,76,68,28,74,3,684,3,0,0,0,0,0,0,7,0,15,62,84,27,54,46,11,12,18,4,309,41,63,91,53,50,45,26,70,42,473,2384,4454,2741,1753,1588,734,510,790,184,15142
Manningham (C),24210,222,56,536,230,178,210,41,113,18,1607,8,4,6,11,10,10,3,13,3,58,99,133,46,51,115,56,26,23,14,562,101,97,102,72,78,77,43,57,139,760,6748,13847,4146,3074,4870,2759,676,1248,588,37946
Mansfield (S),24250,30,3,61,27,16,32,6,26,0,204,0,0,0,0,0,0,0,0,0,4,6,13,4,4,3,0,0,6,0,38,11,3,21,5,9,11,5,13,10,105,444,533,499,303,234,153,106,236,41,2544
Maribyrnong (C),24330,177,52,567,271,129,158,61,133,15,1571,0,3,7,5,8,0,4,14,3,40,105,179,50,72,115,54,37,37,13,657,63,81,74,68,42,47,48,90,104,613,4472,11108,3153,3047,3598,1987,1014,1775,466,30630
Maroondah (C),24410,213,67,646,258,239,223,65,151,17,1881,3,0,8,4,3,4,3,19,0,45,80,150,62,82,92,34,24,35,21,576,75,83,134,69,83,82,46,83,121,776,5186,11894,6276,4242,4907,2316,1002,1643,468,37931
Melbourne (C),24600,266,82,1045,457,183,174,15,136,19,2378,8,13,15,25,7,17,0,13,5,103,184,306,42,89,134,85,18,46,31,934,100,159,90,115,70,41,22,84,132,816,7666,23825,3623,4665,5577,3244,516,2066,796,51965
Melton (C),24650,248,47,697,354,294,250,186,236,35,2342,4,0,4,0,9,4,11,4,6,48,66,78,69,83,103,40,82,45,23,593,100,72,208,127,137,127,171,165,170,1283,4172,8050,6754,4707,5432,2448,2684,2372,658,37274
Mildura (RC),24780,126,18,307,119,97,109,32,112,12,934,10,0,3,0,3,4,5,3,0,27,18,27,13,22,13,8,13,12,9,143,61,46,94,63,47,74,72,105,71,632,1839,3292,2267,1818,1329,854,632,1031,235,13297
Mitchell (S),24850,72,11,231,97,86,83,42,67,10,706,0,3,0,3,4,3,0,3,0,18,43,21,20,32,25,6,24,22,5,201,52,38,116,48,70,36,67,80,40,546,1433,2061,2490,1567,1339,619,751,843,172,11285
Moira (S),24900,79,9,166,70,44,50,35,93,11,558,0,0,0,4,0,0,0,3,0,15,15,7,7,9,0,3,8,11,3,76,57,18,59,46,16,42,35,88,36,387,1235,1300,1225,856,587,344,393,804,111,6859
Monash (C),24970,284,76,890,325,268,229,99,219,21,2411,17,5,11,5,8,10,4,17,3,81,149,214,87,94,161,72,29,54,31,890,107,145,142,92,110,86,69,92,200,1044,8736,22640,6440,4938,7832,3928,1488,2653,930,59581
Sydney (C),17200,592,166,1756,703,276,260,55,207,50,4068,25,17,32,60,7,25,10,48,9,227,342,619,102,158,199,119,37,71,51,1691,184,295,184,215,122,121,46,170,336,1673,16548,40493,7308,7764,9625,5864,984,3508,1531,93619
Tamworth Regional (A),17310,121,22,331,154,81,82,54,125,9,986,8,3,3,0,3,0,0,10,0,22,29,29,23,11,22,14,24,18,3,178,56,52,109,61,74,57,67,150,73,699,2178,4232,2915,1962,1924,918,785,1363,230,16507
Temora (A),17350,14,0,34,12,5,11,3,8,0,88,0,0,0,0,0,0,0,3,0,3,0,0,0,3,0,0,0,0,0,8,18,3,4,5,10,10,0,6,3,60,312,328,259,163,148,83,66,90,13,1471
Tenterfield (A),17400,10,3,25,12,7,16,6,21,0,97,0,0,0,0,0,0,0,0,0,0,9,4,0,3,0,0,0,4,0,14,15,3,3,11,5,3,7,15,9,79,294,248,203,177,137,66,81,160,34,1394
Golden Plains (S),22490,43,4,110,58,36,41,18,36,4,348,3,0,0,0,4,0,0,0,0,10,12,21,17,9,8,5,11,3,0,92,37,26,59,25,26,24,19,40,33,281,959,1474,1481,831,730,333,362,497,110,6787
Greater Bendigo (C),22620,158,52,724,286,202,218,70,225,16,1953,0,6,5,0,3,4,7,14,0,38,56,97,52,49,45,29,31,35,8,401,119,80,161,116,95,96,77,158,93,991,3702,9112,5619,4184,3372,1822,1302,2182,395,31691
Greater Dandenong (C),22670,197,32,985,372,195,205,226,364,32,2620,3,5,21,12,6,8,21,37,8,121,54,72,77,72,68,49,95,92,22,592,64,66,221,146,105,100,192,246,246,1391,2940,7412,6020,4645,4465,2526,3001,3760,720,35490
Greater Geelong (C),22750,373,116,1510,661,398,419,181,396,49,4116,7,13,10,12,6,6,8,14,0,78,121,230,118,148,140,61,76,71,27,994,158,151,323,216,154,186,198,293,253,1938,8028,20109,12161,9485,7459,4239,2731,4239,1016,69461
Moonee Valley (C),25060,192,83,543,273,222,163,54,116,21,1674,6,9,5,4,9,5,8,7,3,53,128,211,48,91,154,56,30,36,18,774,113,120,106,88,117,73,46,85,131,875,6779,15687,4653,3598,5391,2433,959,1493,651,41638
Moorabool (S),25150,55,15,129,54,59,47,31,40,3,431,0,0,0,0,3,0,3,0,0,7,19,28,20,21,18,9,21,10,5,145,36,21,54,33,35,24,27,48,28,309,1254,2138,1829,1106,1114,462,578,564,159,9208
Moreland (C),25250,262,85,1028,369,270,256,112,192,23,2605,0,6,11,9,14,13,11,27,8,97,198,436,107,145,209,109,46,52,39,1355,115,220,197,130,141,88,76,105,240,1316,7633,23360,7177,5764,7012,3413,1658,2691,924,59642
Mornington Peninsula (S),25340,344,84,1003,460,295,290,80,247,25,2829,0,11,11,9,4,3,3,13,0,56,102,129,63,82,84,46,28,38,16,592,133,140,254,145,125,149,80,156,153,1319,6759,11600,9057,5518,4593,2980,1245,2517,604,44864
Mount Alexander (S),25430,24,9,85,37,13,17,4,35,3,226,0,0,0,0,0,0,0,3,0,3,18,41,6,11,12,3,3,3,3,97,32,17,22,23,21,14,23,30,9,190,772,1682,809,655,433,233,174,380,71,5210
Moyne (S),25490,59,3,117,41,21,28,8,44,3,321,3,4,0,0,0,0,0,0,0,12,13,8,10,8,4,0,11,8,0,66,66,12,36,13,11,16,11,35,15,227,1197,1026,735,534,372,205,193,458,81,4808
Strathfield (A),17100,57,21,213,102,46,59,24,44,6,591,3,0,11,3,0,8,4,7,0,30,19,53,15,20,40,18,14,12,10,192,37,31,23,22,37,24,12,42,57,284,1793,5796,1390,1116,1907,1027,460,706,305,14509
Sutherland Shire (A),17150,427,113,1121,575,591,401,146,201,25,3602,7,19,4,8,11,11,6,13,5,80,142,217,77,90,155,60,63,36,31,876,178,186,197,155,229,160,63,91,293,1549,13381,24773,12216,7712,11581,4854,2084,2583,1184,80373
Glen Eira (C),22310,272,84,821,306,223,216,46,135,19,2124,9,9,4,11,4,3,0,10,3,40,166,309,60,82,154,88,21,45,18,939,106,162,96,57,86,98,24,54,158,847,9408,22371,4899,4289,6475,3443,818,1619,801,54115
Glenelg (S),22410,34,11,105,40,34,34,18,49,3,331,0,0,0,0,0,0,0,5,0,7,6,7,3,5,10,0,7,3,3,49,37,15,26,20,16,17,49,43,24,251,727,1026,927,652,418,191,422,445,74,4881
Murrindindi (S),25620,35,4,86,30,22,21,13,36,3,250,3,0,0,0,0,0,0,0,0,6,19,9,6,14,3,0,3,3,3,68,36,15,40,19,13,10,29,29,19,206,634,761,806,548,380,172,195,320,72,3884
Nillumbik (S),25710,114,34,280,144,133,88,24,43,11,868,4,0,0,0,6,0,0,0,0,14,70,78,27,56,63,22,7,15,6,341,71,34,76,39,52,49,13,26,54,425,3925,7757,3697,2233,2713,1144,464,719,277,22922
Northern Grampians (S),25810,40,0,66,30,9,18,9,30,0,199,0,0,0,0,0,0,0,0,0,3,3,5,0,7,3,0,3,7,0,22,22,13,20,16,11,18,4,35,17,149,554,544,421,506,200,145,123,299,39,2825
Port Phillip (C),25900,318,90,716,298,207,161,21,78,19,1911,9,11,0,3,5,4,0,0,0,44,216,312,42,78,144,65,11,20,39,933,105,154,73,51,74,64,20,29,134,695,9221,20060,3650,3466,5040,2762,437,1072,704,46412
Pyrenees (S),25990,12,0,33,14,11,8,3,11,0,85,0,0,0,0,0,0,0,0,0,0,6,3,0,6,0,3,0,0,0,14,11,3,12,8,7,0,14,10,8,68,363,273,239,217,141,58,100,141,25,1560
Queenscliffe (B),26080,5,0,17,4,0,0,0,3,0,30,0,0,0,0,0,3,0,0,0,4,3,3,0,0,9,0,0,0,0,18,3,0,0,0,0,0,0,0,3,17,131,314,90,65,81,39,12,30,20,785
South Gippsland (S),26170,59,13,171,46,39,49,25,68,4,477,3,4,3,0,0,4,0,3,0,17,22,18,18,9,11,6,12,8,8,110,79,23,62,24,25,39,34,66,34,390,1455,1512,1425,868,679,405,454,660,109,7578
Southern Grampians (S),26260,33,8,105,53,29,27,9,34,0,310,0,0,0,0,0,0,0,3,0,6,12,10,11,12,9,3,5,9,0,53,50,13,23,20,11,16,12,19,24,186,1006,1054,748,559,421,259,187,331,59,4617
Stonnington (C),26350,268,80,556,270,171,129,16,60,9,1558,7,8,0,8,3,3,0,11,0,42,191,293,49,71,151,92,7,24,30,902,81,119,42,59,75,65,17,30,109,602,8793,20923,2786,2854,5033,3090,324,907,705,45421
Strathbogie (S),26430,40,3,57,22,21,12,6,20,3,188,0,3,0,0,0,0,0,0,0,7,8,4,4,8,4,0,7,3,0,42,19,14,13,6,7,4,9,31,18,121,574,579,461,317,231,108,116,286,50,2730
Surf Coast (S),26490,63,21,185,64,51,61,6,42,4,491,0,3,0,0,0,3,0,0,0,9,22,38,18,27,16,17,9,6,7,162,37,30,43,18,23,20,8,23,34,245,1740,3323,1687,1074,972,600,235,486,153,10263
Swan Hill (RC),26610,49,14,123,37,34,40,8,45,10,350,4,0,0,0,6,0,0,9,0,18,13,11,9,5,3,0,3,5,0,47,42,19,32,20,14,22,22,63,29,261,836,1094,837,578,422,276,213,443,89,4782
Towong (S),26670,19,0,40,9,8,8,5,12,0,106,0,0,0,0,0,0,0,0,0,3,3,4,3,3,3,0,3,0,0,22,20,5,20,11,4,4,7,12,12,97,400,352,308,180,154,68,91,146,31,1728
Wangaratta (RC),26700,64,7,196,83,46,77,16,45,4,551,4,4,0,0,0,0,0,9,0,18,20,18,15,14,15,3,7,11,0,97,35,15,40,29,10,23,41,41,27,257,1216,2107,1409,1149,811,466,374,555,99,8191
Warrnambool (C),26730,76,16,301,108,62,92,24,85,4,770,0,4,4,0,0,0,0,5,0,21,21,25,13,15,13,4,14,16,3,128,30,18,47,36,26,18,27,58,34,291,1057,2761,1760,1286,975,618,362,712,111,9640
Wellington (S),26810,103,13,273,102,60,66,36,83,7,743,3,0,0,0,0,0,0,6,0,10,29,23,23,13,7,4,10,12,10,137,82,28,63,38,38,44,46,76,43,455,1781,2596,2357,1449,975,510,580,848,169,11270
West Wimmera (S),26890,9,0,16,3,3,6,0,12,0,52,0,0,0,0,0,0,0,0,0,0,3,4,0,4,3,0,0,0,0,10,9,4,0,4,0,4,6,12,6,41,344,207,93,115,69,36,45,110,10,1033
Whitehorse (C),26980,257,62,717,317,202,190,57,149,11,1963,15,4,14,11,10,4,0,14,3,72,165,235,61,84,156,76,16,44,31,889,99,143,113,84,93,83,41,80,154,884,8439,22046,5750,4895,7079,3532,1063,2084,757,55639
Whittlesea (C),27070,357,89,1322,569,484,447,275,334,38,3905,3,3,10,8,14,14,22,27,7,110,104,117,121,129,139,82,142,98,29,965,126,120,331,231,218,210,220,261,240,1947,5840,13029,10179,7511,7444,4148,3434,3740,913,56235
Wodonga (C),27170,67,20,266,127,75,86,55,89,3,791,0,3,3,0,3,0,5,5,0,18,27,17,19,26,24,9,17,10,0,156,27,14,57,50,35,36,45,56,59,382,1319,2728,2234,1765,1420,753,639,755,181,11794
Wyndham (C),27260,403,130,1225,590,437,412,418,380,40,4022,12,5,10,18,8,8,14,27,3,107,105,176,121,193,163,87,178,98,36,1158,123,124,247,171,193,139,287,200,291,1778,7758,16736,9753,8268,9319,4496,4946,4111,1119,66508
Yarra (C),27350,192,56,540,255,137,128,15,49,8,1372,7,4,3,7,3,3,0,3,3,29,191,382,39,103,133,64,8,22,40,981,62,141,47,69,61,42,18,34,102,570,7108,20392,2798,3011,4013,2225,370,827,594,41343
Yarra Ranges (S),27450,299,76,904,413,345,307,92,227,22,2689,4,8,8,9,0,3,0,10,0,54,132,136,85,110,112,40,47,36,21,713,151,104,274,154,120,100,118,158,193,1376,6739,11973,10531,6073,5564,2735,1802,2859,724,48992
Yarriambiack (S),27630,16,0,18,14,5,3,0,11,0,77,0,0,0,0,0,0,0,0,0,0,0,3,0,3,0,0,3,0,0,9,23,3,12,11,0,4,4,6,7,71,388,324,210,252,117,53,63,110,22,1536
Unincorporated Vic,29399,4,0,9,0,3,0,0,0,0,21,0,0,0,0,0,0,0,0,0,0,0,0,0,3,3,0,0,0,0,8,0,0,0,0,0,0,0,3,3,12,63,36,35,37,13,15,19,32,9,270
No usual address (Vic.),29499,9,3,34,8,3,3,4,6,0,75,0,0,0,0,0,0,0,0,0,0,3,4,5,7,3,3,0,6,0,34,4,5,15,4,0,0,9,14,15,66,132,367,223,181,112,65,72,142,34,1337
Migratory - Offshore - Shipping (Vic.),29799,0,0,0,0,0,0,0,0,0,0,0,0,0,0,0,0,0,0,0,0,0,0,0,0,0,0,0,0,0,0,0,0,0,0,0,0,0,0,0,0,0,4,9,0,0,0,0,4,0,22
Aurukun (S),30250,0,0,0,0,0,0,0,0,0,3,0,0,0,0,0,0,0,0,0,0,0,0,0,0,0,0,0,0,0,0,4,0,3,5,0,0,4,3,0,23,16,28,25,32,12,3,4,15,4,142
Balonne (S),30300,11,0,17,16,9,3,4,12,0,73,0,0,0,0,0,0,0,0,0,0,4,0,0,0,3,0,0,0,0,14,7,0,9,3,0,13,5,10,10,56,280,231,153,122,106,65,50,113,15,1143
Banana (S),30370,29,5,72,33,28,27,25,40,0,259,0,0,0,0,0,3,0,3,0,11,8,0,4,0,0,0,7,3,3,33,34,4,20,12,11,8,30,42,18,179,629,655,916,294,346,130,369,345,54,3740
Barcaldine (R),30410,4,0,4,8,3,0,6,6,0,30,0,0,0,0,0,0,0,0,0,0,3,0,0,0,0,0,0,0,0,3,8,0,6,3,3,3,0,6,3,35,151,145,101,89,72,23,39,81,12,717
Barcoo (S),30450,0,0,0,0,0,0,3,0,0,7,0,0,0,0,0,0,0,0,0,0,0,0,0,0,0,0,0,0,0,0,0,0,0,0,3,0,0,0,0,3,13,12,11,3,11,0,5,6,0,71
Blackall-Tambo (R),30760,3,0,9,0,5,3,0,3,0,22,0,0,0,0,0,0,0,0,0,0,0,0,0,0,0,0,0,0,0,3,6,0,8,0,4,3,3,7,0,36,120,76,61,63,48,27,22,46,9,476
Longreach (R),34710,13,0,23,18,12,3,3,10,0,81,0,0,0,0,0,0,0,0,0,8,3,0,0,3,3,0,0,0,0,15,17,5,9,9,4,7,0,11,12,65,224,276,173,133,124,51,39,84,17,1120
Mackay (R),34770,187,60,622,253,198,209,199,200,18,1953,3,7,5,0,0,9,3,18,0,49,36,57,60,28,49,11,71,32,12,360,99,49,227,81,63,93,176,169,143,1104,3432,6919,8655,3086,3114,1521,2956,2023,487,32196
McKinlay (S),34800,3,0,3,3,3,0,3,3,0,15,0,0,0,0,0,0,0,0,0,0,0,0,0,0,0,0,0,0,0,3,3,0,3,0,0,0,0,3,3,11,74,33,43,20,16,6,21,30,3,252
Mapoon (S),34830,0,0,0,0,0,0,0,0,0,0,0,0,0,0,0,0,0,0,0,0,0,0,0,0,0,0,0,0,0,0,0,0,0,0,0,0,0,0,0,3,9,10,8,9,10,4,3,3,0,58
Maranoa (R),34860,28,3,74,23,21,18,14,34,4,222,0,0,3,0,0,0,0,3,0,4,3,9,3,11,9,3,5,7,3,54,24,9,20,34,12,6,24,25,8,166,708,731,643,378,404,187,246,313,48,3650
Mareeba (S),34880,51,4,96,52,24,36,20,32,4,323,0,0,0,0,0,0,0,4,0,6,9,9,9,14,7,3,3,10,0,63,36,16,25,34,19,15,22,48,23,236,733,996,888,711,508,252,245,470,67,4875
Moreton Bay (R),35010,779,226,2365,1199,930,800,352,800,70,7529,11,16,7,15,29,34,19,51,6,182,204,238,200,211,229,84,181,139,82,1564,239,240,569,335,352,310,359,504,489,3397,14164,28092,22615,16230,15888,7578,5663,8075,1784,120088
Mornington (S),35250,0,0,3,0,0,0,3,0,0,12,0,0,0,0,0,0,0,0,0,0,0,0,0,0,0,0,0,0,0,7,3,7,3,8,4,3,3,3,0,37,17,45,22,44,20,4,7,9,4,176
Mount Isa (C),35300,28,9,98,32,28,27,43,23,0,285,0,0,0,0,3,3,0,3,0,8,5,10,16,14,7,3,13,0,4,76,7,6,50,22,16,12,28,18,29,188,452,1285,1644,556,457,223,599,266,93,5579
Murweh (S),35600,14,3,20,6,11,9,3,17,0,77,0,0,0,3,0,0,0,0,0,3,0,0,0,0,0,0,3,7,0,16,9,0,12,7,5,6,3,13,4,56,205,243,161,125,98,36,44,129,17,1064
Napranum (S),35670,0,0,0,0,0,0,0,0,0,3,0,0,0,0,0,0,0,0,0,0,0,0,0,0,0,0,0,0,0,0,0,0,0,0,0,0,0,3,0,6,3,11,23,11,5,0,10,8,0,74
Noosa (S),35740,183,44,496,210,111,108,45,104,6,1304,0,0,4,0,0,3,0,0,0,8,12,25,24,23,22,10,11,13,3,145,40,28,74,42,35,48,23,49,49,386,2079,3806,2638,1932,1485,1077,484,974,221,14699
North Burnett (R),35760,40,3,40,19,13,21,14,27,0,172,0,0,0,0,0,0,0,0,3,11,9,0,3,3,4,4,3,3,3,29,34,5,4,9,12,8,12,43,16,138,461,342,281,269,185,105,147,345,29,2170
Northern Peninsula Area (R),35780,4,0,4,6,0,0,0,3,0,25,0,0,0,0,0,0,0,0,0,0,0,0,0,0,3,0,0,0,0,7,3,12,3,10,4,3,13,10,0,52,63,105,72,106,74,25,44,47,7,536
Palm Island (S),35790,4,0,3,4,0,0,0,0,0,10,0,0,0,0,0,0,0,0,0,0,0,0,0,0,0,0,0,0,0,0,0,0,3,5,0,3,0,0,3,21,20,70,26,88,33,4,8,15,8,271
Paroo (S),35800,3,0,6,6,0,3,0,0,0,25,0,0,0,0,0,0,0,0,0,0,0,0,0,0,0,0,0,0,0,5,6,5,0,3,4,0,4,5,0,23,112,72,47,47,30,17,19,34,3,380
Pormpuraaw (S),36070,0,0,0,0,0,0,0,0,0,6,0,0,0,0,0,0,0,0,0,0,0,0,0,0,0,0,0,0,0,0,0,0,3,3,0,0,0,3,0,15,15,22,13,22,8,4,9,6,3,105
Quilpie (S),36150,0,0,5,4,0,0,0,6,0,20,0,0,0,0,0,0,0,0,0,0,0,0,0,0,0,0,0,0,0,3,0,0,0,0,3,0,0,5,0,10,53,32,40,23,24,5,14,25,4,216
Redland (C),36250,303,87,840,415,391,324,108,284,26,2789,3,12,5,11,7,9,0,11,0,58,94,105,77,57,72,31,39,30,20,527,104,85,190,92,123,98,87,137,167,1084,6160,10872,8733,5382,6092,2798,1789,2731,621,45175
Richmond (S),36300,0,0,4,3,0,0,0,4,0,20,0,0,0,0,0,0,0,0,0,0,0,0,0,0,0,0,0,0,0,3,0,3,0,0,0,0,0,0,0,10,45,34,32,19,26,10,11,32,3,214
Rockhampton (R),36370,118,28,420,193,132,144,97,143,16,1288,0,3,14,10,4,0,3,12,3,53,27,37,39,33,46,3,45,18,5,254,45,34,106,85,48,49,70,123,69,624,1868,5006,4447,2744,2258,981,1240,1280,241,20064
Scenic Rim (R),36510,92,12,233,111,65,55,40,74,7,692,4,0,3,4,5,0,0,6,3,24,17,22,22,15,14,5,19,15,3,134,42,37,83,42,45,40,34,73,33,434,1508,2228,2030,1265,1144,546,540,894,144,10291
Somerset (R),36580,40,6,101,51,35,33,24,67,4,351,0,0,3,3,0,0,0,8,0,12,4,10,8,6,6,4,9,10,4,59,30,19,42,24,24,19,41,67,23,283,663,945,1048,751,536,282,382,631,89,5331
South Burnett (R),36630,59,7,121,68,39,46,25,71,0,440,0,3,0,0,0,0,3,4,0,8,9,6,3,11,11,6,9,8,0,64,37,11,43,30,19,21,43,73,39,314,901,1411,1221,1015,640,361,463,705,97,6807
Southern Downs (R),36660,71,10,198,84,39,58,35,95,8,597,5,0,0,3,0,0,3,0,3,12,14,12,9,6,13,3,15,13,0,91,47,11,50,39,29,33,34,83,44,372,1170,1595,1374,1016,752,451,494,865,114,7834
Sunshine Coast (R),36720,694,150,2184,995,646,741,220,554,42,6223,16,7,11,9,18,37,9,25,3,131,121,165,145,129,122,74,86,83,37,955,181,159,364,222,168,233,145,287,294,2060,10521,22811,16420,11032,9821,6156,3035,5596,1178,86574
Tablelands (R),36820,56,3,115,50,47,42,21,47,7,387,0,3,0,0,0,0,0,4,0,8,8,14,10,12,7,4,7,5,0,74,46,24,31,35,14,24,23,44,24,267,903,1383,1052,809,610,333,303,504,80,5983
Toowoomba (R),36910,301,73,920,445,329,289,117,317,21,2820,6,8,8,13,8,9,3,25,3,81,79,85,50,72,69,28,66,48,17,512,139,80,181,149,121,114,108,223,129,1246,5519,12358,8286,5534,5338,2435,2046,3251,489,45253
Torres (S),36950,7,0,7,8,5,3,0,8,0,37,0,0,0,0,0,0,0,0,0,3,3,0,0,4,4,0,0,0,0,13,7,11,9,19,16,3,7,16,15,97,121,274,130,164,133,27,23,60,34,962
Torres Strait Island (R),36960,0,0,0,7,0,0,0,3,0,18,0,0,0,0,0,0,0,0,0,0,0,4,0,3,3,0,0,0,0,17,3,10,7,11,8,6,0,19,6,74,59,165,89,119,103,36,12,88,26,694
Townsville (C),37010,348,80,1132,650,353,320,172,308,26,3382,4,8,11,9,4,19,4,13,3,83,129,141,82,142,98,34,96,57,32,808,90,110,187,158,125,105,138,191,190,1290,5752,15044,10423,7769,6166,2741,2762,3009,682,54344
Bulloo (S),31750,0,0,0,0,3,0,0,0,0,4,0,0,0,0,0,0,0,0,0,0,0,0,0,0,0,0,0,0,0,0,6,0,0,0,0,0,3,0,0,9,26,9,25,4,23,3,12,15,3,125
Bundaberg (R),31820,142,28,469,224,105,125,74,186,13,1371,0,4,4,4,3,8,0,6,0,25,27,22,35,25,20,12,34,37,8,221,63,34,75,68,59,65,74,123,92,653,2250,4725,3724,2810,1978,1160,1128,1869,281,19921
Burdekin (S),31900,28,5,85,34,20,25,22,43,3,262,0,0,0,0,0,0,4,3,0,14,12,3,3,4,4,0,10,4,0,38,21,13,18,8,9,17,25,35,17,174,622,747,888,447,353,170,379,421,58,4084
Burke (S),31950,0,0,0,0,0,0,0,0,0,3,0,0,0,0,0,0,0,0,0,0,0,0,0,0,0,0,0,0,0,0,8,0,0,0,4,0,0,0,0,15,21,11,14,4,13,0,4,7,3,82
Boulia (S),30900,0,0,0,0,0,0,0,0,0,3,0,0,0,0,0,0,0,0,0,0,0,0,0,0,0,0,0,0,0,0,4,0,0,0,0,0,0,3,0,6,21,11,10,9,6,0,6,30,0,96
Brisbane (C),31000,2105,649,5960,2966,2262,1741,739,1475,170,18063,49,55,55,98,102,98,49,121,13,639,840,1360,513,587,841,361,343,385,195,5416,676,894,858,699,825,553,478,789,1222,6999,58388,157776,46996,37947,51408,23155,10902,18682,5694,410947
Cairns (R),32080,418,86,1234,623,388,400,187,376,43,3761,10,14,9,9,6,6,3,8,0,71,78,110,79,94,74,31,45,53,16,580,116,112,218,183,118,153,123,212,205,1441,5506,12768,8718,6715,5536,3135,1962,2944,761,48050
Carpentaria (S),32250,3,0,6,3,5,3,3,5,0,27,0,0,0,0,0,0,0,0,0,0,3,0,0,0,0,0,0,0,0,9,0,6,4,4,3,0,4,0,3,22,63,87,69,69,45,8,18,54,12,430
Cassowary Coast (R),32260,57,3,153,53,25,43,31,95,0,466,3,0,0,0,0,0,0,6,0,22,10,14,0,9,9,3,5,30,3,87,48,21,43,33,24,28,35,104,33,353,983,1211,1312,789,619,375,475,883,99,6747
Central Highlands (R) (Qld),32270,53,4,126,57,59,38,77,42,3,457,4,0,0,0,0,0,0,3,0,11,15,5,21,7,11,0,23,7,3,101,33,14,48,22,24,30,67,62,17,322,1051,1378,1923,582,728,307,1029,547,88,7642
Charters Towers (R),32310,18,7,45,25,8,6,15,15,0,135,0,0,0,0,0,0,0,0,0,4,0,3,4,3,3,0,4,3,0,25,15,7,14,21,5,11,10,18,7,114,330,575,484,314,201,114,168,192,20,2396
Cherbourg (S),32330,0,0,0,0,0,0,0,0,0,0,0,0,0,0,0,0,0,0,0,0,0,0,0,0,0,0,0,0,0,0,0,0,0,0,0,0,0,3,0,3,5,12,8,26,6,0,0,10,0,61
Cloncurry (S),32450,7,0,10,11,8,6,13,4,0,55,0,0,0,0,0,0,0,0,0,0,0,3,0,0,3,0,4,3,0,13,3,0,3,3,4,0,9,7,3,39,97,191,185,70,82,23,122,72,3,847
Cook (S),32500,8,3,21,11,4,5,3,13,0,75,0,0,0,0,0,0,0,0,0,0,3,0,4,0,3,0,3,6,0,17,11,13,11,3,10,4,10,13,7,83,162,274,176,134,107,45,67,140,21,1128
Croydon (S),32600,0,0,0,0,0,0,0,0,0,3,0,0,0,0,0,0,0,0,0,0,0,0,0,0,0,0,0,0,0,0,0,0,0,0,0,0,0,0,0,0,13,7,11,4,3,0,9,12,3,52
Gold Coast (C),33430,1528,444,4368,2305,1531,1560,441,1219,148,13547,24,25,36,45,39,41,27,56,15,299,281,331,267,223,238,157,170,152,77,1902,419,353,700,479,437,508,339,587,686,4514,22407,43013,29679,21573,20071,13988,5871,11085,2692,170374
Goondiwindi (R),33610,23,0,54,26,14,13,9,25,0,156,0,0,0,0,0,0,0,0,0,6,10,9,3,3,3,0,0,5,3,28,18,3,18,11,3,6,11,36,11,114,541,523,453,306,264,124,156,257,24,2653
Gympie (R),33620,77,13,274,109,54,87,36,128,3,787,0,3,0,3,0,3,0,0,0,16,13,15,18,17,16,7,11,17,3,125,49,18,57,28,21,44,37,83,48,389,1257,1996,2126,1455,1080,683,640,1018,158,10417
Weipa (T),37300,3,0,16,5,5,3,21,3,3,61,0,0,0,0,0,0,0,0,0,0,4,0,0,0,3,3,4,0,0,14,0,3,16,7,0,0,14,3,0,51,114,283,459,108,109,30,275,51,12,1442
Western Downs (R),37310,65,13,179,55,57,51,33,60,4,511,3,0,5,0,0,0,0,3,0,14,17,10,17,6,14,8,18,14,4,102,59,20,47,22,31,36,51,84,38,392,1404,1517,1790,808,842,390,632,724,127,8235
Whitsunday (R),37340,136,25,363,161,75,62,57,119,8,1009,3,0,0,3,0,4,0,16,0,31,19,15,8,12,14,4,23,13,3,111,39,28,60,31,22,46,49,116,45,435,1290,1598,2166,1190,841,523,748,1017,135,9511
Hinchinbrook (S),33800,16,6,58,16,25,15,20,21,0,179,0,0,0,0,0,0,0,0,0,0,4,5,3,3,0,4,3,0,0,21,21,12,15,15,8,10,12,29,10,128,320,508,580,326,210,104,250,217,34,2545
Hope Vale (S),33830,0,0,0,0,0,0,0,0,0,0,0,0,0,0,0,0,0,0,0,0,0,0,0,0,0,0,0,0,0,0,0,3,0,0,0,0,0,7,3,11,13,21,19,26,18,3,23,19,8,151
Ipswich (C),33960,347,84,1004,536,391,378,193,315,28,3274,7,12,5,15,13,25,10,24,8,123,73,115,100,102,90,37,134,65,32,756,91,78,233,192,164,110,220,306,262,1651,5122,11060,9896,7625,6734,3054,3267,3813,874,51446
Isaac (R),33980,27,10,127,30,49,20,79,40,0,381,0,0,0,0,0,0,0,3,0,11,6,6,6,6,0,0,21,0,3,57,20,11,58,14,15,15,69,33,16,252,695,994,1717,365,463,159,1014,395,71,5874
Kowanyama (S),34420,0,0,0,3,4,0,0,0,0,7,0,0,0,0,0,0,0,0,0,0,0,0,0,0,0,0,0,0,0,0,0,0,0,5,0,0,0,4,0,11,14,23,21,32,11,5,7,10,4,125
Livingstone (S),34530,51,16,226,87,68,65,45,64,6,628,3,0,0,4,0,0,0,0,0,12,14,16,14,6,10,4,21,10,0,88,33,19,50,24,26,33,54,49,35,322,1123,2221,2240,1133,961,443,686,511,123,9442
Lockhart River (S),34570,0,0,0,0,0,0,0,0,0,0,0,0,0,0,0,0,0,0,0,0,0,0,0,0,0,0,0,0,0,0,0,4,3,9,3,0,3,7,6,34,9,29,10,17,8,0,5,13,7,101
Lockyer Valley (R),34580,61,7,201,95,47,52,52,107,3,623,7,0,0,0,0,4,0,8,0,25,20,12,15,15,11,3,32,22,0,136,42,17,62,40,35,33,53,79,42,412,1033,1671,1792,1173,922,479,610,1069,126,8874
Logan (C),34590,446,143,1438,732,621,583,351,567,44,4927,6,11,22,17,25,14,16,26,7,151,122,151,156,132,135,44,194,123,52,1105,175,139,445,259,263,196,387,441,428,2732,7887,15471,15919,10234,10485,5005,5589,6499,1246,78344
Southern Mallee (DC),47290,7,0,10,3,0,3,0,3,0,24,0,0,0,0,0,0,0,0,0,0,3,0,0,0,0,0,0,0,0,3,3,0,0,0,0,8,0,9,4,25,151,73,63,45,29,32,36,61,9,487
Streaky Bay (DC),47490,10,0,15,3,0,3,0,3,0,30,0,0,0,0,0,0,0,0,0,0,3,0,0,0,0,0,3,0,0,10,9,3,3,0,0,6,3,5,4,29,110,104,87,50,49,37,17,60,9,528
Tatiara (DC),47630,21,0,29,7,10,14,3,22,0,107,0,0,0,3,0,0,0,3,0,9,7,3,3,0,3,0,0,5,0,18,21,5,13,3,7,10,4,25,12,94,424,295,287,143,177,117,95,236,27,1790
Tea Tree Gully (C),47700,150,48,600,226,223,207,65,154,10,1682,0,4,6,5,12,3,0,10,3,38,30,67,38,52,44,23,29,29,8,319,51,32,133,84,75,54,51,78,94,652,3417,8207,5622,4122,4174,1797,1040,1610,386,30378
The Coorong (DC),47800,10,0,20,6,9,6,3,20,0,72,0,0,0,0,3,0,0,0,0,5,0,0,0,0,0,0,0,3,0,7,15,0,3,9,0,8,4,16,3,60,298,160,140,146,105,65,69,154,10,1150
Tumby Bay (DC),47910,4,0,28,3,3,6,0,3,0,55,0,0,0,0,0,0,0,0,0,0,0,0,0,0,0,0,0,0,0,3,0,0,7,3,4,0,0,4,3,23,136,123,99,59,50,26,36,46,5,584
Diamantina (S),32750,0,0,0,5,0,0,0,0,0,5,0,0,0,0,0,0,0,0,0,0,0,0,0,0,0,0,0,0,0,0,0,0,0,0,0,0,0,4,0,3,13,6,17,16,18,0,3,13,0,86
Clare and Gilbert Valleys (DC),41140,17,0,56,13,18,18,5,35,0,166,0,0,0,0,0,0,0,0,0,3,3,0,8,0,3,0,0,3,0,21,10,11,18,0,12,7,14,12,9,89,464,571,410,270,275,145,106,249,26,2514
Campbelltown (C) (SA),40910,80,19,371,110,86,88,25,64,6,845,0,0,0,0,3,0,0,3,0,10,36,52,22,33,36,21,21,17,10,245,43,27,52,35,48,31,30,32,42,339,1892,5346,2215,1738,1954,956,429,823,220,15566
Ceduna (DC),41010,4,5,18,11,4,3,10,6,0,56,0,0,0,0,0,0,0,0,0,0,0,0,0,0,0,0,0,0,0,3,14,10,3,12,4,0,0,9,0,57,130,181,112,147,72,34,36,63,18,796
Charles Sturt (C),41060,224,55,745,322,219,208,71,160,18,2026,6,9,5,6,7,0,8,9,8,53,69,98,42,71,75,37,42,28,14,464,78,88,123,103,104,95,67,113,97,879,4329,10402,5177,4085,4376,1984,1186,1848,468,33854
Doomadgee (S),32770,0,0,0,0,0,0,0,0,0,3,0,0,0,0,0,0,0,0,0,0,0,0,0,0,0,0,0,0,0,0,0,3,0,3,0,0,0,0,0,9,10,35,6,33,11,3,0,8,5,116
Douglas (S),32810,74,4,188,89,30,40,5,44,3,476,0,0,0,0,0,0,0,0,0,7,3,5,6,9,8,0,0,3,0,31,18,10,27,18,8,13,4,31,22,155,560,594,704,536,319,255,137,382,53,3536
Etheridge (S),33100,3,0,0,0,0,0,0,0,0,7,0,0,0,0,0,0,0,0,0,0,3,0,0,0,0,0,0,0,0,3,5,0,0,0,0,0,0,3,0,10,42,26,11,15,24,0,12,24,0,154
Flinders (S) (Qld),33200,3,0,9,0,0,0,0,6,0,22,0,0,0,0,0,0,0,0,0,0,3,0,0,0,0,0,0,0,0,7,8,0,3,0,0,0,6,10,0,30,85,47,52,24,34,9,25,50,3,341
Fraser Coast (R),33220,165,45,547,270,126,171,55,190,9,1580,0,3,6,5,3,0,0,4,4,24,30,43,34,37,17,11,30,32,9,232,48,44,98,92,57,71,69,120,84,680,1952,4802,3762,3511,2110,1335,945,1619,247,20272
Gladstone (R),33360,80,15,287,121,93,97,107,104,5,913,7,4,3,0,0,3,9,7,0,33,21,28,33,28,19,10,60,24,4,221,43,29,120,46,33,36,86,84,69,549,1670,3401,4840,1637,1563,727,1539,1319,263,16965
Winton (S),37400,9,0,13,0,3,0,3,4,0,24,0,0,0,0,0,0,0,0,0,0,0,0,0,0,0,0,0,0,0,0,6,0,3,0,0,0,0,3,0,13,79,39,52,35,19,8,17,24,5,279
Coober Pedy (DC),41330,6,0,11,3,3,3,3,0,0,29,0,0,0,0,0,0,0,0,0,0,0,0,0,0,0,0,0,0,0,7,0,0,4,4,0,0,3,0,7,23,57,75,49,80,53,23,22,29,17,405
Copper Coast (DC),41560,28,10,87,25,16,13,9,40,0,224,0,0,0,0,0,0,0,0,0,4,4,12,5,3,0,0,3,3,0,32,10,4,20,17,15,24,18,21,11,143,297,599,544,476,246,184,146,254,56,2794
Elliston (DC),41750,4,0,0,0,0,0,0,0,0,14,0,0,0,0,0,0,0,0,0,0,0,0,0,0,0,0,0,0,0,0,0,4,4,0,4,0,0,0,3,18,73,40,25,25,26,3,5,26,6,242
Woorabinda (S),37550,0,0,0,0,0,0,0,0,0,3,0,0,0,0,0,0,0,0,0,0,0,0,0,0,0,0,0,0,0,3,0,3,0,8,0,0,0,6,0,23,16,15,6,25,11,5,0,6,4,102
Karoonda East Murray (DC),43080,3,0,8,0,0,0,0,0,0,8,0,0,0,0,0,0,0,0,0,3,0,0,0,0,0,0,0,0,0,5,10,0,6,0,0,0,0,0,0,14,69,43,26,31,14,6,9,26,0,223
Bayswater (C),50420,140,30,501,192,152,116,68,122,18,1328,6,3,9,8,0,8,3,11,4,45,36,72,18,43,45,10,19,21,10,284,41,56,83,54,49,36,49,49,74,489,2719,7182,3758,2434,2678,1321,888,1267,334,22583
Belmont (C),50490,72,24,305,135,92,70,64,87,5,843,3,3,6,0,3,0,4,0,0,17,9,24,23,20,22,10,19,23,12,161,25,16,51,50,40,14,35,48,43,317,1314,3228,2403,1469,1462,697,693,865,189,12320
Beverley (S),50560,3,0,3,0,4,3,0,0,0,16,0,0,0,0,0,0,0,0,0,0,0,3,0,0,3,0,0,0,0,5,8,0,0,5,0,0,3,3,0,17,83,56,76,39,39,13,29,29,0,363
Boddington (S),50630,0,0,9,0,7,0,4,0,0,17,0,0,0,0,0,0,0,0,0,0,0,0,0,0,3,0,5,0,0,8,3,0,8,0,0,3,9,4,3,30,66,89,128,37,43,9,86,17,10,492
Boyup Brook (S),50770,3,0,7,0,0,0,0,0,0,16,0,0,0,0,0,0,0,0,0,0,0,0,0,0,0,0,0,0,0,4,3,0,3,0,0,0,0,3,0,13,123,63,55,33,38,19,24,41,4,389
Bridgetown-Greenbushes (S),50840,3,0,22,14,6,7,4,7,0,64,0,0,0,0,0,0,0,0,0,3,4,3,0,5,3,0,0,0,0,10,10,0,13,8,3,6,10,7,4,63,170,252,273,145,95,69,97,105,13,1214
Brookton (S),50910,3,0,3,0,0,0,0,0,0,12,0,0,0,0,0,0,0,0,0,0,0,0,0,0,0,0,0,0,0,0,0,0,0,0,0,0,0,0,0,10,52,33,22,23,18,7,6,17,11,184
Broome (S),50980,57,13,106,73,51,30,11,25,5,371,0,0,0,0,3,0,0,0,0,5,3,22,6,10,8,0,4,5,0,66,18,13,35,29,22,11,16,29,28,217,697,1390,835,719,618,286,173,314,93,5133
Wujal Wujal (S),37570,0,0,0,0,0,0,0,0,0,0,0,0,0,0,0,0,0,0,0,0,0,0,0,0,0,0,0,0,0,0,0,0,0,0,0,0,0,0,0,3,7,6,3,11,5,0,4,4,0,35
Yarrabah (S),37600,0,0,0,0,0,0,0,0,0,6,0,0,0,0,0,0,0,0,0,0,0,0,0,0,0,0,0,0,0,3,0,3,4,7,6,0,0,3,3,25,19,50,30,61,31,3,3,20,9,228
No usual address (Qld),39499,10,4,46,22,16,11,3,34,0,143,0,0,0,0,0,0,0,3,0,4,3,6,7,3,0,0,4,0,3,31,4,11,11,9,0,7,7,19,21,81,163,407,308,245,129,83,129,441,58,1957
Migratory - Offshore - Shipping (Qld),39799,0,0,3,0,0,0,0,0,0,5,0,0,0,0,0,0,0,0,0,0,0,0,0,0,0,0,0,0,0,0,0,0,0,0,0,0,0,0,0,0,3,7,9,0,4,3,0,4,0,33
Murray Bridge (RC),45040,31,8,99,42,27,26,15,51,5,309,0,0,0,0,0,0,0,7,0,11,3,3,3,4,3,3,14,17,0,49,23,5,33,28,20,18,24,85,17,251,481,682,793,764,469,306,258,744,75,4569
Canning (C),51330,146,32,525,223,153,134,100,149,10,1473,4,0,12,11,3,8,3,24,0,62,29,63,57,45,51,25,43,41,14,371,44,45,84,60,63,49,56,81,108,582,3175,9466,4450,3208,3391,1758,1362,2024,454,29288
Capel (S),51400,20,12,77,30,30,26,12,31,3,241,0,0,0,0,3,0,0,0,0,4,3,17,13,7,4,5,8,3,4,63,20,10,20,22,13,13,18,27,16,161,549,1374,1150,609,566,270,318,377,75,5294
Carnamah (S),51470,0,0,0,0,3,0,0,3,0,9,0,0,0,0,0,0,0,0,0,0,0,0,0,0,0,0,0,0,0,0,0,0,0,0,0,0,0,3,0,9,34,26,24,5,18,3,8,19,0,139
Carnarvon (S),51540,11,3,23,10,18,8,6,18,0,93,0,0,0,0,0,0,0,5,0,7,4,0,0,5,7,0,0,4,0,14,3,7,8,4,9,7,6,17,12,74,207,272,238,156,152,60,58,149,32,1321
Adelaide (C),40070,44,13,146,69,20,15,0,21,0,346,0,0,0,3,0,5,0,3,0,14,26,37,6,15,16,10,5,0,4,108,14,27,17,5,13,17,0,13,15,117,1078,3291,522,675,768,403,75,259,94,7164
Adelaide Hills (DC),40120,89,18,182,66,63,49,13,57,0,528,3,3,0,0,0,0,0,0,0,9,32,54,15,29,31,12,19,8,6,203,41,35,50,25,37,25,12,37,25,286,2297,5258,1923,1364,1470,593,321,577,157,13961
Alexandrina (DC),40220,65,13,157,60,37,53,11,42,11,441,0,0,0,3,3,3,0,0,0,9,10,14,13,11,5,3,11,6,0,71,34,23,28,35,26,30,21,33,21,241,890,1384,1192,955,712,395,303,475,87,6389
Anangu Pitjantjatjara (AC),40250,0,0,3,3,0,0,0,0,0,6,0,0,0,0,0,0,0,0,0,0,0,0,0,0,0,0,0,0,0,3,3,9,0,18,0,0,0,3,4,42,45,117,13,70,11,5,8,19,5,295
Barossa (DC),40310,64,13,164,59,34,46,9,82,3,468,3,0,3,3,0,0,0,4,0,12,15,19,12,9,11,3,8,12,3,90,32,17,54,23,18,18,23,75,13,280,1089,1582,1278,791,752,380,300,769,71,7009
Barunga West (DC),40430,0,3,13,3,0,0,3,0,0,26,0,0,0,0,0,0,0,0,0,0,0,0,0,0,0,0,0,0,0,3,4,0,3,3,0,3,4,13,0,24,99,102,68,60,33,13,38,42,7,464
Berri and Barmera (DC),40520,12,6,65,32,16,22,4,34,0,189,0,0,0,0,0,0,0,3,0,9,3,0,4,0,0,3,3,3,0,17,14,15,9,19,13,6,16,26,5,121,310,553,413,362,228,133,121,265,31,2420
Robe (DC),46860,4,0,17,7,7,3,0,9,0,43,0,0,0,0,0,0,0,0,0,0,0,0,0,0,0,0,0,0,0,5,4,0,0,0,0,3,0,6,3,15,116,58,70,38,29,29,10,64,11,416
Roxby Downs (M),46970,0,0,24,5,9,10,11,17,3,82,0,0,0,0,0,0,0,0,0,3,0,0,5,0,0,0,8,0,4,14,0,4,11,3,3,0,8,4,5,45,101,273,481,80,109,39,209,77,39,1412
Burnside (C),40700,75,10,161,63,51,46,4,26,4,441,0,0,0,0,0,3,0,0,0,4,41,54,4,21,18,16,0,6,10,173,20,46,25,19,27,14,3,6,28,195,2694,7502,1008,1086,1633,786,147,380,192,15434
Cleve (DC),41190,5,0,11,0,4,0,3,0,0,26,0,0,0,0,0,0,0,0,0,0,3,0,0,0,0,0,0,0,0,3,13,0,0,3,0,0,0,4,0,25,132,71,79,50,43,12,22,46,6,454
Salisbury (C),47140,208,39,775,304,216,248,108,273,19,2186,3,0,11,8,7,3,10,14,3,52,36,48,46,65,54,32,69,55,21,427,62,47,160,105,105,92,125,193,123,1001,2867,6671,6211,5510,4091,2157,2037,2916,561,33017
Flinders Ranges (DC),41830,5,0,12,4,3,0,0,9,0,31,0,0,0,0,0,0,0,0,0,0,0,0,0,0,0,0,0,0,0,4,7,0,0,0,3,0,3,3,3,23,55,108,66,69,26,10,32,34,3,417
Franklin Harbour (DC),41960,3,0,7,4,3,0,0,0,0,20,0,0,0,0,0,0,0,0,0,0,0,0,3,0,0,0,0,0,0,5,4,0,0,5,0,0,5,0,0,13,70,43,48,46,28,9,21,24,3,287
Gawler (T),42030,37,11,137,65,36,44,24,44,4,405,0,0,0,0,0,0,0,3,0,8,9,7,11,11,7,5,5,13,5,69,6,13,19,15,16,17,14,29,20,156,637,1341,1136,971,705,375,272,435,89,5968
Goyder (DC),42110,8,0,19,10,6,0,3,6,3,45,0,0,0,0,0,0,0,0,0,0,3,0,3,0,0,0,3,5,0,9,12,4,4,6,11,4,4,9,9,51,219,141,146,103,79,34,55,113,13,895
Grant (DC),42250,20,0,36,24,9,12,5,17,0,131,0,0,0,0,0,0,0,0,0,5,3,3,0,3,3,3,5,6,0,25,13,6,9,13,12,10,14,18,8,90,382,428,429,241,234,98,132,201,28,2177
Holdfast Bay (C),42600,84,12,184,93,69,59,6,37,5,554,0,0,3,0,0,0,0,0,0,4,20,31,12,11,23,16,6,8,3,134,26,33,29,26,26,24,3,13,30,211,1910,4372,1399,1389,1467,701,197,416,142,11991
Kangaroo Island (DC),42750,13,0,30,23,3,15,4,12,0,100,0,0,0,0,0,0,0,0,0,0,0,0,0,0,3,0,0,3,0,10,10,0,7,12,3,3,3,10,3,57,281,229,179,176,110,77,37,137,14,1253
Kimba (DC),43220,4,0,3,0,0,3,0,0,0,9,0,0,0,0,0,0,0,0,0,0,0,0,0,0,0,0,0,0,0,0,7,0,0,0,0,4,0,0,0,11,86,32,31,24,26,23,14,19,3,261
Kingston (DC) (SA),43360,3,0,22,0,0,4,0,3,0,34,0,0,0,0,0,0,0,0,0,0,0,0,0,0,0,0,0,0,0,4,3,0,3,3,0,6,3,7,0,33,139,89,88,67,40,49,18,86,3,581
Light (RegC),43650,29,7,103,27,27,18,14,30,0,258,3,0,0,0,0,0,0,0,0,7,11,4,5,6,8,0,4,7,4,55,23,10,25,15,13,10,13,15,15,140,677,908,862,601,490,226,205,366,63,4402
Lower Eyre Peninsula (DC),43710,9,4,29,10,11,4,3,10,0,80,0,0,0,0,0,0,0,0,0,0,0,0,0,0,0,0,3,0,0,14,14,3,9,9,6,3,3,12,8,57,254,304,263,175,170,69,73,134,22,1454
Loxton Waikerie (DC),43790,34,0,75,24,12,14,9,30,0,200,0,0,3,0,3,0,0,3,0,9,3,0,6,0,3,0,3,0,0,17,26,3,12,8,9,11,14,28,17,124,484,536,438,387,283,143,121,287,39,2723
Mallala (DC),43920,9,3,24,21,10,10,6,16,3,105,0,0,0,0,0,0,3,0,0,7,9,0,3,0,3,0,11,3,0,30,10,3,19,10,6,6,18,17,8,97,276,294,492,307,227,111,174,209,38,2128
Maralinga Tjarutja (AC),44000,0,0,0,0,0,0,0,0,0,0,0,0,0,0,0,0,0,0,0,0,0,0,0,0,0,0,0,0,0,0,0,0,0,0,0,0,0,0,0,0,3,5,0,0,0,0,0,0,0,6
Marion (C),44060,167,40,590,251,182,170,38,133,14,1589,3,3,3,8,3,3,0,8,0,32,45,89,35,64,62,22,23,10,11,366,38,52,108,69,77,60,28,93,99,616,3100,8718,4519,3999,3584,1762,785,1492,368,28329
Mid Murray (DC),44210,17,0,54,17,6,7,10,10,0,124,0,0,0,0,0,0,0,0,0,0,5,0,0,0,0,0,3,3,0,15,12,4,14,4,10,6,15,18,9,101,292,248,363,224,143,94,120,241,26,1757
Mitcham (C),44340,112,41,270,111,91,72,8,63,3,770,0,3,0,0,8,4,0,4,0,20,50,74,26,37,55,24,10,12,6,288,43,55,36,44,35,32,26,29,36,343,3362,9878,2416,2249,2581,1095,319,792,243,22927
Mount Barker (DC),44550,76,15,285,81,64,67,27,55,4,677,0,0,3,0,0,0,0,7,0,16,24,20,13,13,12,10,6,4,4,108,43,27,54,46,32,35,38,47,22,352,1450,2959,1937,1397,1253,687,382,653,118,10845
Mount Gambier (C),44620,50,13,173,82,41,61,22,61,9,510,0,0,0,3,0,0,0,3,0,7,7,11,7,8,3,5,9,8,3,60,17,5,22,32,14,11,30,43,21,196,676,1523,1296,1038,666,467,377,500,75,6622
Mount Remarkable (DC),44830,3,0,10,4,3,0,0,0,0,23,0,0,0,0,0,0,0,0,0,0,0,0,0,3,0,0,0,0,0,7,5,3,3,3,3,3,3,3,0,30,179,157,94,86,65,11,39,55,4,676
Naracoorte and Lucindale (DC),45090,15,0,41,6,9,20,3,39,7,137,0,3,3,0,0,0,0,5,0,14,4,0,3,0,3,3,0,3,0,18,19,8,9,7,4,16,8,31,8,105,481,406,362,216,221,157,91,323,27,2285
Northern Areas (DC),45120,3,0,24,0,0,4,5,3,0,45,0,0,0,0,0,0,0,0,0,0,0,3,0,0,0,0,0,0,0,6,13,3,9,0,3,0,7,7,3,43,252,259,189,131,93,50,60,93,9,1138
Norwood Payneham St Peters (C),45290,81,11,207,73,48,46,6,52,3,530,4,0,4,0,0,0,0,0,0,9,34,63,11,27,21,8,0,9,9,190,25,38,13,21,26,17,3,20,37,194,1840,5705,1165,1151,1457,624,176,484,175,12775
Onkaparinga (C),45340,314,79,1182,424,309,380,116,281,29,3114,3,11,3,11,7,14,3,19,5,64,64,93,85,79,107,21,65,54,22,588,90,71,216,164,120,139,96,166,162,1225,5116,10902,9489,7496,5971,3134,1847,3032,635,47633
Orroroo/Carrieton (DC),45400,0,0,0,3,0,0,0,0,0,8,0,0,0,0,0,0,0,0,0,0,0,0,0,0,0,0,0,0,0,0,5,0,0,0,0,0,0,3,0,6,58,50,31,36,18,10,7,15,3,225
Peterborough (DC),45540,7,0,0,0,0,0,3,10,0,16,0,0,0,0,0,0,0,0,0,0,0,0,0,0,0,0,0,0,0,0,0,0,0,0,0,0,0,9,8,16,46,38,26,46,22,9,11,33,9,235
Playford (C),45680,103,26,433,165,127,137,62,177,15,1237,7,4,0,4,0,3,5,4,3,35,33,29,25,37,17,13,41,33,10,232,51,38,98,92,59,66,88,122,94,711,1592,2846,3579,3270,2052,1266,1146,1655,310,17720
Port Adelaide Enfield (C),45890,169,55,784,314,187,176,86,205,19,1990,3,4,7,9,8,9,7,19,3,63,56,72,61,87,68,33,44,73,20,513,67,74,108,107,76,71,95,133,136,863,3601,9974,5266,4759,4100,2022,1518,2583,503,34326
Port Augusta (C),46090,14,4,56,30,13,15,4,11,3,150,0,3,0,0,0,0,0,0,0,4,9,3,5,5,3,0,6,3,0,35,5,12,21,29,7,8,14,18,19,137,273,719,552,587,307,129,230,202,60,3059
Port Lincoln (C),46300,25,3,96,41,15,37,7,36,0,266,0,0,0,0,0,4,0,0,0,5,4,12,3,5,4,4,3,0,3,33,11,10,19,13,16,17,13,25,17,134,390,878,714,523,375,225,146,317,48,3627
Port Pirie City and Dists (M),46450,18,0,73,34,22,25,23,18,3,217,0,0,0,0,0,0,0,0,0,3,4,0,3,7,3,3,9,3,3,32,22,8,29,16,6,18,20,25,10,159,385,840,716,655,326,202,269,257,58,3697
Prospect (C),46510,42,7,106,37,36,29,8,25,0,294,0,3,0,0,0,3,0,0,0,8,34,23,10,8,19,11,3,8,0,115,14,16,21,11,10,12,7,14,15,115,1141,3047,846,682,872,413,196,350,96,7650
Renmark Paringa (DC),46670,22,4,45,22,11,12,3,29,3,158,0,0,0,0,0,0,0,3,0,0,0,0,0,4,0,0,6,3,0,17,19,12,18,4,6,13,6,20,13,110,342,419,360,276,194,126,115,269,37,2143
Unley (C),47980,81,28,210,73,53,39,9,21,7,528,4,0,3,3,0,0,0,0,0,11,20,57,17,24,30,13,7,0,3,168,22,32,20,16,21,21,6,13,27,169,2324,6738,1077,1139,1473,728,132,396,175,14182
Victor Harbor (C),48050,22,6,81,31,12,18,4,26,0,208,0,0,0,0,0,0,0,3,0,10,5,3,7,6,4,3,0,5,0,37,14,3,16,14,7,11,0,15,8,93,362,671,494,519,278,193,103,233,35,2888
Wakefield (DC),48130,15,4,28,8,7,4,6,16,0,88,0,0,0,0,0,0,0,7,0,7,3,0,0,3,0,0,0,7,3,16,15,3,8,4,4,0,17,19,3,65,300,230,213,191,131,64,118,199,16,1465
Coolgardie (S),51960,4,3,10,3,6,3,16,5,0,59,0,0,0,0,0,0,0,0,0,3,0,0,0,3,0,0,3,0,0,9,0,0,14,6,6,0,18,4,0,47,40,112,252,68,69,22,142,54,9,767
Coorow (S),52030,0,0,0,0,3,0,0,0,0,10,0,0,0,0,0,0,0,0,0,0,0,0,0,0,0,0,4,0,0,4,3,0,3,0,0,0,0,0,0,13,68,26,38,10,25,3,20,31,0,220
Chapman Valley (S),51610,4,0,4,0,3,0,0,0,0,10,0,0,0,0,0,0,0,0,0,0,0,0,4,0,0,3,0,0,0,8,0,0,10,0,3,0,3,0,0,16,72,88,83,27,47,14,20,30,3,384
Walkerville (M),48260,10,3,28,16,7,12,0,10,0,86,0,0,0,0,0,0,0,0,0,0,3,4,0,0,6,3,0,0,5,26,5,10,3,0,3,3,0,5,4,34,479,1239,160,166,265,143,38,62,26,2571
Wattle Range (DC),48340,18,3,56,26,19,19,3,21,0,176,0,0,0,0,3,0,0,7,0,5,8,5,0,4,4,0,5,3,0,32,24,3,19,12,9,7,12,22,10,126,503,503,465,366,252,127,160,314,34,2718
West Torrens (C),48410,117,34,425,168,110,90,37,103,10,1102,0,0,3,3,4,3,0,9,0,34,16,56,24,33,42,20,19,34,3,251,38,48,50,44,41,44,30,41,46,379,2242,6093,2612,2389,2338,1186,640,1174,237,18906
Whyalla (C),48540,24,4,88,45,19,35,30,26,5,270,3,0,0,0,0,3,3,3,0,15,3,3,7,6,3,3,10,7,3,47,6,9,38,17,9,23,41,34,15,185,418,1135,1181,702,419,223,546,292,109,5021
Dandaragan (S),52590,7,0,12,7,5,0,6,4,0,48,0,0,0,0,0,0,0,3,0,3,0,0,0,0,3,3,3,3,0,14,7,3,5,7,5,0,7,11,3,47,197,120,144,66,83,23,61,118,16,830
Wudinna (DC),48640,0,0,12,0,0,0,0,0,0,15,0,0,0,0,0,0,0,0,0,0,0,0,0,0,0,0,0,0,0,5,3,3,0,0,0,5,4,3,0,18,76,58,49,25,17,13,13,37,5,293
Yankalilla (DC),48750,13,0,38,13,0,8,3,7,0,76,0,0,0,0,0,0,0,0,0,0,3,0,0,0,0,0,3,0,0,17,5,3,6,6,3,7,4,9,0,41,195,222,227,164,114,81,43,119,24,1195
Yorke Peninsula (DC),48830,20,3,56,13,9,20,7,18,0,145,0,0,3,0,0,0,0,0,0,4,0,0,0,6,0,0,3,0,0,13,27,4,10,12,8,5,14,16,9,114,497,384,400,294,202,110,97,223,31,2243
Unincorporated SA,49399,8,0,24,4,3,0,9,5,0,57,0,0,0,0,0,0,0,0,0,3,3,0,0,0,0,0,0,3,0,9,15,3,3,6,3,0,4,7,3,48,187,126,237,79,65,19,103,103,11,920
No usual address (SA),49499,3,0,6,0,0,7,0,8,0,30,0,0,0,0,0,0,0,0,0,0,3,0,0,0,0,0,0,3,0,6,0,0,3,0,0,0,8,10,3,25,35,96,77,32,34,20,36,109,7,444
Migratory - Offshore - Shipping (SA),49799,0,0,0,0,0,0,0,0,0,0,0,0,0,0,0,0,0,0,0,0,0,0,0,0,0,0,0,0,0,0,0,0,0,0,0,0,0,0,0,0,0,0,0,0,0,0,0,0,0,3
Albany (C),50080,69,18,203,82,63,57,35,68,4,588,0,0,0,3,0,4,0,3,0,16,11,22,19,20,12,3,13,16,3,114,32,27,45,41,36,26,37,45,38,321,1244,2365,1918,1489,1047,588,489,801,147,10088
Armadale (C),50210,125,33,429,200,164,169,129,128,6,1388,4,3,4,6,3,3,7,12,0,33,22,29,34,51,40,22,48,14,8,269,39,41,98,72,67,45,80,88,72,601,2233,5214,4885,2970,2904,1390,1601,1443,310,22960
Ashburton (S),50250,24,0,83,22,13,3,80,67,0,296,0,0,0,0,0,0,3,0,0,3,7,5,20,4,4,0,34,11,0,84,7,10,39,7,3,3,41,22,23,151,412,785,2551,193,291,45,799,591,84,5753
Augusta-Margaret River (S),50280,62,4,159,52,24,34,20,46,5,410,0,0,3,0,0,0,0,0,0,8,9,9,4,4,3,3,3,5,3,40,24,11,22,12,8,16,12,20,15,149,730,1022,949,516,369,319,184,512,70,4675
Bassendean (T),50350,26,8,81,44,42,21,13,14,3,258,0,0,3,0,0,0,0,0,0,3,7,14,3,12,14,3,3,0,0,52,12,10,18,14,20,9,16,15,15,129,601,1568,863,580,658,234,201,234,62,4993
Broomehill-Tambellup (S),51080,7,0,3,0,0,0,0,0,0,13,0,0,0,0,0,0,0,0,0,0,0,0,0,0,0,0,0,0,0,3,4,0,0,3,3,0,0,0,4,15,77,37,37,34,35,4,10,12,4,250
Bruce Rock (S),51120,0,0,3,3,3,0,0,0,0,16,0,0,0,0,0,0,0,0,0,0,0,0,0,0,0,0,3,0,0,3,0,0,4,0,0,0,0,3,0,10,65,35,32,29,20,9,12,21,0,214
Bunbury (C),51190,49,12,208,80,58,46,35,90,3,578,0,0,0,3,0,3,0,9,0,16,9,24,28,11,16,8,11,11,0,109,16,7,43,28,22,23,26,56,38,258,851,2164,1922,1037,863,511,496,796,112,8758
Busselton (C),51260,118,18,312,111,63,60,54,86,12,835,3,0,3,0,0,3,0,3,0,13,16,15,16,8,9,9,14,3,0,91,34,22,59,31,29,41,23,38,32,315,1376,2242,2271,1244,1035,695,525,805,124,10319
Cambridge (T),51310,36,14,82,26,34,19,0,6,0,221,0,0,3,3,3,3,0,3,0,15,20,43,8,3,17,6,5,3,5,111,14,20,12,12,13,4,3,5,17,99,1961,5126,698,590,1046,428,113,201,136,10299
Chittering (S),51680,10,0,22,13,14,7,10,16,0,95,0,0,0,0,0,0,0,0,0,3,3,11,0,3,0,0,3,0,0,20,4,3,19,3,12,3,7,13,4,72,238,226,371,148,174,56,114,132,32,1498
Dardanup (S),52660,25,7,91,38,20,33,27,34,0,269,0,0,0,0,0,0,0,0,0,3,7,5,5,9,4,0,7,4,0,36,10,3,24,8,6,5,16,12,14,95,379,701,1027,462,410,238,313,272,54,3848
Claremont (T),51750,12,3,25,11,8,7,0,5,0,66,0,0,0,0,0,0,0,0,0,0,15,12,3,0,8,4,0,3,0,42,6,11,3,6,9,10,0,0,9,53,701,1784,192,218,322,202,25,62,46,3553
Cockburn (C),51820,226,68,732,299,270,229,108,178,16,2127,4,3,15,4,8,4,3,15,0,61,42,74,80,61,41,14,27,27,14,379,75,76,168,76,92,68,69,110,137,862,4032,9732,7206,3675,4216,1830,1524,1858,541,34614
Collie (S),51890,5,0,40,18,7,9,18,15,5,127,0,0,0,0,0,0,0,0,3,4,0,3,0,3,0,0,3,0,3,25,4,0,22,7,6,12,24,19,5,94,130,261,640,253,172,67,235,146,31,1930
Denmark (S),52730,17,0,41,13,9,3,4,11,0,95,0,0,0,0,0,0,0,0,0,3,0,3,3,3,3,0,3,3,0,21,9,4,9,3,4,3,7,17,4,52,260,444,278,171,163,92,47,142,14,1612
Derby-West Kimberley (S),52800,4,3,23,10,7,6,0,5,0,61,0,0,0,0,0,0,0,0,0,0,0,0,4,3,0,0,0,0,3,15,6,8,12,37,10,4,3,15,17,116,158,432,193,278,156,48,40,156,42,1495
Donnybrook-Balingup (S),52870,14,8,20,10,9,4,6,14,0,83,0,0,0,0,0,0,0,0,0,3,3,0,0,3,0,0,0,0,0,7,13,6,10,5,7,5,10,14,10,83,248,308,297,157,145,75,111,145,26,1516
Corrigin (S),52100,0,0,3,0,0,0,0,0,0,8,0,0,0,0,0,0,0,0,0,0,0,0,0,0,0,0,0,0,0,0,3,0,4,0,0,0,3,4,4,18,64,52,39,19,25,13,24,25,7,252
Cottesloe (T),52170,10,0,22,10,8,8,0,3,0,60,0,0,0,0,0,0,0,0,0,0,12,19,8,4,5,3,0,0,3,45,5,4,4,0,0,3,0,5,4,33,641,1618,159,144,244,132,22,51,64,3068
Cranbrook (S),52240,4,0,3,0,0,0,0,0,0,12,0,0,0,0,0,0,0,0,0,0,0,0,0,0,0,0,0,0,0,0,0,0,0,0,0,0,3,3,0,12,101,22,33,23,24,9,7,41,3,261
Cuballing (S),52310,0,0,0,0,0,0,0,0,0,4,0,0,0,0,0,0,0,0,0,0,0,0,0,0,0,0,0,0,0,0,0,3,3,0,3,0,0,0,0,9,51,39,32,21,17,3,14,12,0,187
Cue (S),52380,0,0,0,0,0,0,0,3,0,3,0,0,0,0,0,0,0,0,0,0,0,0,0,0,0,0,0,0,0,0,0,0,0,0,0,0,0,0,0,0,10,8,4,3,6,0,3,7,0,37
Cunderdin (S),52450,4,0,4,3,0,0,0,0,0,14,0,0,0,0,0,0,0,0,0,0,0,3,0,0,0,0,0,0,0,3,0,0,5,0,0,0,3,0,0,11,77,60,63,36,23,12,15,29,6,316
Dalwallinu (S),52520,4,3,6,0,0,0,0,0,0,7,0,0,0,0,0,0,0,0,0,0,0,0,0,0,0,0,0,0,0,0,8,0,0,0,0,0,0,3,0,20,98,49,74,28,36,19,26,28,0,354
Dowerin (S),52940,0,0,0,0,0,5,0,0,0,6,0,0,0,0,0,0,0,0,0,0,0,0,0,0,0,0,0,0,0,3,3,0,3,0,0,0,0,0,0,9,46,22,14,15,17,4,3,15,0,141
Dumbleyung (S),53010,3,0,3,0,3,0,0,0,0,11,0,0,0,0,0,0,0,0,0,0,0,0,0,0,0,0,0,0,0,0,0,0,0,0,0,0,0,0,0,0,57,26,10,15,17,3,3,15,0,148
Dundas (S),53080,0,0,5,0,0,0,0,0,0,13,0,0,0,0,0,0,0,0,0,0,0,0,0,0,0,0,0,0,0,0,0,0,0,3,0,0,0,3,6,12,27,25,34,13,11,3,11,15,7,151
Kalamunda (S),54200,91,26,314,144,159,90,74,96,11,993,0,0,0,3,3,4,11,7,3,37,23,40,34,30,25,19,21,17,6,216,27,30,80,32,59,33,62,41,57,415,2074,4194,3725,1888,2216,868,995,859,261,17079
East Fremantle (T),53150,21,3,29,10,9,8,3,3,0,95,0,0,0,0,0,0,0,0,0,0,3,17,6,9,4,0,0,0,0,41,4,5,0,6,0,3,4,3,7,40,559,1294,289,216,274,138,42,60,37,2909
East Pilbara (S),53220,19,7,73,13,14,4,59,36,3,222,0,0,0,0,3,0,3,0,0,11,11,7,8,5,3,0,21,3,4,62,12,9,36,9,10,0,28,9,15,122,291,548,1458,148,165,40,767,244,61,3714
Esperance (S),53290,33,5,85,26,27,20,22,23,3,237,0,0,0,0,0,0,0,0,0,8,5,3,4,3,0,0,4,3,0,26,33,14,28,15,13,13,26,29,18,184,615,752,725,351,395,191,252,295,53,3632
Exmouth (S),53360,7,4,23,11,9,7,0,0,0,69,0,0,0,0,0,0,0,0,0,3,0,0,0,0,0,0,0,0,0,4,0,0,9,3,3,3,0,3,6,33,131,191,225,110,105,42,29,87,22,955
Fremantle (C),53430,48,20,164,70,31,34,11,41,5,421,0,5,0,3,0,3,3,3,0,12,31,57,11,15,11,6,3,5,8,146,27,32,26,29,13,6,7,24,40,202,1561,4653,1267,927,947,469,249,391,167,10632
Gingin (S),53570,12,0,24,8,6,5,5,13,0,65,0,0,0,0,0,0,0,0,0,0,3,0,0,3,3,0,3,0,0,11,12,0,9,4,0,11,14,15,3,67,204,134,254,95,121,53,95,195,21,1165
Gnowangerup (S),53640,3,0,4,3,0,0,0,0,0,11,0,0,0,0,0,0,0,0,0,0,0,0,0,0,0,0,0,0,0,4,3,0,0,0,0,0,0,3,0,11,111,42,54,22,27,4,15,37,3,312
Kalgoorlie/Boulder (C),54280,45,14,142,66,63,50,75,39,3,495,0,0,4,0,0,0,0,0,0,13,4,7,26,20,10,8,38,11,7,125,12,18,59,24,15,27,72,47,44,310,860,1930,2479,840,722,356,1015,454,147,8799
Karratha (C),54310,39,15,112,47,69,22,43,53,3,407,3,0,3,0,0,0,0,7,0,20,16,17,22,23,16,3,35,5,0,132,26,14,73,28,31,27,41,36,22,302,755,1372,2273,579,755,249,705,476,155,7322
Goomalling (S),53710,0,0,3,4,3,0,0,0,0,14,0,0,0,0,0,0,0,0,0,0,0,0,0,0,0,0,0,0,0,0,3,0,3,0,3,0,0,0,0,11,61,38,35,24,34,7,16,13,5,230
Gosnells (C),53780,189,49,744,289,223,186,164,192,32,2057,0,5,21,9,7,3,13,15,0,75,34,49,72,59,47,24,65,44,12,400,66,43,191,82,82,83,125,127,138,941,2981,7379,6783,4074,4069,2014,2235,2351,523,32410
Greater Geraldton (C),53800,60,17,215,96,66,68,24,66,8,627,3,0,3,0,0,3,0,4,0,18,9,24,9,31,5,10,11,15,7,122,25,30,60,38,19,27,46,48,34,334,1143,2448,2232,1299,1045,519,566,736,173,10171
Halls Creek (S),53920,3,0,3,0,0,0,0,0,0,10,0,0,0,0,0,0,0,0,0,0,0,0,0,0,0,0,0,0,0,3,4,3,3,7,7,0,4,6,6,41,61,148,44,73,26,10,12,44,18,433
Harvey (S),53990,26,12,129,55,45,47,47,59,8,434,0,0,3,0,0,0,0,4,3,11,16,12,17,0,7,4,13,13,3,86,18,13,56,15,20,23,28,52,25,241,745,1383,1850,800,723,389,518,659,114,7179
Irwin (S),54060,3,3,26,4,5,7,8,7,0,58,0,0,0,0,0,0,0,0,0,0,0,0,0,0,3,0,0,0,0,9,3,3,4,7,5,5,6,8,4,47,118,144,204,83,97,33,63,91,19,846
Jerramungup (S),54130,0,0,3,0,0,0,0,3,0,9,0,0,0,0,0,0,0,0,0,0,0,0,0,0,0,0,0,0,0,0,3,0,3,0,0,0,0,0,0,12,113,39,53,16,26,9,22,29,4,301
Joondalup (C),54170,261,86,808,409,391,313,108,205,25,2600,0,6,11,8,10,7,0,6,0,52,85,117,81,87,73,32,30,31,18,558,90,110,191,104,130,96,51,91,147,1005,7553,17146,9905,5535,6632,3068,1475,2239,758,54314
Katanning (S),54340,3,0,17,5,9,3,3,10,0,54,0,0,0,0,0,0,0,0,0,8,0,3,0,0,0,0,0,0,0,9,3,0,8,5,0,0,5,22,6,58,120,195,186,101,66,42,42,123,13,888
Kellerberrin (S),54410,0,0,4,3,0,0,0,3,0,11,0,0,0,0,0,0,0,0,0,0,0,0,0,0,0,0,0,4,0,3,3,0,6,4,0,0,4,5,4,24,56,37,49,42,15,3,17,25,7,254
Kwinana (C),54830,66,19,283,109,100,79,65,81,6,807,3,3,0,0,0,0,0,3,0,12,15,14,19,19,15,10,27,9,9,132,20,16,57,24,27,32,70,56,32,338,875,2175,2369,1454,1251,659,768,789,190,10520
Lake Grace (S),54900,5,0,3,4,3,0,0,3,0,17,0,0,0,0,0,0,0,0,0,0,0,0,0,0,0,0,0,0,0,4,11,0,3,0,0,0,3,0,0,20,120,41,63,20,36,10,22,30,3,350
Kent (S),54480,0,0,0,0,3,0,0,3,0,8,0,0,0,0,0,0,0,0,0,0,0,0,0,0,0,0,0,0,0,0,5,0,0,0,0,0,0,0,0,9,69,14,11,10,12,5,7,19,0,144
Kojonup (S),54550,7,0,4,0,3,0,4,6,0,23,0,0,0,0,0,0,0,0,0,3,0,0,0,0,0,0,0,0,0,4,8,0,3,0,3,5,3,5,0,27,173,98,75,39,39,24,27,57,10,527
Merredin (S),55460,3,3,9,5,4,7,3,3,0,33,0,0,0,0,0,3,0,0,0,3,0,0,0,3,0,0,3,0,0,6,3,0,7,3,3,3,10,8,3,32,128,170,167,71,78,38,72,60,8,794
Kondinin (S),54620,0,0,4,0,0,0,0,0,0,8,0,0,0,0,0,0,0,0,0,0,0,0,0,0,0,0,0,0,0,3,4,0,0,0,0,0,0,3,3,18,77,22,37,25,13,9,17,27,4,232
Koorda (S),54690,0,0,0,0,0,0,0,0,0,5,0,0,0,0,0,0,0,0,0,0,0,0,0,0,0,0,0,0,0,0,4,0,0,0,0,0,0,0,0,3,18,8,16,6,15,0,9,10,0,78
Kulin (S),54760,0,0,3,0,4,0,0,0,0,16,0,0,0,0,0,0,0,0,0,0,3,0,0,0,0,0,0,0,0,3,0,0,0,0,0,0,0,3,0,4,71,42,20,10,10,8,17,16,3,194
Laverton (S),54970,3,0,11,0,0,0,6,0,0,16,0,0,0,0,0,0,0,0,0,3,0,0,0,0,0,0,0,0,0,4,0,0,0,0,0,0,5,4,0,12,24,55,129,32,21,4,76,25,3,370
Leonora (S),55040,5,0,12,3,3,0,9,3,0,34,0,0,0,0,0,0,0,0,0,0,0,0,0,0,3,0,0,0,0,8,3,0,0,0,0,0,6,3,0,16,43,73,113,34,25,5,78,25,4,390
Mandurah (C),55110,147,26,477,214,148,146,119,134,25,1430,0,0,3,3,7,3,8,3,0,25,21,35,35,17,10,17,32,15,5,197,28,32,96,58,55,44,58,68,66,512,1900,3963,4662,2591,1907,1244,1328,1367,301,19262
Manjimup (S),55180,17,3,50,20,18,14,9,23,0,149,0,0,0,0,0,0,0,3,0,6,3,3,3,0,0,0,0,3,0,22,20,3,15,10,7,9,20,28,9,118,395,433,425,240,202,117,130,216,30,2185
Meekatharra (S),55250,0,0,5,0,0,0,3,0,0,8,0,0,0,0,0,0,0,0,0,0,0,0,0,0,0,0,0,0,0,4,0,0,0,0,0,0,3,3,6,17,39,81,58,22,10,0,40,22,9,280
Melville (C),55320,150,55,380,199,168,133,36,94,12,1234,3,0,6,3,3,5,4,7,3,38,66,84,43,46,51,26,12,19,14,362,56,68,78,42,58,40,23,43,93,501,5530,13706,3971,2809,4036,1844,743,1236,448,34326
Mukinbudin (S),55950,0,3,3,0,0,0,0,0,0,8,0,0,0,0,0,0,0,0,0,0,0,0,0,0,0,0,0,0,0,0,5,0,0,0,3,0,0,0,0,6,37,22,24,15,10,11,8,10,3,135
Menzies (S),55390,0,0,0,0,0,0,0,3,0,3,0,0,0,0,0,0,0,0,0,0,0,0,0,0,0,0,0,0,0,3,0,5,0,0,0,0,4,3,3,13,10,28,45,9,5,0,21,14,4,138
Mingenew (S),55530,0,0,0,0,0,0,0,0,0,3,0,0,0,0,0,0,0,0,0,0,0,0,0,0,0,0,0,0,0,0,0,0,0,0,0,0,3,0,0,3,43,9,10,5,10,3,16,4,0,108
Mundaring (S),56090,57,14,174,87,62,57,41,51,7,539,0,3,3,0,0,4,0,3,0,20,20,26,27,21,25,6,8,11,8,157,29,30,67,27,30,21,35,40,38,306,1481,3171,2339,1257,1263,523,548,579,172,11328
Morawa (S),55670,0,0,0,0,0,0,0,0,0,8,0,0,0,0,0,0,0,0,0,0,0,0,0,0,0,0,0,0,0,0,3,0,5,0,0,0,0,4,0,12,55,36,22,16,9,5,10,21,3,169
Moora (S),55600,3,0,10,4,8,7,3,4,0,37,0,0,0,0,0,0,0,0,0,3,3,0,0,3,0,0,0,3,0,15,3,0,6,3,3,0,3,3,0,24,126,102,97,65,65,37,39,60,4,593
Ngaanyatjarraku (S),56620,4,0,0,0,0,3,0,0,0,7,0,0,0,0,0,0,0,0,0,0,0,0,0,0,0,0,0,0,0,0,0,3,0,0,0,0,0,3,5,16,24,52,3,31,4,6,0,10,5,138
Nungarin (S),56860,0,0,0,0,0,0,0,0,0,3,0,0,0,0,0,0,0,0,0,0,0,0,0,0,0,0,0,0,0,0,0,0,0,0,0,0,0,0,0,0,9,9,9,3,9,0,3,3,0,50
Peppermint Grove (S),56930,0,0,4,0,3,0,0,0,0,5,0,0,0,0,0,0,0,0,0,0,0,3,0,0,0,0,0,0,0,9,0,3,0,3,0,0,0,0,0,8,136,262,21,27,42,22,4,12,13,541
Mosman Park (T),55740,19,3,32,17,7,3,0,9,0,91,0,0,0,0,0,0,0,0,0,4,17,14,0,5,9,10,0,0,3,53,11,12,3,3,4,4,0,3,3,40,611,1448,232,254,328,155,36,98,50,3210
Mount Magnet (S),55810,0,0,3,0,0,0,0,0,0,5,0,0,0,0,0,0,0,0,0,0,0,0,0,0,0,0,0,0,0,0,0,0,3,3,0,0,0,3,0,12,14,23,22,7,7,0,3,10,0,82
Mount Marshall (S),55880,0,0,0,0,0,0,0,0,0,0,0,0,0,0,0,0,0,0,0,0,0,0,0,0,0,0,0,0,0,0,0,0,3,0,0,0,0,0,0,7,40,19,21,6,3,8,7,4,3,112
Murchison (S),56160,0,0,0,0,0,0,0,0,0,4,0,0,0,0,0,0,0,0,0,0,0,0,0,0,0,0,0,0,0,0,0,0,0,0,0,0,0,0,0,3,5,4,0,7,0,0,0,5,0,24
Murray (S),56230,24,12,78,28,16,21,25,28,8,238,0,0,0,0,0,3,0,0,0,6,3,3,5,7,3,3,11,4,3,42,19,3,29,12,11,9,27,13,27,147,382,594,975,429,324,200,327,265,84,3584
Nannup (S),56300,5,0,3,0,0,0,0,7,0,17,0,0,0,0,0,0,0,0,0,0,0,0,0,0,0,0,0,0,0,0,0,0,0,3,0,0,0,0,0,6,70,59,43,34,22,24,14,23,5,300
Quairading (S),57350,0,0,0,3,0,0,0,3,0,9,0,0,0,0,0,0,0,0,0,0,3,0,0,0,0,0,0,0,0,3,0,0,3,3,0,3,0,3,0,12,47,31,29,21,14,5,12,20,0,181
Ravensthorpe (S),57420,0,0,0,5,0,0,3,0,0,19,0,0,0,0,0,0,0,0,0,0,0,0,0,0,0,0,0,0,0,3,5,0,5,0,0,0,5,10,0,23,106,55,91,32,36,21,48,40,3,425
Rockingham (C),57490,231,55,812,407,271,256,164,207,21,2422,3,3,3,6,4,7,8,13,0,52,48,53,84,48,50,15,60,32,23,422,70,61,167,119,75,74,111,144,141,958,3373,6609,8822,4972,3694,1969,2067,2233,587,34321
Southern Midlands (M),65010,12,4,33,14,5,15,3,22,0,108,4,0,0,0,0,0,0,0,3,6,7,3,0,0,0,0,6,0,0,19,9,6,19,5,4,5,10,18,10,86,218,204,308,176,142,70,90,123,28,1358
Tasman (M),65210,3,0,19,12,3,7,0,0,0,48,0,0,0,0,0,0,0,0,0,0,3,0,0,0,0,0,0,0,0,3,3,0,3,3,4,0,8,14,3,35,85,94,82,86,38,27,20,63,6,498
Narembeen (S),56370,0,0,7,0,0,0,0,0,0,5,0,0,0,0,0,0,0,0,0,3,0,0,0,0,0,0,0,0,0,0,0,0,0,0,0,0,3,4,0,9,50,27,24,10,13,3,8,13,4,147
Waratah/Wynyard (M),65410,20,3,61,37,22,23,7,29,3,217,0,3,0,0,0,0,0,0,0,3,3,7,3,3,5,0,3,4,0,34,16,9,24,25,13,15,21,27,15,165,402,717,649,456,328,176,185,245,75,3230
West Coast (M),65610,7,0,22,16,3,3,3,14,3,74,0,0,0,0,0,0,0,0,0,0,0,0,0,0,0,0,0,0,0,5,10,3,3,0,0,5,6,9,5,45,101,138,192,92,65,38,94,82,22,833
West Tamar (M),65810,33,13,153,59,44,42,17,41,0,402,0,0,0,0,0,0,0,0,0,3,6,14,14,9,9,6,10,4,3,70,21,18,38,24,28,22,21,25,19,223,838,1903,1178,826,682,362,264,355,79,6492
Narrogin (S),56460,4,4,18,10,9,3,3,10,0,62,0,3,0,0,0,0,0,0,0,5,0,0,0,4,0,0,0,0,0,3,4,6,13,6,3,12,3,8,6,69,172,321,245,192,106,78,56,114,12,1296
Nedlands (C),56580,23,7,46,23,18,10,0,5,0,134,0,0,0,0,0,0,0,0,0,5,18,31,3,8,18,9,0,0,0,79,18,30,8,3,6,6,0,6,24,90,1451,4270,325,394,806,315,63,119,113,7850
Roper Gulf (R),73600,3,0,12,4,0,0,0,3,4,27,0,0,0,0,0,0,0,0,0,5,3,3,0,3,0,0,0,4,0,15,12,20,4,31,6,13,3,23,33,142,104,231,79,130,54,26,27,86,58,791
Tiwi Islands (R),74050,0,0,3,3,0,0,0,0,0,9,0,0,0,0,0,0,0,0,0,0,0,0,0,0,0,0,0,3,0,8,0,8,3,3,4,4,0,4,6,39,30,81,21,37,23,9,3,14,16,231
Victoria Daly (R),74550,0,7,5,4,0,0,0,3,3,25,0,0,0,0,0,0,0,0,0,0,0,0,0,0,0,0,0,0,0,4,5,3,6,7,0,6,0,10,21,54,80,103,46,56,30,9,18,79,30,448
Northam (S),56730,13,0,40,26,11,16,15,20,3,139,0,0,0,0,0,0,0,0,0,3,4,9,3,13,3,0,5,3,0,39,13,13,23,16,16,14,9,29,9,132,293,487,517,337,291,125,160,215,30,2461
Northampton (S),56790,7,0,25,11,3,6,0,12,0,60,0,0,0,0,0,0,0,0,0,0,0,3,0,0,0,0,4,3,0,11,4,7,3,0,3,3,4,6,3,33,135,131,106,88,65,31,47,92,19,713
Sandstone (S),57630,0,0,0,0,0,0,0,0,0,0,0,0,0,0,0,0,0,0,0,0,0,0,0,0,0,0,0,0,0,0,0,0,0,0,0,0,0,0,0,3,4,0,6,0,0,0,0,6,0,20
Serpentine-Jarrahdale (S),57700,53,12,161,73,78,57,52,54,3,552,5,0,3,0,0,0,0,3,0,10,8,10,26,13,12,5,14,6,3,97,17,13,43,27,19,23,37,20,26,223,840,1372,2075,989,944,441,620,481,111,7867
Shark Bay (S),57770,6,0,9,3,3,4,0,3,0,22,0,0,0,0,0,0,0,0,0,0,0,0,0,0,0,0,0,0,0,3,3,3,0,0,0,0,0,0,0,8,48,39,54,32,23,15,8,24,4,254
South Perth (C),57840,66,19,186,73,61,50,19,33,10,506,0,3,3,0,5,0,6,4,0,25,26,53,21,10,23,20,5,4,6,175,20,43,19,16,22,21,12,13,43,208,2560,6832,1580,1198,1820,826,281,518,196,15821
Stirling (C),57910,426,117,1349,601,412,346,198,266,34,3750,11,11,13,15,12,5,16,41,8,124,140,172,108,108,125,67,61,75,26,883,113,165,216,161,153,115,90,173,223,1409,9943,25695,10811,7538,8477,4342,2375,3920,979,74080
Subiaco (C),57980,27,9,60,37,23,16,3,4,0,181,0,0,0,4,3,3,0,0,0,8,14,36,3,8,8,7,3,3,4,89,11,28,12,7,4,11,0,3,14,98,1176,4035,477,481,679,348,69,199,91,7562
Swan (C),58050,266,72,875,471,342,266,218,233,28,2778,8,3,13,15,9,14,11,12,3,84,51,72,81,88,66,38,79,45,18,540,81,69,183,113,111,104,144,132,156,1092,4152,7944,8262,5234,4926,2439,2580,2431,610,38576
Tammin (S),58190,0,0,0,0,0,0,0,3,0,3,0,0,0,0,0,0,0,0,0,0,0,0,0,0,0,0,0,0,0,0,0,0,0,0,0,0,0,3,0,4,26,11,8,4,8,3,3,9,0,81
Three Springs (S),58260,3,0,5,3,3,0,0,0,0,12,0,0,0,0,0,0,0,0,0,0,0,0,0,0,0,0,0,0,0,0,0,0,0,0,0,0,0,3,0,5,47,22,25,17,7,3,4,19,0,146
West Arnhem (R),74660,8,3,16,7,3,3,0,0,0,35,0,0,0,0,0,0,0,3,0,0,0,4,3,3,0,0,0,0,0,19,7,18,10,13,8,3,5,8,20,89,97,259,129,117,88,32,40,59,42,849
West Daly (R),74680,0,0,0,0,3,0,0,0,0,5,0,0,0,0,0,0,0,0,3,3,0,0,0,0,0,0,0,0,0,4,0,9,3,3,3,0,0,5,6,26,24,95,15,52,21,11,9,14,10,248
Unincorporated NT,79399,21,12,65,43,24,15,10,23,5,204,0,0,0,0,0,0,0,0,0,0,6,7,4,14,5,3,4,3,0,47,17,9,18,13,10,9,5,24,3,104,378,609,475,363,273,79,149,175,32,2543
No usual address (NT),79499,0,0,9,4,0,0,4,7,0,24,0,0,18,3,0,0,0,0,0,20,0,0,3,0,0,0,0,3,0,9,0,0,4,0,0,0,0,3,0,11,28,102,85,54,22,12,31,54,4,387
Perenjori (S),57000,0,0,0,0,0,0,5,4,0,11,0,0,0,0,0,0,0,0,0,0,0,0,0,0,0,0,0,0,0,0,3,0,0,0,0,0,3,0,3,9,51,25,61,10,10,0,27,15,3,206
Perth (C),57080,67,16,227,88,29,24,12,33,6,493,7,0,3,10,0,0,3,7,0,28,13,27,7,12,13,8,0,10,7,101,15,26,29,25,13,10,7,25,20,167,1439,3716,936,868,973,443,131,492,149,9150
Pingelly (S),57140,3,0,0,0,0,0,0,0,0,11,0,0,0,0,3,0,0,0,0,4,0,0,0,0,0,0,0,0,0,3,3,0,7,0,3,0,0,3,3,15,50,27,28,27,20,9,18,20,3,202
Plantagenet (S),57210,9,0,22,7,5,9,4,8,0,66,0,0,0,0,0,0,0,0,0,3,0,0,0,3,0,0,0,0,0,9,14,0,11,7,3,0,3,12,0,54,253,209,190,147,139,65,66,131,15,1203
Port Hedland (T),57280,27,10,52,26,30,17,15,34,0,214,0,0,0,5,0,3,3,4,0,16,9,3,11,5,3,6,20,0,3,62,11,13,49,12,21,26,28,21,30,211,467,842,1509,371,464,191,441,336,113,4733
Toodyay (S),58330,9,0,15,6,8,3,6,4,0,51,0,0,0,0,0,0,0,0,0,0,3,4,0,0,3,3,3,0,0,16,9,0,8,7,0,3,13,10,7,49,163,242,243,121,117,59,101,62,22,1122
Yalgoo (S),59350,3,0,0,0,0,0,3,0,0,9,0,0,0,0,0,0,0,0,0,0,0,0,0,0,0,0,0,0,0,3,0,0,0,0,0,0,0,0,0,3,17,27,27,4,13,0,17,8,0,113
Trayning (S),58400,0,0,0,0,0,0,0,0,0,0,0,0,0,0,0,0,0,0,0,0,0,0,0,0,0,0,0,0,0,0,0,0,0,0,0,0,0,4,0,10,26,3,4,14,0,3,4,7,0,69
No usual address (Tas.),69499,0,0,5,3,0,0,0,0,0,6,0,0,0,0,0,0,0,0,0,0,0,0,0,0,0,0,0,0,0,0,0,0,3,0,0,0,0,3,0,6,7,45,31,22,13,4,5,23,3,149
Clarence (C),61410,110,15,366,171,154,90,39,72,10,1032,0,3,3,0,3,3,0,6,0,20,29,44,20,30,38,10,7,9,7,188,40,38,59,54,51,28,28,58,42,397,2133,4874,2706,2073,2222,849,383,670,239,16155
Derwent Valley (M),61510,21,3,53,18,14,8,7,16,0,156,0,0,0,0,0,0,0,3,0,4,3,0,3,4,6,3,3,0,0,23,0,8,19,23,10,3,11,18,11,102,209,337,478,400,220,107,132,147,44,2073
Devonport (C),61610,49,14,178,86,39,50,20,59,0,500,3,0,0,0,0,0,0,0,3,6,14,10,4,6,14,5,9,10,0,71,22,15,29,13,20,35,24,35,14,210,619,1241,1162,894,675,369,272,458,89,5773
Dorset (M),61810,21,0,36,20,11,11,3,16,0,108,0,0,0,0,0,0,0,0,0,0,5,0,0,0,3,0,0,3,0,14,18,3,9,6,4,9,12,19,5,77,270,207,244,140,104,86,84,148,24,1311
Flinders (M) (Tas.),62010,4,0,3,0,3,0,0,5,0,18,0,0,0,0,0,0,0,0,0,0,0,0,0,0,0,0,0,0,0,3,8,0,4,0,0,0,0,0,6,26,83,52,45,25,15,11,3,30,8,270
George Town (M),62210,6,0,33,11,10,6,11,9,0,86,0,0,0,0,0,0,0,0,0,6,3,3,0,3,0,0,3,0,0,12,3,3,17,6,3,7,14,11,6,86,123,214,284,165,127,56,107,119,24,1221
Glamorgan/Spring Bay (M),62410,19,3,46,18,7,3,3,17,0,126,0,0,0,0,0,0,0,0,0,0,8,3,0,3,0,3,0,0,0,10,11,0,6,3,0,7,4,16,5,51,200,149,170,122,91,64,29,123,11,965
Glenorchy (C),62610,74,20,382,150,85,82,36,105,13,949,0,3,0,6,0,7,3,11,0,26,17,23,20,22,19,4,27,15,8,162,32,18,78,54,36,42,39,67,46,404,1046,2277,2253,1921,1595,705,520,750,196,11265
Hobart (C),62810,130,23,335,135,84,74,11,67,8,862,6,3,3,8,4,0,0,8,0,25,59,105,15,38,48,20,3,19,12,319,29,61,20,35,37,25,5,24,35,276,2591,8420,1685,1803,1987,821,212,591,259,18364
Huon Valley (M),63010,26,5,93,44,23,19,7,33,3,260,0,0,0,0,0,0,0,0,0,6,12,13,0,4,7,3,0,7,0,50,24,17,29,16,14,23,20,38,15,189,612,930,792,507,464,188,181,398,70,4143
Kentish (M),63210,12,3,55,15,5,6,4,8,0,104,3,0,3,0,0,0,0,3,0,7,0,3,0,0,0,0,0,0,0,11,7,6,12,11,0,3,17,13,10,78,198,267,306,206,126,57,92,136,40,1440
King Island (M),63410,10,0,12,3,3,0,0,5,0,32,0,0,0,0,0,0,0,0,0,0,0,0,0,0,0,0,0,0,0,4,4,0,3,0,3,3,0,6,3,23,128,60,78,30,42,14,19,82,12,474
Kingborough (M),63610,66,13,212,91,78,58,19,37,5,578,0,0,3,0,0,5,3,0,0,13,24,44,26,26,31,9,9,8,7,170,31,28,40,25,24,19,13,33,33,248,1638,3959,1734,1323,1445,559,219,445,177,11496
Upper Gascoyne (S),58470,0,0,0,0,0,0,0,0,0,0,0,0,0,0,0,0,0,0,0,0,0,0,0,0,0,0,0,0,0,0,0,0,0,0,0,0,0,0,0,3,13,3,6,9,0,0,0,9,0,41
Victoria Park (T),58510,62,21,286,119,69,62,33,56,4,708,0,0,0,3,0,3,0,5,0,20,26,33,23,24,25,10,11,14,7,162,19,22,37,33,8,17,8,31,39,210,1622,4681,1895,1286,1393,687,388,751,162,12869
Migratory - Offshore - Shipping (Tas.),69799,0,0,0,0,0,0,0,0,0,3,0,0,0,0,0,0,0,0,0,0,0,0,0,0,0,0,0,0,0,0,0,0,0,0,0,0,0,0,0,0,0,14,6,3,0,0,0,6,0,30
Alice Springs (T),70200,50,25,130,98,95,53,21,43,4,528,3,3,0,3,0,4,0,4,0,15,22,36,14,32,18,6,3,8,4,147,23,32,26,42,30,7,29,24,32,250,1094,2773,1184,1429,1030,331,268,399,183,8693
Latrobe (M) (Tas.),63810,19,11,85,49,13,22,4,26,0,215,0,0,0,0,0,0,0,0,0,0,3,3,6,3,4,3,0,0,0,19,9,9,28,9,10,19,10,26,11,122,402,575,590,358,222,166,113,211,43,2685
Victoria Plains (S),58540,0,0,6,0,4,0,0,4,0,18,0,0,0,0,0,0,0,0,0,0,0,0,0,0,0,0,0,0,0,4,0,0,3,0,0,0,0,0,0,9,79,19,29,12,22,4,23,19,0,215
Launceston (C),64010,133,30,410,186,107,119,52,119,7,1164,0,0,4,3,3,0,0,7,7,20,26,51,28,27,29,10,16,23,12,217,41,33,79,57,39,43,53,99,62,520,1984,5176,2723,2305,1839,1020,639,1063,242,16994
Meander Valley (M),64210,35,9,134,47,33,30,11,33,0,338,3,0,0,0,0,0,0,3,0,13,10,9,5,8,0,3,6,7,0,45,37,12,31,26,16,8,20,24,10,196,780,1145,932,673,559,233,269,322,61,4988
Northern Midlands (M),64610,26,3,86,31,19,29,11,31,0,232,0,0,0,0,0,0,0,0,0,0,10,6,7,3,4,0,10,6,0,42,17,6,30,9,21,9,27,23,9,157,558,607,598,356,339,159,178,253,43,3087
Sorell (M),64810,24,8,116,52,33,36,7,19,5,299,0,0,0,0,0,0,0,0,0,3,3,15,9,12,13,0,3,3,3,53,14,4,32,11,11,19,13,23,21,149,471,754,827,550,510,248,169,246,73,3852
Vincent (C),58570,92,15,290,94,68,52,15,45,7,685,0,0,3,3,0,3,0,3,0,16,26,78,12,19,28,10,6,6,3,200,32,43,26,15,22,22,9,23,40,227,2284,6722,1548,1188,1462,684,230,518,174,14816
Wagin (S),58610,3,0,5,3,0,0,4,0,0,11,0,0,0,0,0,0,0,0,0,0,3,0,0,0,0,0,0,0,0,3,11,0,0,0,3,0,0,0,3,21,87,69,59,40,27,16,21,29,4,366
Wandering (S),58680,3,0,3,0,0,0,0,0,0,7,0,0,0,0,0,0,0,0,0,0,0,0,0,0,0,0,0,0,0,0,0,0,0,0,0,0,3,0,0,3,26,10,17,7,10,0,16,12,5,107
Wanneroo (C),58760,359,112,1307,645,547,449,176,368,29,3988,9,6,16,10,9,15,10,25,0,92,68,106,100,122,59,33,68,61,27,638,110,96,299,161,171,162,162,227,228,1625,5885,12301,12539,7372,6966,3495,2661,3756,871,55859
Waroona (S),58820,3,0,21,9,4,3,10,8,0,57,0,0,0,0,0,0,0,0,0,3,0,0,0,0,0,0,0,0,0,3,3,4,10,10,3,0,11,15,7,67,85,123,283,126,79,31,89,75,15,899
West Arthur (S),58890,0,0,0,3,0,0,0,0,0,8,0,0,0,0,0,0,0,0,0,0,0,0,0,0,0,0,0,0,0,3,6,0,0,3,0,0,0,3,0,14,85,24,19,13,18,3,9,18,4,200
East Arnhem (R),71300,3,4,0,0,3,5,0,0,0,22,0,3,3,0,0,0,0,0,0,6,3,3,0,3,0,3,0,0,4,18,7,24,4,23,10,3,3,21,49,136,69,277,50,155,63,30,22,42,66,778
Westonia (S),59030,0,0,0,0,0,0,0,0,0,8,0,0,0,0,0,0,0,0,0,0,0,0,0,0,0,0,0,0,0,0,0,0,0,0,0,0,0,0,0,5,22,15,24,9,6,3,8,7,0,89
Palmerston (C),72800,65,28,200,118,100,60,44,60,16,697,0,0,3,3,3,0,0,6,0,17,24,21,33,59,30,5,16,9,12,202,30,21,63,37,55,34,42,38,60,388,1282,2141,2581,1631,1660,550,580,636,233,11298
Wickepin (S),59100,3,0,0,0,0,0,0,0,0,3,0,0,0,0,0,0,0,0,0,0,0,0,0,0,0,0,0,0,0,0,0,0,3,0,0,0,0,0,6,15,58,18,15,14,14,8,9,18,6,169
Wagait (S),74560,0,0,0,0,0,0,0,0,0,4,0,0,0,0,0,0,0,0,0,0,0,4,0,0,0,0,0,0,0,8,0,0,3,4,0,0,0,0,0,17,26,52,25,15,20,6,5,11,0,161
Williams (S),59170,0,0,9,0,5,0,0,0,0,12,0,0,0,0,0,0,0,0,0,0,0,0,0,0,0,0,0,0,0,0,12,0,3,3,0,0,0,0,0,11,88,54,29,26,28,6,16,31,5,281
Wiluna (S),59250,0,0,3,0,0,0,7,5,0,14,0,0,0,0,0,0,0,0,0,0,0,3,3,0,0,0,0,0,0,4,0,3,0,0,0,0,3,0,3,13,13,41,74,10,10,4,52,30,7,241
Migratory - Offshore - Shipping (NT),79799,0,0,0,0,0,0,0,0,0,0,0,0,0,0,0,0,0,0,0,0,0,0,0,0,0,0,0,0,0,0,0,0,0,0,0,0,0,0,0,0,0,4,4,0,0,0,0,7,0,18
Unincorporated ACT,89399,656,246,2025,816,914,407,152,318,85,5611,10,18,9,13,6,13,3,30,4,105,591,676,141,311,505,94,66,94,133,2610,279,384,287,263,349,148,89,188,419,2397,26614,57086,14328,13494,23010,5442,2091,4248,3583,149895
No usual address (ACT),89499,0,0,0,0,3,3,0,0,0,9,0,0,0,0,0,0,0,0,0,0,0,0,0,0,0,0,0,0,0,0,0,0,0,0,0,0,0,0,3,6,11,47,11,21,29,7,3,8,9,139
Migratory - Offshore - Shipping (ACT),89799,0,0,0,0,0,0,0,0,0,0,0,0,0,0,0,0,0,0,0,0,0,0,0,0,0,0,0,0,0,0,0,0,0,0,0,0,0,0,0,0,0,0,0,0,0,0,0,0,0,0
Unincorp. Other Territories,99399,11,0,33,14,12,8,10,7,0,89,0,0,0,0,0,0,0,0,0,5,3,0,11,4,3,0,4,0,0,18,7,5,14,13,9,4,10,13,4,90,241,214,278,195,150,48,64,111,29,1335
No usual address (OT),99499,0,0,0,0,0,0,0,0,0,0,0,0,0,0,0,0,0,0,0,0,0,0,0,0,0,0,0,0,0,0,0,0,0,0,0,0,0,0,0,0,0,3,0,4,0,0,0,0,0,8
Migratory - Offshore - Shipping (OT),99799,0,0,0,0,0,0,0,0,0,0,0,0,0,0,0,0,0,0,0,0,0,0,0,0,0,0,0,0,0,0,0,0,0,0,0,0,0,0,0,0,0,3,0,0,0,0,0,5,0,4
Katherine (T),72200,22,7,51,17,23,15,3,16,3,154,0,0,0,0,0,0,0,0,0,6,3,3,18,20,3,0,0,0,3,57,12,7,20,24,24,5,19,22,12,142,362,687,585,441,351,114,98,155,44,2837
Litchfield (M),72300,45,17,110,56,60,30,41,45,3,400,0,0,5,3,0,0,0,3,3,19,15,16,19,31,14,3,21,17,0,142,38,28,85,34,49,25,43,61,31,385,983,1256,2343,789,933,265,481,531,149,7729
Wongan-Ballidu (S),59310,3,0,5,3,0,0,0,5,0,12,0,0,0,0,0,0,0,0,0,0,0,0,0,0,0,0,0,0,0,0,4,0,5,0,0,0,0,0,3,14,80,64,77,30,30,22,28,28,11,348
Woodanilling (S),59320,3,0,0,0,0,0,0,0,0,4,0,0,0,0,0,0,0,0,0,0,0,0,0,0,0,0,0,0,0,0,0,0,0,0,0,0,0,0,0,5,34,15,10,5,13,7,14,11,0,101
Wyalkatchem (S),59330,4,0,0,0,0,0,0,0,0,9,0,0,0,0,0,0,0,0,0,0,0,0,0,0,0,0,0,0,0,0,0,0,0,0,0,0,0,0,0,0,24,15,6,8,12,0,3,13,3,89
Wyndham-East Kimberley (S),59340,18,0,43,15,18,13,8,6,0,127,0,3,0,0,0,0,0,0,0,4,5,3,0,6,8,0,0,0,0,28,11,9,25,13,11,4,11,10,17,106,289,545,353,279,239,86,96,140,41,2065
Yilgarn (S),59360,3,0,5,0,0,0,0,0,0,16,0,0,0,0,0,0,0,0,0,0,0,0,0,0,0,0,3,0,0,4,4,0,5,0,0,0,3,3,3,16,55,33,91,16,18,6,46,18,7,286
York (S),59370,3,0,13,3,3,6,7,3,0,45,3,0,0,0,0,0,0,0,0,3,4,3,0,0,3,0,0,0,0,10,11,0,8,0,0,0,0,4,3,26,143,175,133,108,87,42,45,68,7,804
No usual address (WA),59499,3,5,29,8,6,4,8,17,3,85,0,0,0,0,0,0,0,3,0,3,0,0,4,0,3,0,9,7,0,22,0,0,9,3,0,0,9,9,8,42,73,214,279,110,77,41,139,193,42,1169
Migratory - Offshore - Shipping (WA),59799,0,0,15,0,0,0,0,7,0,23,0,0,0,0,0,0,0,0,0,0,0,0,3,0,0,0,0,0,0,3,0,0,0,0,0,0,0,0,4,8,13,78,73,0,4,0,21,55,9,250
Break O'Day (M),60210,15,0,43,15,18,12,5,16,0,123,0,0,0,0,0,0,0,0,0,0,6,0,0,3,0,0,0,0,0,10,4,4,4,8,3,3,9,7,0,42,207,219,203,173,120,74,65,104,12,1181
Brighton (M),60410,36,5,126,43,29,32,13,31,0,320,0,0,0,0,0,0,0,0,0,5,5,4,8,7,4,5,3,8,0,53,12,11,32,23,24,18,28,40,13,200,386,485,828,638,478,234,189,276,60,3567
Burnie (C),60610,33,0,116,36,40,37,12,35,4,313,0,0,0,0,0,5,4,0,0,11,6,10,3,3,3,0,9,4,4,43,11,7,21,28,17,23,14,40,14,167,483,1029,832,669,519,281,275,346,79,4498
Central Coast (M) (Tas.),60810,29,10,138,63,32,38,15,36,0,362,0,0,0,0,0,0,3,0,0,3,8,18,7,3,5,0,0,4,0,54,26,15,31,25,19,24,32,35,20,220,674,1317,1139,756,589,278,254,387,62,5452
Central Highlands (M) (Tas.),61010,6,0,14,3,0,3,0,3,0,28,0,0,0,0,0,0,0,0,0,0,0,3,0,0,0,3,0,0,0,5,3,0,3,0,0,0,3,8,0,27,111,51,70,49,24,16,24,62,3,418
Circular Head (M),61210,18,6,36,20,13,14,5,45,3,171,0,0,0,0,0,0,0,0,0,0,3,0,0,0,0,0,3,3,0,20,31,0,9,0,3,9,10,31,13,110,400,261,314,216,150,78,101,290,41,1846
Barkly (R),70420,8,8,16,6,10,3,0,6,0,60,0,0,0,0,0,0,0,0,0,3,4,3,0,3,0,0,0,3,0,16,7,8,6,25,11,4,0,10,6,84,176,293,127,209,104,25,28,128,29,1124
Belyuen (S),70540,0,0,0,0,0,0,0,0,0,0,0,0,0,0,0,0,0,0,0,0,0,0,0,0,0,0,0,0,0,0,0,0,0,0,0,0,0,0,0,0,0,3,3,3,0,0,0,0,0,10
Central Desert (R),70620,5,0,3,0,0,3,0,0,0,6,0,0,0,0,0,0,0,0,0,0,0,0,0,3,0,0,0,0,0,3,0,14,3,9,0,7,0,9,3,41,70,96,28,75,41,14,20,41,14,406
Coomalie (S),70700,4,3,4,3,0,0,0,3,0,22,0,0,0,0,0,0,0,0,0,5,3,0,0,3,0,0,0,0,0,7,4,3,7,3,4,0,3,3,0,22,43,60,39,32,29,14,18,25,12,275
Darwin (C),71000,172,50,546,257,210,119,62,113,13,1536,3,9,9,10,6,7,5,20,4,75,75,97,61,93,53,18,32,32,19,469,81,69,135,108,76,60,52,112,155,840,4212,9118,4873,3445,3512,1336,906,1560,539,29516
MacDonnell (R),72330,4,6,12,7,0,0,0,0,0,35,0,0,0,0,0,0,0,0,0,0,0,0,0,3,4,0,0,0,0,11,0,10,4,22,7,3,3,13,11,78,83,175,39,154,48,17,15,66,18,620
