sa3_code16,p_foodhosppersserv_occ_mng,p_foodhosppersserv_occ_pro,p_foodhosppersserv_occ_ttw,p_foodhosppersserv_occ_cps,p_foodhosppersserv_occ_ca,p_foodhosppersserv_occ_sal,p_foodhosppersserv_occ_mod,p_foodhosppersserv_occ_lab,p_foodhosppersserv_occ_idns,p_foodhosppersserv_total,p_mixfieldprog_occ_mng,p_mixfieldprog_occ_pro,p_mixfieldprog_occ_ttw,p_mixfieldprog_occ_cps,p_mixfieldprog_occ_ca,p_mixfieldprog_occ_sal,p_mixfieldprog_occ_mod,p_mixfieldprog_occ_lab,p_mixfieldprog_occ_idns,p_mixfieldprog_total,p_fs_id_occ_mng,p_fs_id_occ_pro,p_fs_id_occ_ttw,p_fs_id_occ_cps,p_fs_id_occ_ca,p_fs_id_occ_sal,p_fs_id_occ_mod,p_fs_id_occ_lab,p_fs_id_occ_idns,p_fs_id_total,p_fs_ns_occ_mng,p_fs_ns_occ_pro,p_fs_ns_occ_ttw,p_fs_ns_occ_cps,p_fs_ns_occ_ca,p_fs_ns_occ_sal,p_fs_ns_occ_mod,p_fs_ns_occ_lab,p_fs_ns_occ_idns,p_fs_ns_total,p_tot_occ_mng,p_tot_occ_pro,p_tot_occ_ttw,p_tot_occ_cps,p_tot_occ_ca,p_tot_occ_sal,p_tot_occ_mod,p_tot_occ_lab,p_tot_occ_idns,p_total_total,sa3_name16
10102,108,35,341,121,191,95,42,76,19,1030,4,4,0,3,3,3,0,0,0,20,76,64,27,37,65,11,20,17,19,340,66,57,81,57,92,34,32,59,67,552,3747,5300,3019,2013,3264,925,583,806,413,20083,Queanbeyan
10103,62,3,138,61,41,29,11,40,3,395,0,0,0,0,0,0,0,0,0,10,27,14,9,16,9,6,6,3,8,98,55,15,30,33,33,20,34,36,32,285,1209,1183,1014,737,688,392,297,503,108,6135,Snowy Mountains
10104,141,28,501,189,115,146,44,171,16,1342,0,0,0,0,0,0,0,3,0,13,36,31,25,23,27,10,13,30,3,212,78,55,112,76,55,84,37,115,64,671,2296,3916,3233,2294,1828,1154,655,1408,253,17046,South Coast
10105,68,10,199,106,53,56,24,52,4,577,0,0,0,0,0,0,3,7,0,10,19,11,9,13,15,3,18,6,13,104,70,26,44,60,33,35,46,59,45,414,1473,1990,1621,1581,1102,512,555,641,146,9623,Goulburn - Mulwaree
10106,68,16,173,68,64,35,33,79,3,542,0,0,0,0,3,0,0,3,0,6,33,29,12,14,23,0,12,13,3,148,58,38,63,43,49,37,38,66,33,420,2239,2408,1592,1119,1258,462,397,776,162,10409,Young - Yass
10201,307,94,999,482,331,308,97,241,19,2874,5,6,7,10,7,5,0,5,0,50,82,131,63,60,74,36,51,27,23,550,128,124,208,160,159,119,96,166,204,1359,6686,14943,8367,6041,6501,3090,1527,2619,767,50535,Gosford
10202,297,82,967,466,300,311,124,259,25,2822,0,3,8,3,7,0,4,13,0,45,50,48,69,57,45,16,60,42,20,405,85,85,224,166,134,153,141,229,167,1385,4439,8528,8125,5853,4902,2758,2005,2880,658,40153,Wyong
10301,91,20,286,133,68,56,40,88,7,800,0,4,0,0,4,3,3,4,0,19,15,19,16,18,21,7,20,8,13,146,49,25,63,37,31,29,33,80,49,406,1821,3439,2349,1793,1540,742,677,948,191,13505,Bathurst
10302,109,15,222,116,68,71,47,74,5,721,4,0,0,0,4,0,0,0,0,12,24,22,14,17,12,6,19,11,3,122,135,52,91,66,33,68,78,109,66,696,2741,2736,2188,1522,1344,712,829,999,214,13272,Lachlan Valley
10303,52,24,242,120,74,67,70,75,10,731,3,0,4,0,0,7,4,7,0,24,17,12,14,11,12,4,32,15,3,127,51,28,94,42,51,52,82,75,47,521,1535,2124,2448,1324,1255,581,1180,813,167,11418,Lithgow - Mudgee
10304,128,20,325,149,109,95,61,101,5,997,3,0,0,4,0,4,0,9,0,16,35,29,20,21,23,5,15,22,3,161,71,32,73,57,60,60,60,86,53,552,2474,4784,2926,1930,2145,942,836,1054,212,17301,Orange
10401,59,16,301,119,63,69,31,75,8,737,0,0,0,4,0,0,0,6,0,14,22,22,13,17,16,11,21,17,3,131,47,30,62,57,40,69,54,98,41,497,1290,2518,1894,1711,1318,751,560,889,169,11091,Clarence Valley
10402,179,44,570,209,152,144,53,161,15,1528,8,3,3,5,3,0,0,11,0,33,52,46,37,25,32,15,21,18,12,252,66,51,100,80,61,73,48,113,88,687,2880,6208,3709,3001,2854,1462,851,1751,352,23068,Coffs Harbour
10501,28,3,69,36,24,10,29,30,4,236,0,3,0,3,0,0,0,5,0,9,8,15,7,5,9,3,7,3,3,55,50,31,38,29,26,17,39,58,32,321,1102,1071,826,722,485,183,354,401,93,5226,Bourke - Cobar - Coonamble
10502,31,9,107,59,20,14,11,29,3,285,0,0,0,3,0,0,3,0,0,4,8,3,4,13,6,3,10,5,0,58,26,19,24,39,22,26,19,38,23,233,559,1078,850,767,492,201,292,281,69,4588,Broken Hill and Far West
10503,113,31,361,178,99,113,57,119,8,1085,6,3,3,0,3,3,0,6,0,24,32,29,13,27,19,12,12,19,9,174,122,51,93,81,67,62,68,122,94,760,3020,4503,3027,2509,2212,1130,809,1346,266,18829,Dubbo
10601,151,28,542,282,131,145,182,164,11,1631,3,3,3,3,3,4,9,7,0,41,28,31,40,36,21,10,57,12,4,233,78,59,148,68,76,72,123,135,80,832,2611,3947,5265,2621,2523,1235,2428,1595,350,22582,Lower Hunter
10602,119,26,488,224,128,150,96,139,9,1378,3,5,0,0,6,3,3,9,3,26,23,25,50,23,32,14,39,12,11,226,41,34,103,58,44,39,67,77,70,532,2350,5264,4724,2588,2752,1215,1483,1184,299,21852,Maitland
10603,101,40,432,232,127,126,71,111,18,1257,3,0,3,0,3,4,6,10,3,33,36,41,44,31,31,15,23,15,13,247,52,42,112,66,54,50,55,99,57,591,2190,3693,4046,2398,2209,1074,1022,1188,278,18104,Port Stephens
10604,38,4,132,76,29,44,66,53,4,452,0,0,3,0,0,3,4,4,0,18,7,4,14,4,6,0,17,14,3,83,48,16,71,30,20,20,58,66,24,355,1046,1379,1911,710,768,345,953,681,109,7901,Upper Hunter
10701,89,32,433,194,138,117,60,109,12,1180,0,4,0,4,0,3,0,3,0,17,27,37,21,18,29,7,24,14,5,174,29,51,119,75,57,64,86,106,83,674,1909,4446,4139,2663,2692,1162,1161,1296,298,19768,Dapto - Port Kembla
10702,0,0,0,0,0,0,0,0,0,0,0,0,0,0,0,0,0,0,0,0,0,0,0,0,0,0,0,0,0,0,0,0,0,0,0,0,0,0,0,0,0,0,0,0,3,0,0,0,0,3,Illawarra Catchment Reserve
10703,148,39,577,243,143,141,90,135,18,1529,3,3,0,3,0,0,4,5,4,19,33,35,42,20,39,6,35,26,20,251,60,51,149,72,71,69,58,118,86,736,2949,6122,5325,3594,3204,1501,1467,1520,391,26083,Kiama - Shellharbour
10704,193,45,632,348,237,167,81,126,18,1848,3,6,13,13,9,3,0,9,0,54,65,123,49,57,75,25,35,22,11,465,55,90,141,104,73,71,64,97,136,833,5310,14546,6246,4784,4950,2098,1539,1833,582,41892,Wollongong
10801,43,8,226,75,36,61,26,58,7,547,3,0,0,0,3,0,0,0,0,10,10,8,3,3,5,7,7,3,3,42,32,18,29,24,14,50,28,53,30,270,804,1444,1225,887,692,513,273,523,107,6458,Great Lakes
10802,63,13,230,143,55,63,30,88,11,690,0,0,0,4,0,3,0,4,3,17,11,15,12,12,16,3,16,17,8,100,51,29,75,97,29,35,35,89,57,496,1189,2219,1741,1661,1090,574,464,900,195,10016,Kempsey - Nambucca
10803,4,0,11,0,0,0,0,5,0,20,0,0,0,0,0,0,0,0,0,0,0,0,0,0,0,0,0,0,0,0,3,0,3,0,0,0,0,0,3,11,32,19,30,22,20,8,3,24,7,158,Lord Howe Island
10804,148,32,512,227,131,145,40,155,9,1412,0,4,0,0,3,7,7,0,0,20,22,43,23,27,25,9,20,12,3,181,53,39,101,73,65,73,51,85,75,608,2337,5458,3454,2687,2510,1366,727,1287,265,20079,Port Macquarie
10805,73,14,271,112,47,92,27,97,4,737,0,0,8,3,0,0,0,0,5,15,22,13,20,8,14,8,11,20,0,112,49,36,69,66,37,65,60,88,34,501,1440,2856,2016,1674,1250,854,569,984,128,11791,Taree - Gloucester
10901,130,22,436,183,105,139,59,108,14,1206,3,6,0,7,4,3,0,4,0,35,31,37,19,18,22,12,19,15,4,187,58,31,78,46,35,51,55,96,54,507,2503,4749,3165,2250,2202,1050,880,1107,227,18133,Albury
10902,27,0,70,21,28,13,8,21,0,184,0,0,3,3,0,0,4,0,0,4,4,3,3,3,3,0,3,4,0,29,30,7,31,20,17,15,21,28,15,179,574,554,484,343,304,131,176,262,38,2865,Lower Murray
10903,98,13,234,104,62,75,21,94,5,704,7,0,0,4,0,0,4,6,3,27,29,20,12,16,6,0,14,17,0,106,87,32,79,69,38,48,56,100,33,541,2078,2043,1720,1215,984,518,545,1022,142,10266,Upper Murray exc. Albury
11001,57,12,187,74,53,52,22,58,3,524,0,0,3,5,0,4,0,3,0,15,29,25,16,12,13,5,10,7,4,113,54,50,35,26,27,28,21,56,31,330,1784,3206,1416,1174,1295,546,288,799,131,10637,Armidale
11002,70,10,152,72,29,38,16,78,4,481,5,0,0,3,0,0,0,4,0,13,22,8,4,8,7,10,10,18,4,88,82,27,68,59,26,35,49,101,65,511,1712,1661,1288,1129,829,456,367,884,167,8494,Inverell - Tenterfield
11003,40,10,108,62,34,16,19,28,3,320,0,0,0,0,0,0,0,0,0,8,10,8,11,3,5,3,8,12,3,59,65,18,36,21,43,39,51,59,38,375,1255,1366,1022,677,713,301,415,456,118,6319,Moree - Narrabri
11004,159,29,412,199,105,102,99,165,10,1280,5,8,3,0,3,0,0,12,4,29,41,29,32,15,20,21,36,26,4,231,99,73,158,86,92,84,119,206,96,1023,3105,5229,3794,2523,2460,1160,1338,1736,315,21661,Tamworth - Gunnedah
11101,170,58,726,251,211,178,78,155,15,1859,0,3,0,4,3,9,4,5,0,31,41,62,57,43,58,15,34,25,13,343,59,64,125,98,85,80,69,101,105,780,4163,10699,6634,4030,4774,1919,1488,1749,439,35899,Lake Macquarie - East
11102,111,40,420,169,134,126,71,127,13,1216,0,0,0,0,0,3,0,7,0,17,18,32,37,20,24,9,30,20,14,206,34,44,102,62,57,50,59,90,70,567,2110,4989,4276,2606,2575,1155,1211,1316,320,20554,Lake Macquarie - West
11103,248,76,1024,404,273,257,117,195,32,2629,3,4,7,10,3,6,0,19,0,57,80,162,74,62,90,39,58,40,26,631,81,130,157,110,116,78,87,142,156,1057,5904,19137,7881,5932,6345,2728,1872,2400,665,52859,Newcastle
11201,174,40,582,261,113,151,43,143,18,1533,9,3,3,3,4,5,0,3,4,31,56,72,36,41,34,17,16,29,12,309,78,68,115,101,65,91,39,111,86,760,3230,6956,3615,2981,2279,1380,652,1522,359,22979,Richmond Valley - Coastal
11202,106,20,405,175,72,84,25,181,13,1090,3,6,0,9,0,0,4,12,0,35,25,28,23,17,12,13,22,21,10,171,76,39,74,65,44,62,60,124,70,615,2194,4494,2805,2460,2121,1016,761,1613,238,17713,Richmond Valley - Hinterland
11203,160,48,661,287,174,162,68,165,18,1743,3,6,0,3,3,3,0,4,0,31,32,42,33,36,28,11,20,28,11,252,61,60,128,97,69,84,57,109,89,751,2661,5702,4306,3357,2630,1497,916,1694,355,23133,Tweed Valley
11301,91,10,240,111,69,62,28,131,6,756,3,3,0,5,7,0,4,13,3,33,33,16,8,19,12,8,11,35,10,148,106,30,51,55,55,50,77,165,66,658,2110,2428,2141,1245,1326,604,649,1391,210,12092,Griffith - Murrumbidgee (West)
11302,27,5,53,36,13,11,15,41,4,197,0,0,0,0,0,0,0,0,0,9,6,6,3,0,7,0,13,6,3,50,32,11,26,14,23,10,30,38,10,191,617,683,672,400,359,133,294,348,44,3555,Tumut - Tumbarumba
11303,161,32,572,246,165,171,49,201,10,1609,7,8,3,7,0,5,3,18,0,57,52,55,37,44,44,15,30,36,9,331,120,65,120,94,79,91,70,142,71,856,4031,6883,4719,3431,3093,1485,1128,1792,312,26885,Wagga Wagga
11401,185,32,579,285,137,141,64,162,11,1598,5,3,3,3,9,3,3,3,0,32,42,58,36,41,37,21,17,26,4,289,95,59,134,102,61,103,62,126,100,843,3010,5706,4988,3548,2654,1503,902,1697,371,24382,Shoalhaven
11402,115,21,344,138,79,73,43,100,4,907,3,0,0,0,0,3,0,8,0,18,34,32,17,14,25,9,11,22,3,162,48,33,64,34,42,45,26,63,42,407,2204,3861,2568,1509,1537,856,563,880,208,14173,Southern Highlands
11501,217,93,464,229,266,190,42,78,28,1612,6,3,3,8,5,0,0,4,0,36,146,176,47,60,129,68,31,29,17,699,109,122,94,54,134,81,36,36,164,825,10263,20632,5249,3551,7939,3254,1016,1369,849,54125,Baulkham Hills
11502,52,9,142,45,76,45,9,21,5,405,3,0,0,0,0,0,0,0,0,7,17,14,12,4,14,10,6,4,7,87,31,25,33,9,29,10,15,18,37,207,1898,2594,1452,638,1264,557,236,356,141,9136,Dural - Wisemans Ferry
11503,60,17,149,62,71,44,24,35,9,465,0,3,0,0,0,0,0,3,0,8,17,18,20,16,10,5,4,3,4,102,26,18,57,23,40,12,25,31,53,282,1295,1854,1923,845,1091,439,406,505,144,8503,Hawkesbury
11504,67,20,176,90,95,55,20,29,8,563,3,0,0,0,3,0,0,0,0,9,23,32,15,12,23,13,8,3,3,129,32,24,33,23,31,13,12,26,45,243,2216,3371,1880,933,1827,733,381,408,204,11945,Rouse Hill - McGraths Hill
11601,181,50,619,265,226,184,211,198,26,1964,10,3,0,7,12,10,20,22,4,85,53,95,73,86,106,54,117,101,31,714,69,74,158,114,127,78,147,160,216,1139,4172,10429,6275,4404,6367,2483,2965,2789,788,40685,Blacktown
11602,163,43,411,184,178,152,105,94,23,1359,6,3,9,0,6,3,3,7,0,40,64,89,61,49,106,37,69,30,17,527,67,73,73,64,91,46,76,48,104,639,4862,10754,4284,2958,5185,1994,1597,1269,507,33407,Blacktown - North
11603,92,29,395,171,149,144,137,155,21,1294,0,0,4,4,3,4,15,14,3,52,28,36,54,45,56,25,77,41,13,381,51,55,124,92,100,63,211,199,161,1056,1887,5272,4199,3389,4071,1631,2750,2096,537,25839,Mount Druitt
11701,115,37,300,107,90,70,43,68,6,837,0,0,5,7,0,9,3,7,0,29,40,39,17,27,26,21,19,15,8,223,31,46,46,53,51,32,46,52,67,409,2274,4655,2122,1625,2204,1183,702,860,255,15885,Botany
11703,613,168,1786,724,291,279,55,201,51,4176,27,17,32,60,7,25,10,48,9,230,349,659,107,167,212,124,40,68,51,1776,181,314,191,227,130,125,46,174,342,1723,16978,42085,7558,7992,9939,5987,1035,3582,1563,96713,Sydney Inner City
11702,103,51,309,123,85,82,20,48,4,838,0,0,6,5,3,0,3,10,0,31,84,196,29,27,81,32,16,15,15,506,39,94,46,48,33,26,18,29,82,427,3555,10141,2237,1827,2806,1278,437,792,324,23395,Marrickville - Sydenham - Petersham
11801,312,91,654,268,159,112,18,53,15,1690,5,7,5,11,3,6,0,3,4,49,219,379,43,70,127,87,8,34,32,1001,159,180,61,85,95,75,16,60,155,886,11950,25166,3263,3470,5392,3476,462,1151,976,55301,Eastern Suburbs - North
11802,253,66,624,300,233,131,33,119,16,1780,6,3,12,8,11,9,6,8,5,62,147,244,68,86,93,43,40,34,27,787,104,149,88,101,96,82,55,70,172,914,8815,21856,5022,4177,6282,3048,963,1611,827,52597,Eastern Suburbs - South
11901,233,40,693,369,289,205,115,168,37,2143,3,6,16,4,14,10,4,14,3,82,58,89,69,47,81,51,65,50,19,529,102,111,195,135,144,119,143,143,238,1333,4872,11315,6740,4378,6297,2905,2287,2247,825,41862,Bankstown
11902,170,38,681,272,184,164,165,153,32,1868,8,4,20,18,0,12,10,33,9,120,59,101,57,81,81,35,64,51,31,563,65,97,139,104,117,100,120,168,233,1141,3873,8996,5006,4017,4747,2880,2386,2610,772,35295,Canterbury
11903,180,53,678,271,202,183,68,128,16,1775,8,3,11,6,16,10,8,26,4,96,78,102,50,56,92,47,39,37,14,511,93,120,118,96,108,89,62,84,188,961,5581,13349,4917,3775,6107,3048,1425,2071,731,41006,Hurstville
11904,264,63,916,352,239,226,112,185,33,2382,5,5,14,9,7,7,18,29,6,109,83,116,63,74,110,56,59,65,22,641,111,118,151,102,129,80,86,150,229,1155,5921,14188,5829,4554,6597,3591,1954,3223,831,46688,Kogarah - Rockdale
12001,213,59,423,175,156,126,32,53,11,1256,4,7,5,9,0,5,0,8,3,43,91,134,19,27,77,36,7,22,25,446,76,96,63,46,65,57,25,56,102,575,6641,13201,2918,2036,4470,2242,514,844,547,33414,Canada Bay
12002,128,41,225,84,70,49,9,22,6,633,3,3,5,0,0,3,0,4,0,18,102,179,21,22,62,21,4,8,10,437,50,77,15,21,31,31,6,13,67,319,5640,11553,1549,1345,2614,1180,211,371,373,24842,Leichhardt
12003,259,82,963,362,215,206,88,191,26,2384,9,10,29,26,6,16,14,33,3,143,125,257,73,67,191,74,42,44,33,907,110,144,119,99,135,77,55,130,226,1100,7607,22556,5624,4820,7480,3834,1453,2813,1014,57207,Strathfield - Burwood - Ashfield
12101,212,70,466,169,133,108,19,67,16,1259,7,7,6,3,11,11,3,3,0,45,118,222,35,55,84,58,11,21,20,629,93,145,33,40,60,35,12,29,121,564,9382,21524,2748,2544,5355,2651,444,884,767,46289,Chatswood - Lane Cove
12102,117,44,392,138,112,99,33,71,10,1021,4,3,5,5,3,4,3,3,0,33,59,117,38,33,63,33,17,22,14,404,43,85,43,44,57,41,18,33,86,464,4725,12521,3382,2636,4205,1642,589,1104,388,31201,Hornsby
12103,159,51,254,129,120,82,17,39,3,859,11,3,0,8,0,6,3,0,0,28,145,204,20,39,112,49,8,12,17,603,79,125,37,26,54,37,8,17,125,513,10133,20116,2187,2116,5415,2330,352,668,775,44105,Ku-ring-gai
12104,210,73,382,162,139,105,17,43,14,1146,3,3,3,4,6,0,0,0,5,24,150,236,35,39,96,65,5,7,19,653,88,135,30,34,82,48,4,18,112,546,10200,20951,2171,2165,5039,2414,265,558,766,44529,North Sydney - Mosman
12201,87,29,199,75,61,37,17,23,9,539,0,0,3,3,3,4,0,0,0,13,73,89,10,11,38,28,3,5,7,258,41,52,21,26,36,23,5,9,51,258,4300,7611,1198,1143,1886,1064,171,317,305,17999,Manly
12202,142,55,307,126,146,80,24,56,9,947,0,3,4,0,3,0,3,0,0,16,57,87,16,33,31,22,21,15,10,292,63,55,62,38,53,38,14,30,78,433,4502,7202,2977,1785,2749,1391,410,653,385,22071,Pittwater
12203,389,137,912,365,308,233,106,138,24,2601,3,6,5,6,5,7,6,13,0,60,129,216,56,68,109,63,34,23,33,730,144,128,134,99,126,96,63,89,163,1037,11139,18806,7405,5006,7152,3606,1217,1934,774,57039,Warringah
12301,97,36,307,160,174,105,64,66,13,1029,3,3,0,4,0,3,0,3,0,21,33,32,41,23,22,18,29,9,14,212,46,32,72,43,63,44,57,38,65,462,2892,5291,3720,2399,2864,1275,1067,896,319,20713,Camden
12302,194,56,661,319,272,218,191,238,28,2169,3,7,12,7,4,6,17,10,3,66,52,77,78,71,94,38,120,76,21,625,80,89,178,146,147,130,234,212,181,1394,4034,9529,7156,5357,6337,2766,3349,2930,733,42189,Campbelltown (NSW)
12303,57,19,215,92,109,71,47,52,14,666,0,3,0,0,5,0,0,0,0,13,28,13,15,8,12,9,23,10,10,132,47,36,106,41,68,43,52,64,31,488,1734,2741,2962,1458,1669,691,891,779,200,13121,Wollondilly
12401,132,39,397,219,144,96,42,87,9,1161,8,8,0,7,0,3,0,7,0,37,54,120,29,50,53,24,19,22,19,378,49,74,71,64,63,32,50,60,74,540,3529,9558,3690,3073,3131,1243,777,1249,346,26594,Blue Mountains
12402,0,0,0,0,0,0,0,0,0,0,0,0,0,0,0,0,0,0,0,0,0,0,0,0,0,0,0,0,0,0,0,0,0,0,0,0,0,0,0,0,0,0,0,0,0,0,0,0,0,0,Blue Mountains - South
12403,244,85,707,352,438,230,166,191,30,2450,5,5,3,12,12,3,8,11,0,52,85,67,59,52,77,32,70,47,28,506,78,79,159,105,148,93,150,128,178,1125,5037,9872,7778,4971,6578,2488,2615,2261,696,42300,Penrith
12404,60,16,209,90,88,64,34,59,9,622,4,3,3,3,0,0,0,3,0,21,14,20,20,7,24,6,27,7,3,131,23,16,52,30,39,22,44,38,36,300,1187,2090,2391,1261,1377,589,669,608,165,10347,Richmond - Windsor
12405,68,21,243,103,148,88,78,90,11,832,3,0,0,3,4,3,5,6,0,26,20,22,17,21,24,5,42,18,5,181,33,35,80,38,77,45,108,87,79,584,1290,2549,2644,1806,2326,847,1294,1078,262,14094,St Marys
12501,99,17,452,160,103,98,55,105,14,1095,3,0,15,6,6,11,9,25,3,88,26,67,34,35,39,30,24,32,20,312,50,53,132,65,62,45,54,113,186,755,2832,7040,3162,2453,3164,1807,1192,1931,596,24183,Auburn
12502,99,26,284,102,120,91,35,63,10,823,8,3,0,4,3,7,4,4,0,32,49,64,23,27,47,25,23,17,3,271,26,52,54,16,42,29,21,33,81,362,3211,7891,2717,1768,3228,1367,676,861,376,22101,Carlingford
12503,149,50,518,275,216,159,108,129,22,1636,8,3,13,14,9,6,17,23,3,94,56,59,64,38,74,44,64,39,21,458,75,87,206,107,119,91,143,184,260,1257,3710,8740,5740,3889,5412,2360,2166,2272,830,35111,Merrylands - Guildford
12504,179,50,594,225,215,162,175,165,29,1807,10,10,13,7,10,13,8,14,8,91,75,145,78,86,112,60,87,67,14,729,77,109,109,65,122,55,82,86,194,902,5996,19209,5321,4045,7362,3062,2298,2589,918,50794,Parramatta
12601,55,22,149,54,49,50,10,32,3,419,0,0,3,6,0,0,0,3,0,18,36,70,12,15,45,13,4,10,10,215,21,52,23,27,30,13,10,12,53,245,3135,8608,1329,1102,2415,941,262,432,254,18472,Pennant Hills - Epping
12602,224,55,703,265,208,177,54,105,20,1805,4,9,7,4,10,5,3,7,0,48,115,189,54,46,123,57,29,32,22,662,80,134,86,80,104,68,32,71,189,851,8163,20466,4895,3522,7149,3156,967,1567,798,50673,Ryde - Hunters Hill
12701,146,40,434,215,200,135,74,115,14,1373,3,0,7,8,3,3,8,7,4,44,48,44,54,37,54,23,53,31,17,351,78,66,154,71,132,100,124,133,167,1018,3013,6047,4763,2661,4069,1674,1703,1482,589,25998,Bringelly - Green Valley
12702,172,47,625,452,245,207,100,193,31,2068,8,10,11,14,9,10,13,31,3,110,37,62,70,32,67,36,60,60,25,447,97,93,242,121,134,117,199,215,249,1470,3356,8238,6391,4069,5507,2372,2459,2620,839,35849,Fairfield
12703,140,38,451,251,201,131,93,134,9,1455,7,6,12,3,6,9,11,14,3,70,54,61,75,62,78,26,48,47,12,462,56,66,128,74,113,82,100,121,183,939,3532,8074,4931,3438,4803,1892,1976,1790,656,31093,Liverpool
12801,244,65,575,320,308,217,71,114,8,1924,4,12,0,8,7,3,4,3,3,37,82,115,51,50,78,29,24,19,20,475,100,105,99,92,116,82,36,47,145,824,6973,12078,5925,3867,5539,2524,1000,1271,612,39790,Cronulla - Miranda - Caringbah
12802,176,54,551,256,272,180,76,84,14,1670,3,6,3,0,8,3,7,10,3,42,57,104,25,42,72,28,37,18,13,400,78,85,95,61,108,72,27,40,143,716,6346,12628,6259,3822,6010,2307,1081,1305,574,40336,Sutherland - Menai - Heathcote
20101,158,43,629,284,200,205,68,178,15,1793,4,4,3,6,3,5,3,8,0,42,68,106,53,58,71,21,26,33,8,439,59,65,141,81,70,101,71,118,102,812,3475,9186,5175,3928,3303,1863,1073,1759,421,30192,Ballarat
20102,77,9,160,57,48,35,25,58,3,468,0,0,0,3,0,0,0,3,0,7,24,34,12,24,22,7,7,11,3,142,47,37,55,30,30,23,33,59,29,338,1364,2026,1477,999,870,379,387,610,145,8258,Creswick - Daylesford - Ballan
20103,33,12,144,48,31,42,11,53,9,380,0,0,0,0,4,0,0,0,0,9,18,14,11,10,9,5,9,4,0,81,51,11,46,23,22,24,31,55,22,291,897,1044,1077,786,502,277,297,520,94,5496,Maryborough - Pyrenees
20201,138,48,631,255,171,185,67,198,12,1701,0,6,3,0,0,4,0,6,0,26,39,79,35,39,38,30,26,29,8,334,84,63,122,100,77,75,56,123,80,779,2971,7975,4724,3709,2880,1583,1025,1863,324,27050,Bendigo
20202,73,22,249,90,54,62,24,85,4,660,0,3,0,0,3,0,0,8,3,18,50,95,27,37,31,9,9,18,3,270,72,60,78,65,42,38,42,84,44,524,2166,4210,2302,1686,1262,661,533,927,186,13930,Heathcote - Castlemaine - Kyneton
20203,23,4,41,14,21,16,7,24,0,148,0,0,0,0,0,0,0,3,0,5,6,4,6,0,3,3,0,0,0,29,32,4,20,14,10,13,14,34,16,150,721,499,406,268,267,123,157,270,47,2764,Loddon - Elmore
20301,40,5,92,44,32,45,14,39,3,309,0,0,0,0,0,0,0,0,0,3,10,15,8,10,6,5,9,10,0,77,41,27,51,20,21,21,16,33,25,242,1030,1367,1286,717,625,318,315,448,94,6202,Barwon - West
20302,308,96,1230,524,330,336,156,345,35,3366,7,9,5,11,6,6,8,14,0,67,94,175,86,112,107,55,66,60,23,791,119,124,261,170,134,153,177,265,212,1607,6293,16005,9598,7684,6055,3483,2340,3567,811,55840,Geelong
20303,123,49,455,196,119,131,33,81,14,1199,0,3,0,3,0,9,0,3,6,22,43,98,44,57,54,26,10,13,11,357,68,52,89,62,46,50,30,45,75,515,3217,7283,3977,2738,2291,1286,548,1060,352,22756,Surf Coast - Bellarine Peninsula
20401,147,19,341,129,100,105,37,122,7,1005,3,3,0,3,3,0,3,3,0,21,63,35,27,41,28,12,27,19,10,251,90,48,125,56,64,53,70,121,71,692,2381,2868,2827,1948,1446,743,771,1332,239,14558,Upper Goulburn Valley
20402,105,23,308,124,70,111,32,96,13,892,3,4,0,0,0,0,3,9,0,22,22,24,20,24,19,3,11,15,3,141,65,27,73,54,41,40,76,87,47,515,2000,3131,2304,1732,1282,716,604,949,170,12895,Wangaratta - Benalla
20403,164,23,496,191,124,140,89,171,10,1408,3,7,3,0,3,0,5,4,3,28,48,39,26,53,35,19,27,28,10,270,102,60,107,86,72,68,88,105,99,774,3091,4982,3863,2901,2270,1238,1106,1478,321,21248,Wodonga - Alpine
20501,89,21,270,101,81,76,36,103,4,772,3,3,0,0,0,0,3,3,0,13,25,30,25,27,22,7,14,19,3,180,82,23,84,50,40,45,43,74,44,493,2030,3279,2714,1710,1398,675,691,1121,187,13804,Baw Baw
20502,109,14,288,123,92,95,17,111,5,858,0,0,0,0,0,0,0,6,3,8,27,37,13,25,14,3,13,13,3,152,72,21,67,56,35,57,48,86,43,497,1555,2319,1922,1567,1053,642,495,952,163,10671,Gippsland - East
20503,133,23,407,150,96,121,47,119,5,1099,3,4,3,0,0,6,0,8,0,20,45,42,29,23,21,19,19,26,11,224,145,40,116,71,55,86,61,118,75,760,2643,3294,3083,1991,1394,976,766,1285,246,15671,Gippsland - South West
20504,80,28,394,158,157,141,46,145,14,1162,0,0,3,3,0,3,0,8,0,21,33,34,33,21,39,13,15,20,15,224,63,44,131,91,67,54,66,130,83,734,1848,4157,4241,2549,2122,989,1075,1372,327,18675,Latrobe Valley
20505,105,13,273,102,60,66,36,83,7,736,3,0,0,0,0,0,0,6,0,10,29,23,23,13,7,4,10,12,10,137,82,28,63,38,38,44,44,76,43,457,1780,2593,2356,1451,976,510,578,848,171,11253,Wellington
20601,154,58,561,204,139,132,38,78,15,1376,0,3,6,5,8,7,0,9,3,42,145,349,65,97,140,80,22,20,27,942,59,156,81,64,57,42,21,44,135,653,5014,16228,3630,3216,4123,2062,619,1257,534,36675,Brunswick - Coburg
20602,76,40,299,105,79,56,11,44,5,719,0,5,0,3,4,0,0,4,0,12,92,209,39,61,83,36,7,19,19,564,49,92,29,33,32,32,12,25,72,373,3623,10477,1953,1880,2395,1169,290,605,312,22705,Darebin - South
20603,114,50,318,155,129,79,23,60,18,934,3,8,0,3,8,0,5,0,3,32,90,142,23,49,106,36,17,20,15,490,49,65,48,43,46,39,18,36,79,431,4371,10620,2355,2184,3227,1438,467,866,392,25911,Essendon
20604,266,82,1045,457,183,174,15,133,19,2378,8,13,15,25,7,17,0,13,5,103,184,306,42,89,134,85,18,46,31,934,100,159,90,115,70,41,22,84,132,816,7666,23824,3621,4665,5574,3244,516,2062,796,51962,Melbourne City
20605,318,90,716,298,207,161,21,81,19,1912,9,11,0,3,5,4,0,0,0,44,216,312,42,78,144,65,11,20,39,933,105,154,73,51,74,64,20,29,134,695,9221,20060,3650,3466,5040,2762,437,1073,704,46412,Port Phillip
20902,155,46,629,236,160,155,68,157,18,1624,5,0,6,10,3,3,8,15,0,56,75,166,57,52,96,42,33,36,16,561,62,66,135,71,70,77,57,119,115,765,3394,9691,3952,3259,3714,2006,1079,1948,437,29469,Darebin - North
20903,115,35,302,161,138,93,28,49,11,937,4,0,0,0,3,0,0,0,0,16,70,86,28,60,66,22,9,15,12,368,75,38,96,53,59,52,24,30,62,490,4093,8005,4001,2432,2842,1184,540,808,291,24199,Nillumbik - Kinglake
20904,377,92,1401,605,523,498,288,357,43,4187,5,7,10,8,16,12,22,26,3,123,115,127,127,139,151,79,147,105,29,1030,151,132,377,243,242,227,248,285,255,2159,6392,13873,11325,8116,8069,4421,3764,4014,984,60952,Whittlesea - Wallan
21001,94,34,262,130,114,108,36,64,9,851,4,3,0,3,3,5,3,3,0,28,48,84,27,46,58,25,16,15,3,324,69,61,68,43,76,43,42,50,64,509,2810,5793,2715,1615,2524,1189,573,734,295,18247,Keilor
20606,194,56,417,195,121,88,13,37,4,1121,3,3,0,4,0,3,0,4,0,28,136,200,30,41,88,56,3,14,22,586,62,85,27,35,48,43,8,19,81,409,5618,13453,1799,1892,3163,2059,166,529,480,29154,Stonnington - West
20607,192,56,544,255,141,128,15,49,8,1378,7,4,3,7,3,3,0,3,3,29,197,387,35,103,132,64,8,23,40,994,61,141,50,69,65,42,23,34,102,578,7155,20556,2835,3032,4053,2236,370,836,603,41684,Yarra
20701,315,79,525,292,207,182,29,70,14,1712,12,5,7,8,4,7,3,5,3,55,256,381,50,86,181,108,14,28,25,1124,132,191,49,52,79,64,11,42,161,779,12944,30335,3773,3967,7440,3799,505,1304,949,65012,Boroondara
20702,167,40,429,188,137,162,34,88,15,1267,3,4,6,9,8,10,3,7,3,48,72,95,40,43,77,45,18,23,12,428,82,78,69,53,49,65,33,46,110,583,4903,10590,3037,2371,3776,2203,545,993,456,28875,Manningham - West
20703,161,45,442,189,110,108,26,97,6,1181,7,0,9,11,9,7,0,9,3,53,108,137,34,51,94,43,4,21,20,523,55,84,75,50,54,49,25,45,104,544,5447,14025,3374,2970,4314,2236,602,1305,502,34784,Whitehorse - West
20801,183,52,292,161,144,136,16,49,11,1031,7,3,4,0,4,0,0,0,0,16,167,227,30,49,91,77,4,10,20,676,91,99,48,39,58,56,14,19,86,512,8386,14299,2554,2331,3862,2201,299,624,502,35070,Bayside
21002,52,17,138,59,56,46,19,45,3,432,0,0,0,0,0,0,0,0,0,8,41,43,14,30,32,11,9,11,4,192,30,37,61,24,36,27,14,37,18,291,1533,2831,1897,1103,1117,485,353,475,115,9909,Macedon Ranges
20802,287,90,862,315,240,230,49,142,19,2235,9,5,4,11,4,3,0,10,3,47,174,323,63,86,167,92,19,47,25,998,110,164,98,61,90,100,26,58,171,886,9834,23513,5207,4541,6821,3618,877,1722,835,56957,Glen Eira
20803,245,92,657,294,253,230,76,125,25,1991,4,4,3,0,6,6,0,11,0,35,131,161,67,77,109,47,30,33,23,676,98,94,128,80,99,78,52,72,142,832,6689,13601,6024,3959,5319,2617,1038,1429,567,41239,Kingston
20804,71,22,136,73,51,44,7,20,4,437,3,5,0,0,3,0,0,7,0,13,60,94,20,30,64,39,0,11,9,313,24,38,16,19,24,21,8,11,30,195,3178,7469,992,968,1868,1030,160,378,226,16270,Stonnington - East
20901,192,70,546,253,214,180,46,107,12,1623,3,4,8,3,7,0,0,8,0,38,118,218,57,78,124,53,24,23,30,723,74,106,102,76,88,67,44,68,132,755,6292,16570,5639,4140,5305,2235,873,1480,584,43124,Banyule
21003,107,31,459,166,123,126,66,116,14,1219,0,3,5,8,4,6,5,15,4,50,51,89,43,48,70,29,30,33,16,397,58,62,117,73,85,51,51,60,99,650,2567,6969,3516,2522,2853,1338,1036,1431,382,22621,Moreland - North
21004,64,18,241,116,109,110,47,66,3,773,0,0,0,0,0,0,3,6,0,13,16,27,20,36,38,16,16,13,13,189,36,37,54,33,41,32,34,35,29,327,1486,2790,2499,1679,1659,782,658,645,145,12348,Sunbury
21005,201,44,788,349,264,255,249,268,27,2449,3,5,11,4,7,4,11,12,4,66,61,89,85,93,72,42,102,64,20,629,100,81,250,182,151,136,187,197,190,1467,3694,7676,6660,5357,4955,2546,3100,2887,711,37583,Tullamarine - Broadmeadows
21101,278,84,903,380,367,332,111,218,28,2705,3,6,7,8,0,4,4,12,0,46,105,119,91,81,109,56,37,43,17,662,110,100,188,93,124,117,96,112,201,1133,6747,14700,8961,5568,7005,3496,1829,2475,729,51523,Knox
21102,50,19,101,43,40,45,8,19,6,332,0,0,0,0,0,0,0,3,0,10,26,41,4,10,34,15,3,5,3,144,17,21,30,18,28,13,5,10,26,173,1856,3243,1122,700,1093,562,128,247,128,9084,Manningham - East
21103,213,67,644,254,239,223,60,151,17,1881,3,0,8,4,3,4,3,19,0,45,80,150,62,82,91,33,24,32,21,571,75,82,134,69,83,82,46,83,124,773,5167,11830,6260,4225,4886,2301,997,1633,465,37763,Maroondah
21104,102,24,277,128,93,83,29,59,3,799,0,3,3,0,3,0,0,3,0,20,57,96,29,36,68,38,16,24,13,371,41,58,34,29,46,27,20,32,56,349,3020,8131,2402,1949,2797,1316,465,792,265,21129,Whitehorse - East
21105,302,78,905,413,340,306,92,227,22,2687,4,8,8,9,0,3,0,10,0,47,132,134,85,107,110,40,44,36,21,710,147,104,276,152,124,101,116,159,193,1370,6700,11921,10489,6048,5532,2717,1800,2846,713,48768,Yarra Ranges
21201,184,47,571,247,250,215,129,175,19,1836,3,3,3,0,0,0,6,3,0,27,48,69,47,53,57,23,42,25,17,387,104,47,194,85,73,84,104,111,109,909,3452,5944,6302,3514,3517,1937,1656,1997,399,28716,Cardinia
21202,193,64,670,303,256,263,118,203,14,2084,3,0,11,0,8,7,6,9,3,52,65,91,89,78,89,56,60,52,21,587,90,90,206,93,124,111,123,144,144,1136,4705,9344,7070,4365,5176,2635,2141,2507,588,38530,Casey - North
21203,315,79,994,439,355,321,254,382,37,3171,4,3,3,8,8,5,12,15,0,66,72,75,124,128,98,43,111,67,21,745,93,83,285,152,168,116,188,231,259,1575,4979,9495,9477,6774,6404,3236,3732,3839,798,48731,Casey - South
21204,262,55,1230,455,252,257,272,417,39,3242,3,9,26,13,9,9,21,46,10,137,71,91,101,92,92,72,111,121,24,771,89,82,261,171,158,132,208,284,289,1684,4067,10250,7741,5759,5911,3315,3502,4481,879,45905,Dandenong
21205,267,67,850,308,254,217,96,217,17,2298,17,3,11,5,8,10,4,17,3,79,141,198,84,91,145,67,29,51,30,837,104,141,135,83,111,76,64,90,198,1003,8308,21500,6133,4685,7484,3751,1432,2545,890,56736,Monash
21301,262,58,1033,492,304,289,261,372,35,3097,12,7,8,11,8,9,26,35,5,121,66,108,95,79,120,61,105,100,24,765,90,109,286,197,164,165,259,308,282,1864,4055,9747,7356,5575,6055,3132,3709,4158,892,44677,Brimbank
21302,135,43,381,195,174,128,70,90,14,1222,4,4,7,3,3,0,0,5,4,27,78,114,46,45,87,29,22,14,12,447,62,63,107,69,81,50,59,66,100,667,4527,9334,3848,2535,3507,1524,1019,1181,440,27913,Hobsons Bay
21303,177,52,567,271,129,158,61,133,15,1571,0,3,7,5,8,0,4,14,3,40,105,179,50,72,115,54,37,37,13,657,63,81,74,68,42,47,48,90,104,613,4472,11108,3153,3047,3598,1987,1014,1775,466,30630,Maribyrnong
21304,281,53,772,385,324,281,208,254,36,2592,4,0,4,0,12,4,14,8,6,52,76,97,78,94,106,37,104,48,23,668,112,76,229,143,152,134,182,185,191,1397,4798,9253,7772,5340,6021,2705,3010,2652,730,42272,Melton - Bacchus Marsh
21305,411,131,1270,611,445,420,422,400,44,4155,12,5,8,18,8,8,14,29,3,107,103,176,129,192,163,87,187,101,38,1182,127,124,252,182,199,139,302,210,300,1838,7851,16949,9990,8454,9465,4586,5065,4311,1157,67825,Wyndham
21401,235,77,880,376,324,294,121,254,18,2569,5,3,5,7,8,3,3,13,3,41,92,109,77,83,88,33,47,36,22,596,99,95,208,148,113,121,125,169,165,1238,4742,9352,8418,5512,4961,2836,1906,2556,619,40897,Frankston
21402,344,84,1003,460,295,290,80,247,25,2829,0,11,11,9,4,3,3,13,0,56,102,129,63,82,84,46,28,38,16,592,133,140,254,145,125,149,80,156,153,1319,6759,11600,9057,5518,4593,2980,1245,2517,604,44864,Mornington Peninsula
21501,144,21,323,157,90,105,31,120,8,1000,0,0,0,3,0,0,0,9,0,14,21,25,14,30,14,8,14,13,10,148,112,40,83,68,42,62,41,120,64,635,2986,3385,2278,2298,1324,759,656,1213,204,15103,Grampians
21502,126,18,307,119,97,109,32,112,12,934,10,0,3,0,3,4,5,3,0,27,18,27,13,22,13,8,13,12,9,143,61,46,94,63,47,74,72,105,71,632,1839,3292,2267,1818,1329,854,632,1031,235,13297,Mildura
21503,91,14,207,68,57,74,21,77,14,616,4,0,0,0,7,0,0,9,0,20,17,11,13,11,4,5,7,8,0,76,106,29,64,38,26,35,47,103,39,492,1791,1880,1432,1000,760,474,410,797,127,8675,Murray River - Swan Hill
21601,94,10,238,96,50,72,37,110,17,727,3,0,0,3,0,0,0,0,0,10,22,7,11,6,9,9,9,6,3,93,76,28,51,50,17,35,37,91,47,437,1645,1969,1773,1236,774,550,501,933,133,9525,Campaspe
21602,79,9,166,70,44,50,35,93,11,558,0,0,0,4,0,0,0,3,0,15,15,7,7,9,0,3,8,11,3,76,57,18,59,46,16,42,35,88,36,387,1235,1300,1225,856,587,344,393,804,111,6859,Moira
21603,121,18,365,137,115,125,46,133,8,1082,3,3,3,0,0,3,0,10,0,28,30,39,30,16,24,13,14,29,3,188,86,50,101,58,47,68,63,125,86,684,2221,4257,2764,2058,1594,879,682,1370,223,16050,Shepparton
21701,68,22,210,96,61,64,28,85,7,640,0,0,0,0,0,0,0,3,0,14,17,19,12,19,14,3,9,9,3,109,93,24,52,37,28,29,61,69,42,437,1742,2089,1677,1211,841,450,608,781,129,9526,Glenelg - Southern Grampians
21703,102,15,243,70,55,47,31,135,3,699,3,0,0,3,0,3,0,4,0,16,39,16,12,12,14,7,7,18,11,130,98,24,59,44,24,32,42,113,47,481,1995,1835,1611,1282,742,469,514,1139,159,9747,Colac - Corangamite
21704,137,18,413,147,86,124,31,137,5,1097,3,10,4,0,3,0,0,7,0,32,33,36,18,29,19,7,27,20,6,190,94,29,80,46,40,36,43,95,55,518,2234,3788,2496,1819,1342,820,561,1158,193,14417,Warrnambool
30101,137,46,412,216,204,166,57,156,16,1403,0,5,0,5,0,3,0,6,0,21,47,48,36,29,47,18,15,12,14,259,38,28,94,39,58,45,46,61,84,504,2965,5759,4548,2670,3264,1403,925,1365,320,23223,Capalaba
30102,179,48,463,217,206,172,58,134,16,1496,3,6,5,5,3,3,0,5,0,36,55,57,48,32,34,17,20,20,6,301,74,64,105,52,74,53,36,77,86,621,3656,5970,4531,2887,3206,1549,922,1461,348,24525,Cleveland - Stradbroke
30103,145,41,358,173,178,137,61,98,21,1217,3,3,4,3,8,4,0,3,0,31,46,58,35,27,57,24,27,19,8,297,54,43,67,35,56,43,53,51,76,484,3421,6822,3561,2308,3149,1259,849,1116,315,22813,Wynnum - Manly
30201,85,25,236,123,109,66,25,49,9,725,0,6,0,3,6,3,0,3,0,20,29,46,15,28,22,11,18,15,8,194,22,31,40,22,39,32,14,29,49,264,1949,5020,1939,1452,2024,822,419,607,213,14451,Bald Hills - Everton Park
30202,144,39,412,211,175,120,47,110,7,1255,0,0,3,5,5,3,0,12,0,30,39,72,37,42,51,16,20,25,6,317,48,48,57,49,68,49,38,56,108,521,3449,8745,3413,2465,3305,1378,673,1068,350,24843,Chermside
30203,104,25,249,132,95,94,39,68,10,815,4,0,6,0,3,3,5,3,0,21,30,42,17,16,37,10,21,19,4,186,20,31,31,26,35,32,32,45,44,295,1778,4683,2092,1426,2046,811,541,777,186,14335,Nundah
30204,119,28,356,181,128,100,87,104,11,1113,3,0,8,7,10,8,7,5,0,43,33,52,26,29,44,21,18,24,5,252,32,30,51,46,42,22,30,71,71,396,2130,5365,2938,2247,2711,1076,840,1194,260,18760,Sandgate
30301,84,32,245,118,128,91,23,56,8,779,0,0,3,0,5,0,0,4,0,15,17,53,27,21,30,7,10,14,8,185,26,39,32,23,29,23,21,35,44,281,3028,7353,2177,1481,2469,1045,398,693,240,18884,Carindale
30302,125,42,422,203,154,103,42,89,9,1190,3,3,3,8,11,3,9,6,0,37,66,107,43,42,69,21,15,23,13,401,46,73,44,38,64,43,20,41,64,438,3899,12956,3033,2546,3483,1502,568,1236,323,29544,Holland Park - Yeronga
30303,134,39,340,166,129,94,46,106,9,1045,5,3,3,3,10,8,7,7,3,43,45,70,27,36,46,16,27,34,24,316,33,47,67,46,42,35,33,63,69,436,3056,8817,2831,2263,3082,1519,744,1299,392,24013,Mt Gravatt
30304,54,21,169,86,67,29,25,51,3,513,0,3,3,6,3,6,0,0,0,15,27,37,22,21,28,20,16,19,10,197,19,31,29,28,36,21,17,32,32,240,1693,5452,1668,1275,1621,738,442,786,197,13872,Nathan
30305,86,37,310,143,108,100,56,98,13,954,7,4,3,4,3,7,0,12,0,39,26,40,39,18,39,14,43,28,9,244,22,31,48,45,40,26,48,50,72,382,2137,5581,2733,2013,2694,1349,983,1145,325,18967,Rocklea - Acacia Ridge
30905,79,22,234,135,95,95,23,67,7,748,0,4,3,4,0,0,0,3,0,15,14,21,9,26,16,7,3,9,5,114,22,15,31,37,33,29,11,28,29,238,1513,3089,1991,1340,1239,733,324,604,165,11010,Mudgeeraba - Tallebudgera
30906,167,47,551,252,186,194,74,177,20,1655,6,6,3,6,11,0,0,3,0,37,25,23,45,36,25,12,23,22,11,231,42,37,95,45,43,64,55,59,82,527,2409,4612,3943,2669,2523,1570,879,1399,326,20332,Nerang
30907,315,94,836,409,377,312,98,263,36,2743,7,4,0,5,3,13,12,5,3,52,60,61,58,35,53,24,50,30,20,397,92,75,169,87,104,101,83,132,171,1022,5125,7831,7029,4387,4698,2787,1591,2420,593,36460,Ormeau - Oxenford
31503,46,5,81,39,37,17,17,48,0,291,0,0,3,4,0,0,0,3,0,12,13,9,6,5,10,0,3,9,0,50,54,10,40,23,28,16,18,50,19,261,1018,923,699,548,478,185,208,492,65,4627,Outback - South
31601,116,29,364,204,135,166,34,80,6,1138,3,5,0,0,0,3,0,0,0,16,20,29,26,36,37,17,12,13,3,193,25,28,50,27,39,38,10,40,45,308,2104,5025,2774,2055,2051,1251,464,846,194,16770,Buderim
31602,185,42,579,274,185,228,58,136,11,1696,0,0,0,3,5,16,5,11,0,46,35,44,29,36,29,15,31,16,16,249,30,44,87,59,55,58,45,81,79,541,2696,5707,4377,2974,2648,1693,798,1443,312,22641,Caloundra
31603,154,29,539,241,112,150,41,134,12,1405,4,0,3,3,7,8,0,10,0,25,25,29,26,22,21,11,11,18,10,176,31,25,71,54,23,49,19,43,62,374,2116,4718,3321,2352,1888,1324,541,1149,263,17669,Maroochy
31605,161,36,423,172,101,101,30,88,10,1117,0,0,3,0,0,7,0,0,0,13,9,29,19,17,14,14,6,6,3,119,28,21,53,27,22,38,10,35,37,266,1750,3181,2015,1501,1221,936,298,706,158,11769,Noosa
31606,123,25,313,121,100,84,30,94,12,905,7,3,9,0,0,0,3,0,0,20,24,33,23,17,18,12,17,15,0,166,63,37,83,51,30,52,43,65,48,472,1828,3469,2850,1698,1505,880,674,1035,210,14144,Sunshine Coast Hinterland
31607,93,15,316,119,91,68,41,92,9,841,0,3,4,0,3,0,4,4,0,17,18,14,31,15,13,8,13,17,8,126,22,25,55,31,20,31,23,54,52,320,1337,2931,2525,1610,1366,750,484,934,178,12116,Nambour
31608,45,16,147,68,38,44,20,39,5,428,0,0,0,0,0,0,0,0,0,4,5,9,12,9,7,3,7,4,3,60,16,11,36,16,17,20,17,20,18,170,772,1585,1201,776,627,387,274,452,88,6162,Noosa Hinterland
31801,62,13,194,77,56,39,51,81,3,582,0,0,3,3,0,0,3,3,0,18,14,11,9,11,12,9,13,10,0,91,55,34,52,53,28,45,47,81,38,437,1292,1904,1972,1174,791,386,794,840,125,9279,Charters Towers - Ayr - Ingham
31802,348,80,1136,650,353,320,172,308,26,3381,4,8,11,9,4,19,4,13,3,83,129,141,82,142,98,34,96,57,32,808,90,110,187,158,125,105,138,191,190,1294,5755,15044,10428,7769,6165,2741,2763,3013,680,54359,Townsville
31901,134,28,448,220,107,124,70,172,17,1320,0,3,4,4,3,8,0,6,0,27,27,26,35,25,19,12,36,34,8,217,52,31,71,60,54,56,64,113,92,606,2128,4612,3586,2707,1901,1120,1039,1767,267,19119,Bundaberg
31902,104,12,173,97,54,71,46,113,3,658,0,0,0,3,0,0,3,8,5,18,18,11,8,12,15,7,22,13,3,105,76,16,53,46,28,37,66,125,54,501,1487,1876,1645,1411,908,509,703,1156,146,9844,Burnett
31903,75,13,277,109,54,87,36,124,3,782,0,3,0,3,0,3,0,0,0,16,13,15,18,17,16,7,11,17,3,125,47,18,57,28,21,44,37,79,48,382,1254,1992,2124,1455,1076,683,640,1014,157,10401,Gympie - Cooloola
31904,105,26,332,169,74,122,27,111,3,975,0,0,3,3,0,0,0,4,0,17,15,34,17,23,7,6,13,18,4,136,22,32,52,44,21,30,29,55,45,330,1123,3124,2102,2077,1125,845,453,883,137,11868,Hervey Bay
30306,88,25,300,104,56,74,64,104,10,820,0,0,0,7,5,4,6,17,0,44,26,32,23,18,23,13,26,33,5,203,37,21,37,40,31,18,27,40,56,303,1682,4599,1944,1673,1888,1158,718,1217,243,15112,Sunnybank
30401,52,12,145,81,67,42,15,29,5,449,0,0,0,0,7,3,0,0,0,15,20,33,17,13,22,6,11,10,3,130,24,34,19,7,33,13,9,10,37,182,1837,4688,1422,1093,1653,661,277,387,164,12178,Centenary
30402,70,13,124,63,67,50,14,29,3,442,4,3,0,0,6,0,0,0,0,13,44,71,15,20,30,14,4,10,13,227,25,35,26,24,18,13,4,5,32,189,3135,7685,1444,1168,1958,814,212,385,229,17034,Kenmore - Brookfield - Moggill
30403,70,21,125,82,62,41,8,32,6,453,0,3,0,8,4,3,0,4,0,27,37,60,14,27,28,21,3,10,6,200,26,57,16,25,16,19,12,9,33,211,2536,8935,1280,1419,1877,955,208,615,240,18057,Sherwood - Indooroopilly
30404,77,31,232,138,109,64,33,48,11,738,4,3,0,0,3,5,0,3,0,17,58,68,16,50,51,13,11,9,16,294,36,37,34,30,36,11,10,23,40,254,2729,7036,2074,1997,2332,797,357,571,225,18122,The Gap - Enoggera
30501,144,55,510,206,124,105,16,110,10,1285,4,3,8,22,8,9,3,7,0,69,74,130,31,44,53,31,10,19,11,408,44,87,34,50,46,35,12,45,80,433,4319,12698,2339,2574,3109,1648,394,1696,415,29195,Brisbane Inner
30502,107,44,241,146,91,60,16,38,13,754,0,3,5,0,3,3,0,3,0,17,47,70,13,25,29,15,9,12,6,223,23,26,34,28,23,13,5,27,44,222,3213,7217,1731,1282,2133,923,274,536,238,17548,Brisbane Inner - East
30503,188,59,521,246,203,167,36,103,15,1536,6,9,3,7,12,13,0,15,3,65,70,156,32,49,85,42,16,28,23,496,69,87,67,32,70,42,20,39,109,527,5811,15644,3233,2748,4350,2160,618,1332,518,36416,Brisbane Inner - North
30504,101,36,273,134,75,66,14,41,3,733,3,0,0,6,6,6,0,3,0,22,55,109,16,36,56,22,3,11,11,315,32,57,26,21,45,22,3,13,50,269,3967,11826,1735,1593,2587,1191,249,544,245,23936,Brisbane Inner - West
30601,167,33,414,225,131,154,50,102,12,1280,8,5,0,3,0,8,0,0,0,21,26,44,36,40,29,12,16,10,6,222,47,36,63,45,45,49,34,50,77,441,2312,5487,3143,2406,2115,1108,621,938,267,18395,Cairns - North
30602,245,58,805,389,251,244,135,265,26,2425,10,5,8,5,7,3,0,5,0,45,44,65,49,58,41,20,25,37,10,349,73,68,146,132,72,102,83,159,126,957,3052,7101,5423,4198,3324,1998,1275,1918,471,28772,Cairns - South
30603,64,3,167,60,34,45,38,104,0,527,3,3,6,0,0,0,0,3,0,21,18,18,0,14,8,5,7,26,3,101,53,24,50,43,29,30,38,117,36,418,1140,1446,1490,965,747,408,547,988,128,7857,Innisfail - Cassowary Coast
30604,68,4,187,82,30,40,5,44,3,475,0,0,0,0,0,0,0,0,0,7,3,5,6,9,8,0,0,3,0,31,18,10,27,18,8,13,4,31,22,155,555,590,701,534,311,255,137,378,53,3521,Port Douglas - Daintree
30605,90,7,198,86,66,70,36,71,5,630,0,3,0,0,0,0,0,5,0,12,22,24,13,20,18,6,9,8,5,115,59,35,55,54,32,38,38,79,45,437,1386,2195,1758,1369,1019,538,471,859,134,9735,Tablelands (East) - Kuranda
30701,97,10,228,94,61,56,49,93,4,696,4,3,4,0,0,0,0,0,0,16,23,22,13,21,23,8,22,18,6,146,88,15,64,55,32,48,55,106,47,516,2263,2131,2018,1198,1133,531,783,1063,150,11272,Darling Downs (West) - Maranoa
30702,85,14,207,60,70,61,40,113,12,649,3,0,3,0,0,0,5,8,0,25,21,5,19,12,17,5,16,21,5,128,84,19,66,50,45,39,64,129,43,529,1686,1786,2189,1039,1083,463,739,1107,157,10250,Darling Downs - East
30703,83,12,218,91,48,64,38,95,4,657,5,0,0,3,0,0,3,0,4,16,15,15,12,5,17,3,15,19,0,105,51,14,63,45,31,33,40,90,42,403,1431,1841,1629,1145,883,498,568,959,130,9077,Granite Belt
30801,53,4,126,58,58,38,77,42,3,462,4,0,0,0,0,0,0,3,0,11,18,5,24,7,11,0,23,7,3,102,33,16,54,30,24,32,63,71,24,345,1069,1394,1931,612,741,314,1033,555,96,7741,Central Highlands (Qld)
30803,174,44,643,278,197,202,141,203,20,1916,6,3,14,15,4,6,4,15,3,66,41,55,47,36,60,7,63,27,7,347,73,61,151,107,76,79,123,169,101,938,2986,7227,6685,3872,3219,1427,1923,1797,365,29505,Rockhampton
30804,29,5,72,33,28,27,25,40,0,259,0,0,0,0,0,3,0,3,0,11,8,0,4,0,0,0,7,3,3,33,34,4,20,12,11,8,30,42,18,179,629,655,916,294,346,130,369,345,54,3740,Biloela
30805,80,15,287,121,93,97,107,104,5,913,7,4,3,0,0,3,9,7,0,33,21,28,33,28,19,10,60,24,4,221,43,29,120,46,33,36,86,84,69,549,1670,3401,4840,1637,1563,727,1539,1319,263,16965,Gladstone
30901,211,56,566,305,198,199,41,105,17,1702,3,0,10,4,3,3,3,3,3,30,52,49,30,25,27,18,16,14,8,243,55,46,92,69,63,49,40,55,80,546,3006,6040,3412,2517,2350,1678,507,1152,321,20988,Broadbeach - Burleigh
30902,145,41,369,223,132,164,34,128,17,1251,0,3,4,3,3,4,3,0,0,20,27,37,35,21,29,23,12,10,4,194,47,43,65,68,47,55,23,60,55,461,1974,4489,3107,2260,1756,1236,512,1058,238,16625,Coolangatta
30903,150,45,530,243,159,166,45,139,17,1504,0,0,3,3,3,3,3,7,0,31,36,42,25,25,25,12,24,15,9,200,40,38,75,59,44,74,45,76,83,537,2296,4481,3143,2395,2232,1650,649,1232,299,18379,Gold Coast - North
30904,43,3,134,55,36,31,11,39,5,358,3,0,0,4,0,0,0,0,3,13,16,22,7,6,13,3,10,9,0,81,25,25,36,13,23,19,6,32,12,188,856,1528,1098,632,625,323,222,386,98,5770,Gold Coast Hinterland
30908,146,43,402,238,142,159,40,95,11,1275,4,3,3,0,3,3,0,3,0,23,19,31,27,13,17,15,9,12,7,166,34,31,52,44,38,52,26,49,55,383,1977,4167,2348,2003,1883,1478,430,853,229,15367,Robina
30909,146,47,469,268,138,140,34,146,16,1403,0,3,3,7,7,11,4,13,3,43,20,42,30,13,27,25,17,17,6,187,32,32,78,44,37,37,36,78,68,449,1929,4630,2779,2305,1919,1444,582,1260,284,17120,Southport
30910,167,39,381,213,97,123,39,94,9,1161,3,0,9,3,4,9,0,9,0,43,27,26,11,28,12,17,18,15,5,157,37,28,40,34,29,33,15,36,54,312,1984,3308,1644,1541,1323,1337,351,1024,221,12731,Surfers Paradise
31001,92,26,315,201,95,110,62,96,10,1007,4,0,10,4,3,4,8,7,0,42,23,36,31,31,36,13,38,31,6,241,30,43,85,74,43,48,74,103,86,579,1776,4951,2677,2461,2250,1072,1039,1270,303,17797,Forest Lake - Oxley
31002,101,16,299,150,83,87,57,125,11,934,3,0,3,5,3,3,3,10,0,31,20,25,27,32,24,10,47,17,3,208,59,40,87,85,58,55,79,122,70,656,1750,2563,3030,2117,1604,732,1033,1356,223,14398,Ipswich Hinterland
31003,182,52,524,284,202,216,96,182,13,1750,4,7,3,11,7,12,8,9,3,59,52,69,67,49,58,17,61,39,24,432,51,52,128,89,76,73,115,151,127,860,2789,6330,5356,4121,3519,1660,1523,1982,464,27741,Ipswich Inner
31004,167,39,428,228,179,156,92,128,10,1425,4,4,3,4,3,14,10,11,3,56,29,46,34,44,34,20,60,27,9,302,35,31,99,84,82,44,99,127,127,728,2352,5024,4173,3268,3137,1373,1566,1681,389,22977,Springfield - Redbank
31101,28,7,79,47,27,15,22,32,3,251,0,0,3,0,0,0,0,0,0,5,4,3,8,4,3,0,7,4,3,34,14,9,28,13,17,16,21,30,12,170,389,514,612,401,325,165,213,339,38,2982,Beaudesert
31102,46,14,200,118,88,87,52,85,4,701,0,4,3,3,4,0,0,4,0,18,9,22,25,12,18,0,21,17,3,131,32,10,69,24,34,30,42,58,59,368,915,1622,1969,1352,1217,670,685,952,157,9538,Beenleigh
31103,116,28,381,189,142,122,107,147,10,1227,0,3,3,4,8,6,7,5,0,38,25,24,41,23,16,8,61,34,10,245,44,32,116,63,69,49,128,122,114,735,1720,3001,3958,2672,2596,1251,1793,1761,325,19081,Browns Plains
31104,77,27,258,117,122,91,56,96,6,842,0,0,4,3,5,3,3,0,0,25,23,20,31,20,23,15,41,11,9,181,30,25,90,45,54,35,45,57,47,426,1522,2353,3248,1551,1855,777,912,967,180,13366,Jimboomba
31105,100,37,289,161,134,146,55,124,9,1047,4,0,0,0,3,3,0,5,4,18,30,34,24,38,32,14,23,29,11,238,37,26,100,45,51,46,75,93,84,557,1860,3684,3362,2172,2281,1078,947,1281,259,16927,Loganlea - Carbrook
31106,111,37,319,147,141,136,86,120,12,1104,3,3,7,12,6,3,4,10,0,52,33,46,31,33,47,12,49,35,19,307,36,43,71,75,56,34,91,114,117,652,1876,4812,3389,2476,2538,1232,1253,1536,322,19437,Springwood - Kingston
31201,54,5,201,50,62,33,99,73,0,575,0,3,0,3,3,3,0,16,0,28,9,12,9,6,11,8,29,6,3,92,38,11,77,18,14,30,94,125,34,445,1025,1435,2329,691,708,279,1318,819,114,8712,Bowen Basin - North
31202,187,60,622,253,198,209,199,200,18,1953,3,7,5,0,0,9,3,18,0,49,36,57,60,28,49,11,71,32,12,360,99,49,227,81,63,93,176,169,143,1104,3432,6919,8655,3086,3114,1521,2956,2023,487,32196,Mackay
31203,110,25,298,147,63,45,36,84,8,819,3,0,0,0,0,0,0,4,0,8,16,9,7,15,9,3,8,12,3,78,30,24,49,15,22,27,20,24,28,240,965,1151,1560,865,598,401,450,595,91,6679,Whitsunday
31301,49,16,147,77,50,35,20,54,6,443,0,0,0,0,3,4,3,3,0,10,11,13,11,16,11,7,18,4,6,89,14,17,51,36,23,27,21,43,34,262,685,1334,1260,975,705,454,398,507,101,6415,Bribie - Beachmere
31302,111,27,361,166,128,148,81,192,8,1228,3,3,0,0,3,6,0,18,0,44,32,19,26,20,33,3,34,34,12,220,32,26,107,61,37,48,69,125,98,606,1404,2441,3251,2483,1861,1156,1040,1870,296,15799,Caboolture
31303,19,9,61,40,30,12,20,48,3,232,0,0,0,0,0,0,0,3,0,3,8,3,9,3,0,0,0,3,4,28,14,11,28,16,15,13,23,45,12,171,371,484,594,404,300,175,200,391,41,2959,Caboolture Hinterland
31304,83,32,341,165,146,125,43,102,12,1042,3,0,0,3,6,6,0,3,0,29,24,22,37,23,31,12,38,21,8,215,44,31,104,46,60,61,77,68,60,550,1701,3237,3705,2411,2228,1098,948,1282,238,16853,Narangba - Burpengary
31305,118,36,340,180,108,94,45,107,14,1031,4,3,0,3,3,6,4,10,0,28,28,36,21,23,34,11,22,16,8,200,32,44,67,45,52,48,59,75,71,494,1790,3641,2860,2180,1983,981,688,1077,271,15471,Redcliffe
31401,162,61,438,249,216,134,32,96,11,1398,4,4,6,0,5,3,3,5,0,29,62,91,51,70,62,23,20,19,14,409,60,60,98,57,88,56,33,52,94,597,4815,9864,5048,3335,4247,1546,789,1096,414,31156,The Hills District
31402,188,41,459,248,178,190,76,143,10,1536,0,5,3,0,8,3,3,5,0,27,29,42,38,42,41,16,23,18,19,267,41,33,71,48,60,42,57,75,70,490,2587,5161,3930,3078,3066,1568,1030,1327,292,22045,North Lakes
31403,64,14,269,116,92,69,40,85,4,750,0,0,0,0,0,4,0,5,0,17,14,23,19,19,24,7,18,20,9,151,19,19,55,36,30,24,29,45,54,309,1000,2142,2221,1554,1602,671,634,759,152,10734,Strathpine
31501,41,13,70,58,26,20,38,46,8,329,4,0,0,0,3,0,0,3,0,14,16,10,7,11,22,5,10,15,3,94,50,62,63,84,49,26,55,106,54,544,925,1459,1251,952,732,222,560,632,152,6883,Far North
31502,48,12,144,44,42,32,67,42,5,434,0,0,3,0,3,3,0,3,0,15,14,18,14,21,8,4,19,6,4,112,26,25,69,48,31,12,49,45,47,356,872,1766,2074,843,710,283,812,543,133,8040,Outback - North
31701,272,67,890,443,323,280,111,291,12,2687,12,10,11,13,8,7,0,20,3,80,69,87,49,75,58,29,57,50,16,492,108,79,172,127,105,109,98,177,121,1084,4808,12135,7754,5299,5085,2398,1819,3024,428,42750,Toowoomba
31905,64,19,216,103,54,47,25,76,4,610,0,0,3,0,4,0,0,0,0,6,10,11,16,17,7,4,21,18,4,102,28,14,47,46,34,37,37,65,42,351,825,1675,1663,1428,988,487,487,743,110,8414,Maryborough
40204,200,40,772,303,218,249,109,273,20,2186,3,0,11,8,9,3,10,14,3,53,36,52,45,65,50,32,68,56,22,425,55,45,162,100,103,91,123,184,122,995,2883,6597,6224,5472,4061,2168,2017,2884,555,32859,Salisbury
40205,148,49,571,211,207,203,59,146,12,1605,0,4,6,5,7,3,0,10,0,38,26,63,37,45,43,16,32,25,11,299,51,37,119,86,69,53,46,72,92,624,3295,7954,5357,3946,4025,1718,992,1513,367,29163,Tea Tree Gully
40303,108,38,264,113,92,70,8,62,3,755,0,3,0,0,8,4,0,4,0,20,47,72,26,37,48,24,12,12,6,282,43,53,36,44,37,32,26,28,36,334,3300,9684,2340,2194,2531,1077,312,771,243,22461,Mitcham
40101,44,13,146,69,20,15,0,21,0,346,0,0,0,3,0,5,0,3,0,14,26,37,6,15,16,10,5,0,4,108,14,27,17,5,13,17,0,13,15,117,1078,3291,522,675,768,403,75,259,94,7164,Adelaide City
40102,164,33,460,149,125,116,38,109,4,1199,3,5,3,0,6,0,0,6,0,26,52,76,26,38,41,21,26,17,9,307,81,63,109,75,74,59,47,86,42,636,3727,8163,3846,2746,2705,1273,699,1234,273,24671,Adelaide Hills
40105,81,11,207,73,48,46,6,52,3,530,4,0,4,0,0,0,0,0,0,9,34,63,11,27,21,8,0,9,9,190,25,38,13,21,26,17,3,20,37,194,1840,5705,1165,1151,1457,624,176,484,175,12775,Norwood - Payneham - St Peters
40107,81,28,210,73,53,39,9,21,7,528,4,0,3,3,0,0,0,0,0,11,20,57,17,24,30,13,7,0,3,168,22,32,20,16,21,21,6,13,27,169,2324,6738,1077,1139,1473,728,132,396,175,14182,Unley
40201,57,14,187,89,65,61,32,72,3,578,0,0,0,0,0,0,3,0,0,14,18,13,14,14,12,6,16,16,7,109,29,17,34,28,23,20,30,45,33,262,1077,1998,1862,1431,1112,559,479,677,146,9336,Gawler - Two Wells
40202,105,26,433,165,126,137,62,177,15,1239,7,4,0,4,0,3,5,4,3,35,33,29,25,37,21,13,41,33,10,235,49,38,103,92,59,66,88,127,94,710,1600,2864,3586,3281,2058,1265,1150,1672,311,17789,Playford
40203,100,28,436,161,97,91,52,115,15,1095,4,4,3,0,3,3,7,5,3,36,31,46,41,57,37,26,25,50,11,322,33,45,48,42,35,33,49,75,82,432,2048,6227,2855,2641,2436,1204,860,1586,289,20140,Port Adelaide - East
40304,314,78,1188,430,311,380,116,283,29,3132,3,11,3,11,7,14,3,19,5,64,67,94,85,79,108,21,66,54,22,598,90,76,216,164,125,139,96,172,162,1237,5174,11098,9558,7554,6023,3151,1850,3055,634,48097,Onkaparinga
40401,217,49,732,318,204,202,68,156,18,1976,6,9,5,6,7,0,8,9,8,53,61,101,39,63,75,35,39,28,14,445,71,84,121,104,102,97,67,111,99,856,4147,10042,5024,3965,4220,1927,1148,1798,449,32715,Charles Sturt
40402,65,24,373,164,107,96,34,98,11,977,0,3,3,12,3,3,3,12,3,32,34,34,25,34,34,14,20,25,8,222,38,29,67,70,46,45,49,67,65,462,1661,4063,2671,2332,1842,880,714,1111,240,15519,Port Adelaide - West
40104,80,19,373,110,86,88,25,64,6,855,0,0,0,0,3,0,0,3,0,10,36,52,22,33,38,21,21,17,10,251,42,27,52,35,46,32,30,32,42,347,1919,5398,2231,1751,1971,957,433,824,222,15702,Campbelltown (SA)
40106,54,13,135,49,47,40,8,31,3,376,0,3,0,0,0,3,0,0,0,8,37,29,12,12,24,15,3,8,3,144,14,24,26,11,19,16,7,16,23,156,1618,4289,1004,845,1140,559,235,412,126,10220,Prospect - Walkerville
40403,131,40,433,173,128,98,42,103,10,1160,0,0,3,3,4,3,0,9,0,34,20,59,27,39,42,19,26,34,6,267,42,53,57,48,43,46,30,42,48,401,2438,6466,2766,2518,2496,1248,675,1221,255,20088,West Torrens
40501,86,14,242,88,54,60,19,102,0,654,7,0,3,3,0,0,0,4,0,18,21,23,16,17,14,3,14,16,5,131,57,23,84,31,27,24,39,95,28,409,1603,2131,1905,1234,1061,534,481,1095,118,10166,Barossa
40502,47,3,115,27,29,24,17,61,3,324,3,0,0,0,0,0,0,8,3,10,8,7,7,4,7,0,4,12,5,52,43,10,30,15,24,8,32,43,11,229,1088,1045,833,631,523,256,317,599,67,5362,Lower North
40503,36,3,111,45,27,35,36,34,3,315,0,0,0,0,0,0,0,3,0,3,4,6,7,12,6,6,6,9,5,50,49,14,36,26,14,26,25,40,27,247,907,1338,1048,946,516,284,395,451,81,5961,Mid North
40504,52,6,139,36,23,33,16,50,0,372,0,0,3,0,0,0,0,0,0,9,4,9,5,5,0,0,7,3,0,40,41,9,31,32,24,26,25,41,22,255,792,989,942,767,452,297,246,471,84,5033,Yorke Peninsula
40601,91,18,295,122,69,99,57,81,9,851,3,3,3,0,0,4,3,4,0,20,17,15,20,17,11,6,18,13,13,122,92,40,79,58,37,59,68,101,47,572,1909,3008,2709,1837,1284,682,940,1067,236,13669,Eyre Peninsula and South West
40602,31,4,124,49,32,29,24,38,6,339,0,4,0,4,0,0,3,3,0,11,14,4,12,11,3,3,16,14,8,75,32,25,43,54,22,12,37,37,42,311,705,1397,1379,938,561,227,589,463,136,6397,Outback - North and East
40701,117,14,302,119,51,87,28,87,13,820,0,0,0,3,3,5,0,5,0,15,21,19,22,21,16,4,14,15,0,136,65,30,57,64,31,47,32,63,29,432,1729,2507,2095,1816,1213,746,497,965,157,11719,Fleurieu - Kangaroo Island
40702,143,18,363,160,90,137,37,174,18,1144,3,3,3,8,3,0,0,20,0,40,30,23,11,18,12,8,22,22,6,159,102,30,76,70,37,62,73,152,56,651,2728,3306,2991,2112,1614,1043,883,1717,200,16597,Limestone Coast
40703,133,15,372,143,85,101,51,176,7,1087,3,0,3,0,8,4,0,14,3,37,24,6,16,10,7,3,36,30,3,144,116,43,98,80,49,73,77,198,73,804,2436,2713,2601,2233,1470,912,852,2033,220,15472,Murray and Mallee
50101,177,22,473,159,92,94,72,134,15,1241,3,0,3,0,0,5,0,3,0,22,21,20,14,16,10,17,19,14,3,128,53,26,83,46,44,57,40,58,52,458,2106,3259,3218,1753,1405,1014,710,1313,198,14971,Augusta - Margaret River - Busselton
50102,129,38,570,233,175,162,148,243,15,1708,0,0,7,4,4,3,0,13,3,39,35,59,63,30,27,20,50,24,13,323,77,45,172,84,77,72,120,174,100,923,2741,5997,6887,3283,2816,1512,1972,2327,405,27939,Bunbury
50103,42,8,100,45,40,27,21,48,3,333,3,0,3,3,0,3,0,3,0,12,10,5,4,10,0,0,3,4,0,44,56,7,44,22,16,21,38,57,26,289,1010,1109,1086,610,498,302,374,537,74,5612,Manjimup
50201,171,33,549,243,161,169,145,160,30,1658,0,3,3,3,7,5,5,3,0,32,23,41,42,25,11,19,39,19,8,238,45,36,126,68,73,51,87,78,89,650,2257,4520,5608,3002,2220,1433,1637,1621,380,22678,Mandurah
50301,88,18,152,78,51,42,3,26,0,458,0,5,0,0,0,3,0,3,0,15,72,102,16,15,40,21,3,6,8,289,48,68,24,20,25,24,8,19,56,285,4738,12486,1262,1397,2331,1110,207,476,380,24387,Cottesloe - Claremont
50302,244,64,795,273,168,119,45,114,12,1840,9,0,12,16,12,3,8,21,0,79,85,182,35,66,80,28,16,33,22,551,69,118,86,71,56,50,21,65,100,637,6705,19447,4133,3472,4391,2111,662,1796,548,43268,Perth City
50401,168,38,576,231,189,138,82,135,14,1580,6,3,13,8,3,5,5,13,4,55,46,81,28,55,64,15,28,21,10,336,50,65,105,68,70,50,66,63,91,624,3320,8756,4643,3019,3351,1558,1105,1502,401,27668,Bayswater - Bassendean
50402,61,19,201,99,65,63,47,49,9,609,0,5,3,0,0,4,0,3,0,22,20,31,31,19,26,5,9,8,8,159,28,27,70,25,32,28,37,48,49,349,1551,3323,2550,1391,1362,572,610,664,196,12216,Mundaring
50403,266,67,850,459,328,259,209,226,23,2694,8,5,6,15,9,14,11,12,3,77,50,68,79,90,64,33,79,46,18,526,84,66,176,106,108,101,134,121,144,1043,4027,7666,7989,5047,4771,2360,2500,2324,585,37276,Swan
50501,261,86,808,407,391,313,108,205,25,2605,0,6,11,8,10,7,0,6,0,52,90,117,81,87,73,32,30,31,18,558,90,110,191,104,130,96,51,91,147,1005,7571,17175,9926,5536,6638,3070,1481,2244,759,54405,Joondalup
50502,384,103,1200,561,378,324,182,236,32,3405,14,11,11,13,8,5,12,30,8,108,121,150,98,93,110,65,58,69,20,784,100,149,206,146,137,104,91,164,214,1308,8946,22855,10056,6866,7674,3876,2201,3428,890,66791,Stirling
50503,359,112,1306,644,547,449,176,368,29,3983,9,6,16,10,9,15,10,25,0,92,69,106,100,120,59,33,68,61,27,634,110,96,299,161,171,162,162,227,228,1626,5869,12274,12524,7370,6962,3493,2662,3754,869,55779,Wanneroo
50601,125,33,429,200,164,169,129,128,6,1388,4,3,4,6,3,3,7,12,0,33,22,29,34,51,40,22,48,14,8,269,39,41,98,72,67,45,80,88,72,601,2233,5214,4885,2970,2904,1390,1601,1443,310,22960,Armadale
50602,132,41,577,247,156,125,93,141,8,1525,3,3,3,4,8,3,7,6,0,37,36,56,44,40,43,18,30,33,16,310,46,37,85,79,50,29,41,71,77,510,2871,7634,4186,2668,2790,1339,1056,1571,347,24450,Belmont - Victoria Park
50603,153,29,542,231,152,131,100,143,10,1496,4,0,12,11,3,8,3,22,0,63,32,69,56,52,54,25,49,41,14,383,47,46,78,64,60,48,59,79,111,588,3210,9676,4550,3286,3437,1792,1390,2067,455,29859,Canning
40103,75,10,161,63,51,46,4,26,4,441,0,0,0,0,0,3,0,0,0,4,41,54,4,21,18,16,0,6,10,173,20,46,25,19,27,14,3,6,28,195,2694,7502,1008,1086,1633,786,147,380,192,15434,Burnside
50604,189,49,744,289,223,186,164,192,32,2057,0,5,21,9,7,3,13,15,0,75,34,49,72,59,47,24,65,44,12,400,66,43,191,82,82,83,125,127,138,941,2981,7379,6783,4074,4069,2014,2235,2351,523,32410,Gosnells
50605,91,26,314,144,159,90,74,96,11,993,0,0,0,3,3,4,11,7,3,37,23,40,34,30,25,19,21,17,6,216,27,30,80,32,59,33,62,41,57,415,2074,4194,3725,1888,2216,868,995,859,261,17079,Kalamunda
50606,53,12,161,73,78,57,52,54,3,552,5,0,3,0,0,0,0,3,0,10,8,10,26,13,12,5,14,6,3,97,17,13,43,27,19,23,37,20,26,223,840,1374,2076,987,948,442,620,481,111,7881,Serpentine - Jarrahdale
50607,66,19,186,73,61,50,19,33,10,506,0,3,3,0,5,0,6,4,0,25,26,53,21,10,23,20,5,4,6,175,20,43,19,16,22,21,12,13,43,208,2560,6832,1580,1198,1820,826,281,518,196,15821,South Perth
50701,220,68,712,294,260,229,108,174,16,2085,3,3,15,4,5,4,3,15,0,59,42,73,77,60,38,14,27,20,14,370,70,75,165,76,91,68,69,110,131,854,3908,9412,7079,3605,4119,1784,1503,1819,522,33765,Cockburn
50702,76,21,198,79,44,41,16,44,3,522,0,5,0,3,3,3,3,3,0,18,35,69,19,23,18,9,3,5,9,186,32,40,24,33,11,13,8,28,43,245,2124,5958,1568,1148,1222,611,290,457,207,13592,Fremantle
50703,66,19,283,109,100,79,65,81,6,807,3,3,0,0,0,0,0,3,0,12,15,14,19,19,15,10,27,9,9,132,20,16,57,24,27,32,70,56,32,338,875,2175,2369,1454,1251,659,768,789,190,10520,Kwinana
50704,155,56,392,213,175,138,36,96,12,1275,4,0,6,3,5,5,4,7,3,43,64,87,46,42,56,26,12,17,14,374,58,73,83,42,63,40,23,39,98,514,5675,14080,4101,2879,4157,1910,763,1278,462,35293,Melville
50705,231,55,812,407,271,256,164,207,21,2422,3,3,3,6,4,7,8,13,0,52,48,53,84,48,50,15,60,32,23,422,70,61,167,119,75,74,111,144,141,958,3373,6609,8822,4972,3694,1969,2067,2233,587,34321,Rockingham
50901,121,22,296,110,97,85,51,105,9,896,5,4,3,5,3,6,3,3,0,31,18,26,24,27,19,3,20,25,6,166,82,36,84,65,43,38,67,106,52,570,2563,3476,2838,2050,1571,843,738,1401,209,15695,Albany
50902,86,18,190,91,89,61,57,100,7,699,3,3,0,4,3,3,0,6,0,31,30,29,17,20,19,8,29,10,3,174,113,17,110,57,56,42,85,124,51,657,2487,2230,2630,1360,1354,569,960,1243,184,13017,Wheat Belt - North
50903,34,4,66,25,29,10,15,24,3,209,0,3,0,0,3,3,3,0,0,8,11,4,6,12,3,0,9,4,0,45,62,13,40,24,15,20,30,37,28,255,1150,915,804,511,414,194,344,417,73,4811,Wheat Belt - South
51001,82,21,172,104,80,48,21,39,6,571,0,3,3,0,3,0,0,0,0,10,6,28,12,28,14,4,7,11,7,121,45,36,71,92,45,26,27,62,67,471,1206,2513,1428,1348,1034,425,323,648,199,9125,Kimberley
51002,46,11,125,40,43,24,74,62,3,436,4,0,0,5,3,3,6,5,0,21,12,12,22,7,8,6,43,3,3,120,20,20,79,25,28,26,53,33,47,334,762,1391,2970,519,625,226,1208,578,175,8446,East Pilbara
51003,68,15,195,74,83,26,122,119,7,701,3,0,3,0,3,0,4,7,0,18,21,24,41,30,19,4,69,15,0,213,35,21,112,32,33,30,84,65,48,456,1164,2162,4822,770,1049,298,1504,1071,237,13074,West Pilbara
51101,33,8,83,34,23,23,20,19,3,253,0,0,0,0,0,0,0,0,0,11,6,3,6,3,0,7,5,5,0,34,30,16,29,15,13,13,28,39,18,208,726,804,816,383,433,212,300,334,54,4065,Esperance
51102,23,4,55,20,26,22,7,23,3,185,3,0,0,0,0,0,0,5,0,12,3,0,0,5,7,0,0,4,0,23,12,13,21,9,11,10,5,18,15,123,395,503,530,306,286,120,103,271,60,2571,Gascoyne
51103,58,18,183,82,73,55,105,58,3,620,0,0,6,3,3,0,7,3,0,23,4,7,26,23,14,10,41,7,9,146,17,28,73,35,17,27,97,67,62,419,1020,2270,3060,1023,858,400,1350,597,173,10755,Goldfields
51104,85,22,285,121,85,83,51,101,13,852,3,0,4,0,0,3,3,5,0,26,18,31,17,32,5,13,22,20,8,165,51,41,91,54,33,39,74,78,54,518,1875,3134,2991,1624,1381,630,905,1136,247,13916,Mid West
60101,36,7,128,43,31,32,13,31,0,328,0,0,0,0,0,0,0,0,0,5,8,8,8,13,4,5,3,9,0,52,12,11,32,23,24,18,24,40,19,203,416,529,868,653,499,244,197,284,59,3752,Brighton
60102,102,15,342,170,145,87,39,71,9,981,0,3,3,0,3,3,0,6,0,20,25,45,20,28,38,12,7,5,7,184,36,39,54,52,48,28,23,57,43,380,2012,4689,2563,1992,2148,812,359,641,235,15445,Hobart - North East
60103,87,24,425,167,95,95,44,120,14,1070,0,3,0,6,0,7,3,10,0,33,20,26,18,26,22,5,26,14,8,178,36,23,86,63,36,46,48,80,53,466,1185,2467,2575,2182,1724,776,600,859,223,12585,Hobart - North West
60104,58,16,201,89,69,54,16,35,5,535,0,0,3,0,0,5,3,0,0,13,25,42,20,18,26,9,9,8,0,153,25,29,34,25,24,19,11,30,29,219,1510,3702,1612,1226,1345,520,183,390,158,10644,Hobart - South and West
60105,132,23,330,136,84,72,11,67,8,864,6,3,3,8,4,0,0,8,0,25,59,105,15,43,48,20,3,19,12,324,29,61,20,35,37,25,5,24,35,276,2597,8434,1698,1814,1990,831,217,588,258,18416,Hobart Inner
60106,33,8,133,58,40,44,7,26,11,348,0,0,0,0,0,0,0,0,0,3,7,15,9,12,13,0,3,3,3,60,13,10,31,16,13,19,12,21,21,167,565,892,929,621,565,282,190,270,81,4385,Sorell - Dodges Ferry
60201,159,44,536,243,143,158,63,144,4,1495,0,3,4,4,4,0,3,7,4,25,25,52,32,32,32,18,15,23,15,246,38,44,96,78,55,55,61,95,68,600,2541,6659,3539,2949,2420,1291,792,1223,290,21696,Launceston
60202,33,10,140,46,35,30,15,36,0,346,3,0,0,0,0,0,0,0,3,9,19,10,7,8,0,3,9,6,3,65,52,15,45,32,23,18,31,39,18,273,902,1240,1051,740,545,256,329,434,78,5571,Meander Valley - West Tamar
60203,68,8,217,82,62,65,33,89,0,615,0,4,0,3,0,0,0,0,3,8,29,17,10,9,12,3,14,7,4,99,60,22,76,36,42,33,69,82,36,450,1402,1616,1625,981,835,461,490,735,126,8274,North East
60301,24,3,53,20,16,18,5,27,0,169,4,0,0,0,0,0,0,0,3,9,4,10,6,0,7,3,4,0,0,36,14,12,28,16,10,11,14,33,12,152,411,399,530,359,261,116,159,223,52,2498,Central Highlands (Tas.)
60302,32,6,107,47,32,15,12,45,3,304,0,0,0,0,0,0,0,0,0,6,14,15,3,9,10,3,0,7,3,70,32,21,36,17,18,21,22,37,23,225,745,1187,915,601,561,225,211,447,89,4989,Huon - Bruny Island
60303,20,3,66,29,11,13,3,22,0,171,0,0,0,0,0,0,0,0,0,0,10,3,0,3,0,7,0,0,0,17,13,0,13,9,3,7,10,26,8,85,281,248,252,201,130,92,47,189,18,1457,South East Coast
40302,174,42,599,257,179,171,35,135,14,1621,3,3,3,8,3,3,0,8,0,32,45,90,35,64,62,18,26,10,11,371,39,50,114,69,79,60,27,89,99,627,3156,8899,4606,4063,3643,1790,799,1511,370,28836,Marion
60401,74,19,274,121,75,94,32,88,11,796,0,3,0,0,0,4,4,0,0,10,10,31,18,8,11,3,12,12,4,108,41,26,68,60,39,50,59,86,45,479,1287,2558,2312,1669,1256,668,630,842,184,11403,Burnie - Ulverstone
60402,77,30,338,149,61,79,30,98,0,872,6,0,3,0,4,0,3,6,3,16,17,22,11,14,16,11,8,14,0,112,36,31,66,38,34,55,54,81,38,436,1321,2351,2197,1572,1115,629,505,871,173,10735,Devonport
60403,40,5,84,49,31,24,20,67,11,328,0,3,0,0,0,0,0,0,0,4,7,7,4,3,0,3,6,5,0,43,50,9,23,14,10,24,27,51,22,229,806,687,744,437,353,172,268,538,89,4095,West Coast
70101,85,28,266,133,78,43,25,49,6,710,0,3,9,3,3,3,0,3,0,27,34,33,19,36,16,7,8,17,6,172,38,27,42,21,19,17,3,31,41,240,1959,3402,1961,1168,1282,461,220,561,161,11184,Darwin City
70102,84,23,278,124,133,80,36,70,13,832,0,3,5,5,4,3,7,18,5,45,42,60,37,60,36,13,22,18,8,299,42,46,98,83,52,46,47,82,112,614,2315,5803,2969,2310,2270,888,687,1014,388,18637,Darwin Suburbs
70103,40,17,106,54,60,30,41,45,3,400,0,0,5,3,0,0,0,3,0,16,15,16,19,27,14,3,21,17,0,142,32,28,85,34,49,25,43,61,30,374,964,1226,2319,766,917,260,472,526,140,7599,Litchfield
70104,65,28,200,118,100,60,44,60,16,697,0,0,3,3,3,0,0,6,0,17,24,21,33,59,30,5,16,9,12,202,30,21,63,37,55,34,42,38,60,388,1282,2141,2580,1631,1660,550,580,636,233,11303,Palmerston
40301,78,7,177,87,66,54,7,34,5,515,0,0,3,0,0,0,0,0,0,4,20,34,12,11,23,9,5,8,3,133,23,32,30,26,30,24,0,8,30,200,1834,4171,1305,1307,1400,676,177,394,141,11405,Holdfast Bay
70201,73,31,191,136,100,66,28,59,4,690,3,3,0,3,0,4,0,4,0,17,20,44,9,44,23,8,3,4,9,164,29,57,35,79,34,14,32,61,45,388,1331,3108,1340,1810,1157,390,313,581,219,10256,Alice Springs
70202,6,3,16,7,10,3,0,6,0,56,0,0,0,0,0,0,0,0,0,3,4,3,0,3,0,0,0,3,0,16,7,7,3,19,11,4,0,10,6,81,169,264,127,196,101,25,24,119,29,1059,Barkly
70203,11,10,32,12,9,5,5,6,0,102,0,0,0,0,0,0,0,4,3,12,5,14,3,9,9,0,3,5,4,52,22,37,32,29,21,11,14,26,51,233,298,638,308,312,219,77,117,180,89,2239,Daly - Tiwi - West Arnhem
70204,8,7,18,9,19,9,4,11,7,81,0,3,3,0,0,0,0,0,0,6,7,4,4,10,4,3,8,7,4,53,9,29,15,32,11,7,8,26,46,195,274,709,348,316,232,69,133,103,79,2276,East Arnhem
70205,27,10,71,27,23,15,3,21,10,206,0,0,0,0,0,0,0,0,0,10,8,8,19,25,5,0,5,11,5,78,31,36,25,59,34,16,21,54,58,336,523,1013,695,623,432,150,132,308,122,4001,Katherine
80101,146,54,505,231,214,116,46,69,27,1409,3,4,4,0,0,3,0,7,0,18,106,129,36,74,138,13,20,31,34,586,52,91,67,70,89,34,27,55,92,567,5468,12432,3823,3510,5445,1394,613,1134,829,34648,Belconnen
80103,3,0,9,0,3,3,0,0,0,21,0,0,0,0,0,0,0,0,0,0,0,0,0,0,0,0,0,0,0,3,0,0,3,0,3,0,3,3,5,23,55,65,60,34,32,10,21,28,11,313,Canberra East
80104,155,47,466,173,214,93,32,75,10,1267,0,3,0,4,0,3,0,3,0,14,98,109,28,73,83,21,14,23,32,481,39,65,47,68,62,34,16,28,65,434,4873,10073,2907,2893,4681,1250,380,783,669,28505,Gungahlin
80105,75,34,199,94,54,30,3,25,6,523,5,3,0,3,3,0,0,5,0,23,105,152,17,45,73,11,0,14,17,434,37,74,32,17,33,19,3,19,79,317,4189,9694,1197,1516,2605,668,121,652,515,21167,North Canberra
80106,40,12,89,33,30,20,0,19,0,245,0,0,0,0,0,0,0,0,0,8,75,72,3,15,37,13,3,7,8,231,28,35,9,4,22,3,0,3,21,133,2789,5634,492,600,1544,341,62,138,302,11897,South Canberra
80107,152,68,479,188,288,110,57,96,19,1455,3,5,4,0,0,3,0,6,3,26,87,96,33,68,81,11,23,13,23,436,66,51,89,72,90,43,33,48,105,591,4728,9017,3959,3064,5271,1078,638,886,749,29397,Tuggeranong
80108,29,10,98,32,40,13,0,10,5,250,0,0,0,0,0,0,0,0,0,3,39,38,10,12,25,7,0,0,3,138,16,21,12,10,9,6,5,11,16,108,1607,3271,733,625,1230,206,83,214,165,8129,Weston Creek
80109,38,12,164,48,51,23,16,19,6,371,3,0,0,0,0,0,0,3,0,15,64,72,4,27,46,15,3,8,15,255,27,29,16,19,25,9,3,10,33,180,2493,5799,933,1061,1812,409,153,364,292,13316,Woden Valley
80110,11,3,25,12,11,8,0,0,0,59,0,0,0,0,0,0,0,0,0,0,8,5,9,3,11,4,0,0,0,47,4,8,6,0,5,3,0,0,3,36,353,1028,174,167,357,80,18,30,44,2259,Molonglo
80111,3,0,3,0,0,3,0,0,0,15,0,0,0,0,0,0,0,0,0,0,0,0,0,0,3,0,0,0,0,7,0,0,0,0,0,0,0,0,0,3,55,68,46,32,32,4,5,6,6,253,Urriarra - Namadgi
90101,0,0,3,0,5,0,3,4,0,22,0,0,0,0,0,0,0,0,0,0,0,0,7,0,0,0,0,0,0,11,0,0,7,5,3,0,9,0,0,29,81,73,109,77,62,9,37,48,14,505,Christmas Island
90102,0,0,0,0,0,0,0,0,0,3,0,0,0,0,0,0,0,0,0,0,0,0,0,0,0,0,0,0,0,0,0,3,0,0,0,0,3,0,0,10,28,31,24,19,22,0,10,11,9,141,Cocos (Keeling) Islands
90103,0,0,0,0,0,0,0,0,0,0,0,0,0,0,0,0,0,0,0,0,0,0,0,0,0,0,3,0,0,4,0,3,0,0,0,0,0,3,0,9,33,17,5,20,3,0,3,5,4,96,Jervis Bay
90104,5,0,26,6,0,10,6,3,0,63,0,0,0,0,0,0,0,0,0,3,0,0,3,0,0,0,0,0,0,10,5,3,6,5,3,4,0,9,3,44,99,92,141,75,66,47,19,55,13,599,Norfolk Island
