SA4_MAIN11,C0_4F_EO_M_EO,C0_4F_EO_M_O_EVWW,C0_4F_EO_M_O_ENWNA,C0_4F_EO_M_O_PENS,C0_4F_EO_M_O_E_T,C0_4F_EO_M_LPENS,C0_4F_EO_M_T,C0_4F_O_EVWW_M_EO,C0_4F_O_EVWW_M_O_EVWW,C0_4F_O_EVWW_M_O_ENWNA,C0_4F_O_EVWW_M_O_PENS,C0_4F_O_EVWW_M_O_E_T,C0_4F_O_EVWW_M_LPENS,C0_4F_O_EVWW_M_T,C0_4F_O_ENWNA_M_EO,C0_4F_O_ENWNA_M_O_EVWW,C0_4F_O_ENWNA_M_O_ENWNA,C0_4F_O_ENWNA_M_O_PENS,C0_4F_O_ENWNA_M_O_E_T,C0_4F_O_ENWNA_M_LPENS,C0_4F_O_ENWNA_M_T,C0_4F_O_PENS_M_EO,C0_4F_O_PENS_M_O_EVWW,C0_4F_O_PENS_M_O_ENWNA,C0_4F_O_PENS_M_O_PENS,C0_4F_O_PENS_M_O_E_T,C0_4F_O_PENS_M_LPENS,C0_4F_O_PENS_M_T,C0_4F_O_E_T_M_EO,C0_4F_O_E_T_M_O_EVWW,C0_4F_O_E_T_M_O_ENWNA,C0_4F_O_E_T_M_O_PENS,C0_4F_O_E_T_M_O_E_T,C0_4F_O_E_T_M_LPENS,C0_4F_O_E_T_M_T,C0_4F_LPENS_M_EO,C0_4F_LPENS_M_O_EVWW,C0_4F_LPENS_M_O_ENWNA,C0_4F_LPENS_M_O_PENS,C0_4F_LPENS_M_O_E_T,C0_4F_LPENS_M_LPENS,C0_4F_LPENS_M_T,C0_4F_T_M_EO,C0_4F_T_M_O_EVWW,C0_4F_T_M_O_ENWNA,C0_4F_T_M_O_PENS,C0_4F_T_M_O_E_T,C0_4F_T_M_LPENS,C0_4F_T_M_T,C5_9F_EO_M_EO,C5_9F_EO_M_O_EVWW,C5_9F_EO_M_O_ENWNA,C5_9F_EO_M_O_PENS,C5_9F_EO_M_O_E_T,C5_9F_EO_M_LPENS,C5_9F_EO_M_T,C5_9F_O_EVWW_M_EO,C5_9F_O_EVWW_M_O_EVWW,C5_9F_O_EVWW_M_O_ENWNA,C5_9F_O_EVWW_M_O_PENS,C5_9F_O_EVWW_M_O_E_T,C5_9F_O_EVWW_M_LPENS,C5_9F_O_EVWW_M_T,C5_9F_O_ENWNA_M_EO,C5_9F_O_ENWNA_M_O_EVWW,C5_9F_O_ENWNA_M_O_ENWNA,C5_9F_O_ENWNA_M_O_PENS,C5_9F_O_ENWNA_M_O_E_T,C5_9F_O_ENWNA_M_LPENS,C5_9F_O_ENWNA_M_T,C5_9F_O_PENS_M_EO,C5_9F_O_PENS_M_O_EVWW,C5_9F_O_PENS_M_O_ENWNA,C5_9F_O_PENS_M_O_PENS,C5_9F_O_PENS_M_O_E_T,C5_9F_O_PENS_M_LPENS,C5_9F_O_PENS_M_T,C5_9F_O_E_T_M_EO,C5_9F_O_E_T_M_O_EVWW,C5_9F_O_E_T_M_O_ENWNA,C5_9F_O_E_T_M_O_PENS,C5_9F_O_E_T_M_O_E_T,C5_9F_O_E_T_M_LPENS,C5_9F_O_E_T_M_T,C5_9F_LPENS_M_EO,C5_9F_LPENS_M_O_EVWW,C5_9F_LPENS_M_O_ENWNA,C5_9F_LPENS_M_O_PENS,C5_9F_LPENS_M_O_E_T,C5_9F_LPENS_M_LPENS,C5_9F_LPENS_M_T,C5_9F_T_M_EO,C5_9F_T_M_O_EVWW,C5_9F_T_M_O_ENWNA,C5_9F_T_M_O_PENS,C5_9F_T_M_O_E_T,C5_9F_T_M_LPENS,C5_9F_T_M_T,C10_12F_EO_M_EO,C10_12F_EO_M_O_EVWW,C10_12F_EO_M_O_ENWNA,C10_12F_EO_M_O_PENS,C10_12F_EO_M_O_E_T,C10_12F_EO_M_LPENS,C10_12F_EO_M_T,C10_12F_O_EVWW_M_EO,C10_12F_O_EVWW_M_O_EVWW,C10_12F_O_EVWW_M_O_ENWNA,C10_12F_O_EVWW_M_O_PENS,C10_12F_O_EVWW_M_O_E_T,C10_12F_O_EVWW_M_LPENS,C10_12F_O_EVWW_M_T,C10_12F_O_ENWNA_M_EO,C10_12F_O_ENWNA_M_O_EVWW,C10_12F_O_ENWNA_M_O_ENWNA,C10_12F_O_ENWNA_M_O_PENS,C10_12F_O_ENWNA_M_O_E_T,C10_12F_O_ENWNA_M_LPENS,C10_12F_O_ENWNA_M_T,C10_12F_O_PENS_M_EO,C10_12F_O_PENS_M_O_EVWW,C10_12F_O_PENS_M_O_ENWNA,C10_12F_O_PENS_M_O_PENS,C10_12F_O_PENS_M_O_E_T,C10_12F_O_PENS_M_LPENS,C10_12F_O_PENS_M_T,C10_12F_O_E_Tot_M_EO,C10_12F_O_E_Tot_M_O_EVWW,C10_12F_O_E_Tot_M_O_ENWNA,C10_12F_O_E_Tot_M_O_PENS,C10_12F_O_E_Tot_M_O_E_T,C10_12F_O_E_Tot_M_LPENS,C10_12F_O_E_Tot_M_T,C10_12F_LPENS_M_EO,C10_12F_LPENS_M_O_EVWW,C10_12F_LPENS_M_O_ENWNA,C10_12F_LPENS_M_O_PENS,C10_12F_LPENS_M_O_E_T,C10_12F_LPENS_M_LPENS,C10_12F_LPENS_M_T,C10_12F_T_M_EO,C10_12F_T_M_O_EVWW,C10_12F_T_M_O_ENWNA,C10_12F_T_M_O_PENS,C10_12F_T_M_O_E_T,C10_12F_T_M_LPENS,C10_12F_T_M_T,C13_14F_EO_M_EO,C13_14F_EO_M_O_EVWW,C13_14F_EO_M_O_ENWNA,C13_14F_EO_M_O_PENS,C13_14F_EO_M_O_E_T,C13_14F_EO_M_LPENS,C13_14F_EO_M_T,C13_14F_O_EVWW_M_EO,C13_14F_O_EVWW_M_O_EVWW,C13_14F_O_EVWW_M_O_ENWNA,C13_14F_O_EVWW_M_O_PENS,C13_14F_O_EVWW_M_O_E_T,C13_14F_O_EVWW_M_LPENS,C13_14F_O_EVWW_M_T,C13_14F_O_ENWNA_M_EO,C13_14F_O_ENWNA_M_O_EVWW,C13_14F_O_ENWNA_M_O_ENWNA,C13_14F_O_ENWNA_M_O_PENS,C13_14F_O_ENWNA_M_O_E_T,C13_14F_O_ENWNA_M_LPENS,C13_14F_O_ENWNA_M_T,C13_14F_O_PENS_M_EO,C13_14F_O_PENS_M_O_EVWW,C13_14F_O_PENS_M_O_ENWNA,C13_14F_O_PENS_M_O_PENS,C13_14F_O_PENS_M_O_E_T,C13_14F_O_PENS_M_LPENS,C13_14F_O_PENS_M_T,C13_14F_O_E_TM_EO,C13_14F_O_E_TM_O_EVWW,C13_14F_O_E_TM_O_ENWNA,C13_14F_O_E_TM_O_PENS,C13_14F_O_E_TM_O_E_T,C13_14F_O_E_TM_LPENS,C13_14F_O_E_TM_T,C13_14F_LPENS_M_EO,C13_14F_LPENS_M_O_EVWW,C13_14F_LPENS_M_O_ENWNA,C13_14F_LPENS_M_O_PENS,C13_14F_LPENS_M_O_E_T,C13_14F_LPENS_M_LPENS,C13_14F_LPENS_M_T,C13_14F_TM_EO,C13_14F_TM_O_EVWW,C13_14F_TM_O_ENWNA,C13_14F_TM_O_PENS,C13_14F_TM_O_E_T,C13_14F_TM_LPENS,C13_14F_TM_T,C15_17F_EO_M_EO,C15_17F_EO_M_O_EVWW,C15_17F_EO_M_O_ENWNA,C15_17F_EO_M_O_PENS,SA4_NAME11
101,8455,175,0,13,188,3,8646,213,426,16,0,442,0,655,3,22,15,0,37,3,43,5,0,0,15,15,0,20,221,448,31,15,494,3,718,0,0,0,0,0,3,3,8676,623,31,28,682,9,9367,8235,130,0,15,145,0,8380,188,387,19,0,406,0,594,3,16,15,0,31,0,34,14,0,0,12,12,0,26,205,403,34,12,449,0,654,5,0,0,0,0,4,9,8445,533,34,27,594,4,9043,5276,79,0,8,87,3,5366,114,225,3,3,231,0,345,3,8,17,0,25,0,28,9,0,0,14,14,0,23,126,233,20,17,270,0,396,3,0,0,0,0,3,6,5405,312,20,25,357,6,5768,3488,49,0,6,55,0,3543,59,153,7,3,163,0,222,3,4,10,0,14,0,17,6,0,0,5,5,0,11,68,157,17,8,182,0,250,0,0,0,0,0,3,3,3556,206,17,14,237,3,3796,4371,56,0,0,Capital Region
102,13159,263,5,20,288,7,13454,393,539,21,3,563,0,956,11,54,15,0,69,0,80,20,0,0,21,21,0,41,424,593,36,24,653,0,1077,3,0,0,0,0,0,3,13586,856,41,44,941,7,14534,12467,258,3,17,278,10,12755,321,494,14,0,508,0,829,6,33,23,0,56,0,62,14,3,0,12,15,0,29,341,530,37,12,579,0,920,0,0,0,0,0,0,0,12808,788,40,29,857,10,13675,7436,117,3,16,136,8,7580,180,271,12,3,286,0,466,5,11,14,0,25,0,30,14,0,0,16,16,0,30,199,282,26,19,327,0,526,3,0,0,0,0,0,3,7638,399,29,35,463,8,8109,5043,68,5,8,81,0,5124,122,170,6,0,176,0,298,6,14,10,0,24,0,30,7,0,0,3,3,0,10,135,184,16,3,203,0,338,0,0,0,0,0,0,0,5178,252,21,11,284,0,5462,6428,93,0,14,Central Coast
103,9296,96,0,13,109,4,9409,159,209,11,0,220,0,379,4,23,18,0,41,0,45,29,0,0,21,21,0,50,192,232,29,21,282,0,474,3,3,0,0,3,0,6,9491,331,29,34,394,4,9889,8838,80,0,6,86,4,8928,120,196,17,0,213,0,333,0,23,22,0,45,0,45,14,0,0,20,20,0,34,134,219,39,20,278,0,412,0,0,0,0,0,0,0,8972,299,39,26,364,4,9340,5203,48,4,3,55,0,5258,67,126,4,3,133,0,200,6,10,20,0,30,0,36,5,3,0,14,17,0,22,78,139,24,17,180,0,258,0,0,0,0,0,0,0,5281,187,28,20,235,0,5516,3515,31,0,5,36,3,3554,45,83,4,0,87,0,132,3,4,11,0,15,0,18,5,0,0,7,7,0,12,53,87,15,7,109,0,162,0,0,0,0,0,0,0,3568,118,15,12,145,3,3716,4119,23,0,6,Central West
104,4705,58,0,7,65,6,4776,112,182,13,0,195,0,307,4,26,31,0,57,0,61,4,0,0,6,6,0,10,120,208,44,6,258,0,378,6,0,0,0,0,0,6,4831,266,44,13,323,6,5160,4762,50,4,0,54,0,4816,97,189,7,3,199,0,296,0,17,26,0,43,0,43,10,0,0,10,10,0,20,107,206,33,13,252,0,359,0,4,0,0,4,0,4,4869,260,37,13,310,0,5179,3101,27,3,3,33,0,3134,62,99,0,0,99,0,161,3,10,20,0,30,0,33,7,0,0,7,7,0,14,72,109,20,7,136,0,208,0,3,0,0,3,0,3,3173,139,23,10,172,0,3345,2074,22,0,3,25,0,2099,40,61,5,0,66,0,106,0,8,15,0,23,0,23,3,0,0,4,4,0,7,43,69,20,4,93,0,136,0,0,0,0,0,0,0,2117,91,20,7,118,0,2235,2631,14,0,3,Coffs Harbour - Grafton
105,5038,46,0,17,63,0,5101,64,130,3,0,133,0,197,4,6,3,0,9,0,13,6,0,0,8,8,0,14,74,136,6,8,150,0,224,3,0,3,0,3,0,6,5115,182,9,25,216,0,5331,4672,36,0,4,40,3,4715,52,118,3,0,121,0,173,0,11,5,0,16,0,16,8,3,0,17,20,0,28,60,132,8,17,157,0,217,0,0,0,0,0,0,0,4732,168,8,21,197,3,4932,2741,15,0,3,18,0,2759,32,71,3,0,74,0,106,3,3,3,0,6,0,9,12,0,0,6,6,0,18,47,74,6,6,86,0,133,3,0,0,0,0,0,3,2791,89,6,9,104,0,2895,1658,7,0,0,7,0,1665,20,40,0,0,40,0,60,0,3,4,0,7,0,7,5,0,0,4,4,0,9,25,43,4,4,51,0,76,0,0,0,0,0,0,0,1683,50,4,4,58,0,1741,1834,8,0,0,Far West and Orana
106,11955,126,0,16,142,3,12100,218,278,11,3,292,0,510,5,21,7,0,28,0,33,18,5,0,19,24,0,42,241,304,18,22,344,0,585,5,0,0,0,0,0,5,12201,430,18,38,486,3,12690,11232,96,0,10,106,0,11338,151,225,14,3,242,0,393,7,16,5,0,21,0,28,14,0,0,19,19,0,33,172,241,19,22,282,0,454,0,0,0,0,0,0,0,11404,337,19,32,388,0,11792,6761,65,0,6,71,3,6835,90,121,6,3,130,0,220,3,10,7,0,17,0,20,7,0,0,5,5,0,12,100,131,13,8,152,0,252,0,0,0,0,0,0,0,6861,196,13,14,223,3,7087,4388,33,0,6,39,0,4427,57,66,3,0,69,0,126,0,3,11,0,14,0,14,3,0,0,7,7,0,10,60,69,14,7,90,0,150,0,0,0,0,0,0,0,4448,102,14,13,129,0,4577,5117,33,3,8,Hunter Valley exc Newcastle
107,10743,394,3,17,414,3,11160,474,1393,55,0,1448,0,1922,7,147,67,0,214,0,221,15,4,0,18,22,0,37,496,1544,122,18,1684,0,2180,6,9,3,0,12,10,28,11245,1947,128,35,2110,13,13368,10412,316,3,17,336,3,10751,335,1286,59,3,1348,0,1683,7,88,78,0,166,0,173,19,4,0,14,18,0,37,361,1378,137,17,1532,0,1893,7,4,0,0,4,5,16,10780,1698,140,34,1872,8,12660,6288,181,0,11,192,4,6484,204,735,36,3,774,0,978,3,50,52,0,102,0,105,11,0,0,5,5,0,16,218,785,88,8,881,0,1099,0,0,0,0,0,7,7,6506,966,88,19,1073,11,7590,3964,94,6,10,110,0,4074,116,530,24,0,554,0,670,4,22,39,0,61,0,65,0,3,0,5,8,0,8,120,555,63,5,623,0,743,0,0,0,0,0,4,4,4084,649,69,15,733,4,4821,5266,126,0,15,Illawarra
108,6875,87,0,4,91,0,6966,142,126,0,0,126,0,268,0,9,13,0,22,0,22,12,3,0,15,18,0,30,154,138,13,15,166,0,320,3,0,0,0,0,3,6,7032,225,13,19,257,3,7292,7200,69,0,21,90,0,7290,127,102,0,0,102,0,229,3,6,11,0,17,0,20,8,0,0,15,15,0,23,138,108,11,15,134,0,272,0,0,0,0,0,3,3,7338,177,11,36,224,3,7565,4448,42,0,9,51,0,4499,74,59,3,0,62,0,136,3,5,5,0,10,0,13,3,3,0,9,12,0,15,80,67,8,9,84,0,164,0,0,0,0,0,0,0,4528,109,8,18,135,0,4663,3042,21,0,6,27,0,3069,44,51,4,0,55,0,99,0,0,3,0,3,0,3,7,0,0,5,5,0,12,51,51,7,5,63,0,114,0,0,0,0,0,0,0,3093,72,7,11,90,0,3183,3846,26,0,4,Mid North Coast
109,4652,63,0,5,68,0,4720,83,150,0,3,153,0,236,0,26,14,0,40,3,43,6,0,0,6,6,0,12,89,176,14,9,199,3,291,3,0,0,0,0,3,6,4744,239,14,14,267,6,5017,4575,47,0,5,52,0,4627,65,156,0,0,156,0,221,0,11,14,0,25,3,28,6,0,0,6,6,0,12,71,167,14,6,187,3,261,3,0,0,0,0,3,6,4649,214,14,11,239,6,4894,2814,19,0,5,24,0,2838,32,65,0,0,65,0,97,0,7,6,0,13,0,13,4,0,0,3,3,0,7,36,72,6,3,81,0,117,0,3,0,0,3,0,3,2850,94,6,8,108,0,2958,1959,14,0,0,14,0,1973,25,52,0,0,52,0,77,0,3,12,0,15,0,15,4,3,0,4,7,0,11,29,58,12,4,74,0,103,0,0,0,0,0,0,0,1988,72,12,4,88,0,2076,2386,21,0,0,Murray
110,7761,75,0,16,91,0,7852,99,173,8,0,181,0,280,0,36,7,0,43,0,43,12,0,0,20,20,0,32,111,209,15,20,244,0,355,0,3,0,0,3,0,3,7872,287,15,36,338,0,8210,7548,62,0,11,73,0,7621,90,161,11,0,172,0,262,0,12,7,0,19,0,19,14,0,0,21,21,0,35,104,173,18,21,212,0,316,0,0,0,0,0,0,0,7652,235,18,32,285,0,7937,4465,40,0,4,44,0,4509,37,85,6,0,91,0,128,0,3,4,0,7,0,7,8,0,0,12,12,0,20,45,88,10,12,110,0,155,3,0,0,0,0,0,3,4513,128,10,16,154,0,4667,2903,25,0,3,28,0,2931,23,43,0,0,43,0,66,0,3,7,0,10,0,10,8,0,0,3,3,0,11,31,46,7,3,56,0,87,0,0,0,0,0,0,0,2934,71,7,6,84,0,3018,3407,15,0,7,New England and North West
111,13777,305,5,32,342,4,14123,382,802,31,0,833,3,1218,3,66,44,0,110,0,113,25,3,0,21,24,0,49,410,871,75,21,967,3,1380,0,3,0,0,3,0,3,14187,1179,80,53,1312,7,15506,12890,217,0,27,244,4,13138,286,601,18,3,622,0,908,3,68,50,0,118,0,121,17,0,0,22,22,0,39,306,669,68,25,762,0,1068,8,0,0,0,0,8,16,13204,886,68,52,1006,12,14222,7530,116,0,16,132,0,7662,142,291,20,0,311,0,453,4,29,26,0,55,0,59,13,0,0,10,10,0,23,159,320,46,10,376,0,535,0,0,0,0,0,0,0,7689,436,46,26,508,0,8197,5140,84,0,9,93,0,5233,84,164,14,3,181,0,265,0,8,19,0,27,0,27,8,0,0,8,8,0,16,92,172,33,11,216,0,308,0,0,0,0,0,0,0,5232,256,33,20,309,0,5541,6331,69,6,9,Newcastle and Lake Macquarie
112,8427,197,3,16,216,0,8643,294,299,5,3,307,0,601,13,24,9,0,33,3,49,7,0,0,12,12,0,19,314,323,14,15,352,3,669,3,0,3,0,3,4,10,8744,520,20,31,571,7,9322,8432,147,3,13,163,4,8599,225,255,11,0,266,0,491,4,9,15,0,24,0,28,10,0,0,16,16,0,26,239,264,26,16,306,0,545,3,0,0,3,3,0,6,8674,411,29,32,472,4,9150,5248,72,0,4,76,0,5324,127,141,7,0,148,0,275,0,9,13,0,22,0,22,11,0,0,8,8,0,19,138,150,20,8,178,0,316,3,0,0,0,0,0,3,5389,222,20,12,254,0,5643,3533,36,0,7,43,0,3576,67,67,0,0,67,0,134,0,0,5,0,5,0,5,6,0,0,12,12,0,18,73,67,5,12,84,0,157,0,0,0,0,0,0,0,3606,103,5,19,127,0,3733,4423,56,0,0,Richmond - Tweed
113,6873,123,0,6,129,0,7002,117,460,28,3,491,4,612,4,48,33,0,81,0,85,5,0,0,12,12,0,17,126,508,61,15,584,4,714,0,4,0,0,4,0,4,6999,635,61,21,717,4,7720,6836,102,0,10,112,3,6951,111,479,27,3,509,3,623,3,29,35,0,64,0,67,9,3,0,15,18,0,27,123,511,62,18,591,3,717,0,0,0,0,0,4,4,6959,613,62,28,703,10,7672,4036,50,0,5,55,0,4091,53,287,7,0,294,4,351,0,16,22,0,38,0,38,5,3,0,12,15,0,20,58,306,29,12,347,4,409,3,3,0,0,3,0,6,4097,359,29,17,405,4,4506,2573,42,0,8,50,0,2623,39,138,5,0,143,0,182,0,12,8,0,20,0,20,4,3,0,5,8,0,12,43,153,13,5,171,0,214,0,0,0,0,0,5,5,2616,195,13,13,221,5,2842,3093,37,0,5,Riverina
114,5056,74,0,11,85,0,5141,115,122,9,0,131,4,250,3,9,5,0,14,0,17,6,0,0,0,0,3,9,124,131,14,0,145,7,276,4,0,0,0,0,0,4,5184,205,14,11,230,7,5421,5022,94,0,3,97,4,5123,111,168,11,0,179,0,290,5,0,9,0,9,0,14,8,0,0,6,6,3,17,124,168,20,6,194,3,321,3,0,0,0,0,0,3,5149,262,20,9,291,7,5447,3185,39,0,9,48,3,3236,44,78,8,0,86,0,130,3,7,0,0,7,0,10,0,0,0,5,5,0,5,47,85,8,5,98,0,145,0,0,0,0,0,0,0,3232,124,8,14,146,3,3381,2155,23,0,4,27,3,2185,35,52,4,0,56,0,91,0,0,4,0,4,0,4,5,3,0,5,8,0,13,40,55,8,5,68,0,108,0,0,0,0,0,0,0,2195,78,8,9,95,3,2293,2762,41,0,4,Southern Highlands and Shoalhaven
115,7985,352,9,4,365,4,8354,541,2463,52,7,2522,11,3074,11,142,43,0,185,0,196,6,0,3,11,14,0,20,558,2605,98,18,2721,11,3290,0,5,3,0,8,3,11,8543,2962,110,22,3094,18,11655,8971,356,3,6,365,4,9340,435,2718,62,6,2786,7,3228,9,152,69,0,221,0,230,9,3,0,5,8,0,17,453,2873,131,11,3015,7,3475,0,8,0,0,8,5,13,9424,3237,134,17,3388,16,12828,5372,160,6,3,169,0,5541,236,1845,53,3,1901,6,2143,3,98,56,0,154,0,157,6,0,0,6,6,0,12,245,1943,109,9,2061,6,2312,3,5,0,0,5,7,15,5620,2108,115,12,2235,13,7868,3505,121,0,0,121,0,3626,136,1258,33,3,1294,0,1430,7,66,51,0,117,0,124,3,0,0,3,3,0,6,146,1324,84,6,1414,0,1560,3,3,4,0,7,4,14,3654,1448,88,6,1542,4,5200,4704,154,0,6,Sydney - Baulkham Hills and Hawkesbury
116,9239,657,10,11,678,0,9917,786,7813,214,14,8041,31,8858,10,598,231,0,829,3,842,10,21,0,36,57,0,67,806,8432,445,50,8927,34,9767,5,55,0,0,55,41,101,10050,9144,455,61,9660,75,19785,7967,465,4,11,480,3,8450,546,7002,187,6,7195,25,7766,6,474,278,3,755,3,764,11,15,0,22,37,0,48,563,7491,465,31,7987,28,8578,10,68,4,3,75,20,105,8540,8024,473,45,8542,51,17133,4529,242,6,7,255,0,4784,294,4027,142,3,4172,17,4483,3,308,231,0,539,0,542,7,6,0,13,19,0,26,304,4341,373,16,4730,17,5051,4,22,0,0,22,15,41,4837,4605,379,23,5007,32,9876,2813,112,0,5,117,3,2933,176,2581,96,0,2677,13,2866,7,203,146,0,349,0,356,7,3,0,10,13,0,20,190,2787,242,10,3039,13,3242,0,7,4,0,11,12,23,3003,2906,246,15,3167,28,6198,3417,136,0,7,Sydney - Blacktown
117,5401,421,3,8,432,4,5837,670,2483,90,3,2576,6,3252,9,227,104,3,334,3,346,7,10,0,3,13,0,20,686,2720,194,9,2923,9,3618,9,8,3,0,11,6,26,6096,3149,200,17,3366,19,9481,3172,193,0,6,199,3,3374,324,1421,68,3,1492,3,1819,9,160,98,0,258,3,270,10,3,0,10,13,0,23,343,1584,166,13,1763,6,2112,3,10,4,0,14,8,25,3518,1787,170,19,1976,17,5511,1338,80,3,5,88,0,1426,129,754,42,0,796,3,928,3,86,95,0,181,0,184,0,4,0,0,4,0,4,132,844,137,0,981,3,1116,4,4,0,0,4,4,12,1474,928,140,5,1073,7,2554,756,35,0,5,40,3,799,83,439,29,0,468,0,551,0,71,79,0,150,0,150,0,0,0,0,0,0,0,83,510,108,0,618,0,701,7,0,0,0,0,0,7,846,545,108,5,658,3,1507,949,38,3,0,Sydney - City and Inner South
118,8606,507,5,15,527,6,9139,920,2026,52,3,2081,12,3013,3,115,28,0,143,0,146,16,7,0,5,12,0,28,939,2148,80,8,2236,12,3187,3,11,0,0,11,5,19,9548,2666,85,23,2774,23,12345,6556,295,0,9,304,3,6863,494,1542,35,3,1580,4,2078,5,76,23,0,99,0,104,17,0,0,6,6,0,23,516,1618,58,9,1685,4,2205,6,8,0,0,8,4,18,7078,1921,58,18,1997,11,9086,3312,122,0,3,125,3,3440,234,794,23,3,820,0,1054,5,43,28,0,71,0,76,7,0,0,3,3,0,10,246,837,51,6,894,0,1140,0,0,0,0,0,5,5,3558,959,51,9,1019,8,4585,1970,68,0,4,72,3,2045,130,525,15,0,540,0,670,5,27,15,0,42,0,47,5,0,0,4,4,0,9,140,552,30,4,586,0,726,3,3,0,0,3,3,9,2113,623,30,8,661,6,2780,2467,87,0,4,Sydney - Eastern Suburbs
119,7883,1173,21,12,1206,9,9098,1382,15754,949,9,16712,31,18125,28,1775,910,4,2689,11,2728,14,25,3,87,115,0,129,1424,17554,1862,100,19516,42,20982,13,78,4,0,82,58,153,9320,18805,1887,112,20804,109,30233,6876,835,20,10,865,4,7745,994,13184,791,14,13989,36,15019,34,1441,1120,4,2565,5,2604,11,16,4,68,88,0,99,1039,14641,1915,86,16642,41,17722,12,55,7,3,65,68,145,7927,15531,1942,99,17572,113,25612,3819,329,12,5,346,0,4165,427,7173,555,6,7734,14,8175,15,875,891,4,1770,9,1794,12,3,0,40,43,0,55,454,8051,1446,50,9547,23,10024,4,35,6,0,41,42,87,4277,8415,1464,55,9934,65,14276,2499,195,8,3,206,0,2705,241,4459,407,7,4873,18,5132,10,633,687,0,1320,0,1330,3,3,3,20,26,0,29,254,5095,1097,27,6219,18,6491,3,16,4,0,20,16,39,2756,5306,1109,30,6445,34,9235,3449,230,13,0,Sydney - Inner South West
120,7828,699,3,10,712,4,8544,953,4153,148,3,4304,10,5267,8,326,196,3,525,0,533,5,11,0,10,21,0,26,966,4490,344,16,4850,10,5826,15,13,4,0,17,16,48,8809,5202,351,26,5579,30,14418,5582,408,0,11,419,0,6001,601,3172,120,3,3295,10,3906,5,260,236,0,496,0,501,6,4,0,16,20,0,26,612,3436,356,19,3811,10,4433,6,11,5,0,16,13,35,6200,3855,361,30,4246,23,10469,2628,131,3,0,134,4,2766,295,1735,96,0,1831,3,2129,5,172,177,0,349,0,354,3,3,0,7,10,0,13,303,1910,273,7,2190,3,2496,3,7,0,0,7,11,21,2934,2048,276,7,2331,18,5283,1636,84,0,3,87,0,1723,143,1180,76,3,1259,0,1402,0,142,161,0,303,0,303,4,0,0,8,8,0,12,147,1322,237,11,1570,0,1717,3,6,0,0,6,10,19,1786,1412,237,14,1663,10,3459,2140,134,3,3,Sydney - Inner West
121,13686,558,3,9,570,5,14261,1324,3999,116,6,4121,14,5459,8,337,118,0,455,3,466,20,5,3,5,13,3,36,1352,4341,237,11,4589,20,5961,10,18,4,0,22,0,32,15048,4917,244,20,5181,25,20254,13615,449,6,15,470,4,14089,980,3381,103,3,3487,14,4481,3,270,159,0,429,0,432,10,0,0,12,12,0,22,993,3651,262,15,3928,14,4935,7,21,0,0,21,3,31,14615,4121,268,30,4419,21,19055,7630,218,0,8,226,0,7856,466,1852,90,0,1942,3,2411,3,178,125,0,303,0,306,0,5,0,8,13,0,13,469,2035,215,8,2258,3,2730,3,7,0,0,7,4,14,8102,2260,215,16,2491,7,10600,4708,131,0,3,134,3,4845,259,1177,68,3,1248,0,1507,3,105,99,0,204,0,207,4,3,0,3,6,0,10,266,1285,167,6,1458,0,1724,0,4,0,0,4,0,4,4974,1420,167,9,1596,3,6573,6422,139,0,7,Sydney - North Sydney and Hornsby
122,11872,443,6,6,455,7,12334,865,1365,30,3,1398,3,2266,4,65,35,0,100,0,104,16,0,0,6,6,0,22,885,1430,65,9,1504,3,2392,10,3,0,0,3,5,18,12767,1876,71,15,1962,15,14744,10809,276,0,17,293,3,11105,556,1187,44,0,1231,4,1791,4,58,43,0,101,0,105,10,3,0,5,8,0,18,570,1248,87,5,1340,4,1914,3,5,0,0,5,4,12,11382,1529,87,22,1638,11,13031,5592,145,0,5,150,0,5742,309,658,36,0,694,3,1006,0,46,38,0,84,0,84,8,0,0,0,0,0,8,317,704,74,0,778,3,1098,3,0,0,0,0,3,6,5912,849,74,5,928,6,6846,3350,80,0,5,85,0,3435,164,407,18,3,428,4,596,5,31,30,0,61,0,66,4,0,0,3,3,0,7,173,438,48,6,492,4,669,3,0,0,0,0,0,3,3526,518,48,11,577,4,4107,4545,100,0,3,Sydney - Northern Beaches
123,9541,417,0,21,438,3,9982,505,2490,91,0,2581,0,3086,5,201,84,0,285,0,290,15,3,0,19,22,0,37,525,2694,175,19,2888,0,3413,3,7,0,0,7,10,20,10069,3118,175,40,3333,13,13415,8913,366,7,12,385,3,9301,419,2415,106,3,2524,6,2949,4,192,100,0,292,0,296,20,3,0,26,29,0,49,443,2610,206,29,2845,6,3294,3,15,0,0,15,10,28,9359,2991,213,41,3245,19,12623,5154,167,0,13,180,4,5338,195,1503,64,0,1567,6,1768,4,127,86,0,213,0,217,10,3,0,14,17,0,27,209,1633,150,14,1797,6,2012,3,3,0,0,3,6,12,5366,1803,150,27,1980,16,7362,3463,121,0,9,130,3,3596,132,974,64,0,1038,0,1170,3,100,43,0,143,0,146,5,3,0,8,11,0,16,140,1077,107,8,1192,0,1332,5,4,0,0,4,8,17,3608,1202,107,17,1326,11,4945,4267,123,0,0,Sydney - Outer South West
124,12957,460,8,19,487,4,13448,499,1545,51,4,1600,0,2099,14,125,41,0,166,0,180,15,4,0,16,20,0,35,528,1674,92,20,1786,0,2314,12,13,0,0,13,5,30,13497,2147,100,39,2286,9,15792,11903,363,0,15,378,0,12281,400,1383,51,3,1437,3,1840,3,124,44,0,168,0,171,12,6,0,27,33,0,45,415,1513,95,30,1638,3,2056,9,9,0,0,9,8,26,12327,1885,95,45,2025,11,14363,7056,184,0,12,196,0,7252,207,878,28,3,909,3,1119,3,73,36,0,109,0,112,6,0,0,8,8,0,14,216,951,64,11,1026,3,1245,6,11,0,0,11,7,24,7278,1146,64,23,1233,10,8521,4661,98,0,4,102,0,4763,150,602,27,0,629,0,779,3,46,21,0,67,0,70,6,0,0,11,11,0,17,159,648,48,11,707,0,866,3,3,0,0,3,8,14,4823,749,48,15,812,8,5643,5831,113,0,7,Sydney - Outer West and Blue Mountains
125,6227,734,16,10,760,11,6998,942,12809,956,11,13776,49,14767,30,1686,1065,4,2755,8,2793,13,28,6,75,109,0,122,985,14523,2027,90,16640,57,17682,4,76,7,0,83,50,137,7216,15333,2050,100,17483,118,24817,4985,474,8,3,485,8,5478,562,9459,832,10,10301,33,10896,24,1335,1120,0,2455,12,2491,8,14,4,56,74,0,82,594,10808,1956,66,12830,45,13469,7,41,5,3,49,53,109,5586,11323,1969,72,13364,106,19056,2639,197,4,3,204,3,2846,268,4903,483,3,5389,15,5672,14,812,858,3,1673,5,1692,3,8,0,23,31,0,34,285,5723,1341,29,7093,20,7398,4,21,9,3,33,31,68,2928,5941,1354,35,7330,54,10312,1781,139,0,0,139,0,1920,173,3077,340,6,3423,11,3607,8,608,656,0,1264,8,1280,3,3,0,13,16,0,19,184,3688,996,19,4703,19,4906,3,10,8,3,21,14,38,1968,3837,1004,22,4863,33,6864,2383,140,3,4,Sydney - Parramatta
126,4436,270,3,5,278,8,4722,530,2662,87,3,2752,4,3286,7,219,114,0,333,0,340,3,10,0,8,18,3,24,540,2891,201,11,3103,7,3650,3,12,0,0,12,5,20,4979,3173,204,16,3393,20,8392,4299,203,0,0,203,4,4506,335,2248,91,4,2343,6,2684,6,223,127,0,350,0,356,5,3,0,5,8,0,13,346,2474,218,9,2701,6,3053,3,5,6,0,11,4,18,4648,2682,224,9,2915,14,7577,2345,85,0,5,90,4,2439,197,1388,82,5,1475,7,1679,6,142,113,0,255,0,261,3,3,0,0,3,0,6,206,1533,195,5,1733,7,1946,0,5,0,0,5,0,5,2551,1623,195,10,1828,11,4390,1438,41,0,0,41,0,1479,89,883,47,4,934,4,1027,3,97,104,0,201,0,204,0,0,0,0,0,0,0,92,980,151,4,1135,4,1231,0,5,0,0,5,4,9,1530,1026,151,4,1181,8,2719,2032,54,0,0,Sydney - Ryde
127,5051,636,15,4,655,7,5713,802,9106,740,13,9859,24,10685,34,1561,1331,3,2895,4,2933,13,31,3,54,88,0,101,849,10698,2074,70,12842,28,13719,7,50,6,3,59,53,119,5907,11384,2095,77,13556,88,19551,5031,567,9,5,581,8,5620,628,9043,685,6,9734,24,10386,15,1397,1654,5,3056,7,3078,17,11,3,60,74,3,94,660,10451,2342,71,12864,34,13558,3,31,12,0,43,47,93,5694,11049,2363,76,13488,89,19271,3065,257,5,4,266,0,3331,292,5179,456,6,5641,12,5945,7,896,1181,0,2077,13,2097,4,3,5,31,39,0,43,303,6078,1642,37,7757,25,8085,4,24,8,0,32,27,63,3372,6359,1655,41,8055,52,11479,1929,147,5,7,159,0,2088,195,3403,302,5,3710,9,3914,5,663,923,3,1589,5,1599,3,3,3,18,24,0,27,203,4069,1228,26,5323,14,5540,5,13,3,0,16,27,48,2137,4229,1236,33,5498,41,7676,2583,186,8,0,Sydney - South West
128,9790,326,3,18,347,8,10145,540,1108,21,3,1132,0,1672,11,49,13,0,62,0,73,12,0,0,6,6,0,18,563,1157,34,9,1200,0,1763,3,3,0,0,3,3,9,10356,1486,37,27,1550,11,11917,8959,243,5,11,259,6,9224,418,1069,31,3,1103,0,1521,8,44,11,0,55,0,63,12,0,0,4,4,0,16,438,1113,42,7,1162,0,1600,4,3,0,0,3,8,15,9401,1359,47,18,1424,14,10839,5064,129,0,0,129,0,5193,200,630,9,0,639,3,842,3,33,28,0,61,0,64,9,0,0,6,6,0,15,212,663,37,6,706,3,921,3,3,0,0,3,3,9,5279,795,37,6,838,6,6123,3190,84,0,6,90,0,3280,127,414,14,0,428,0,555,0,27,13,0,40,0,40,3,3,0,5,8,0,11,130,444,27,5,476,0,606,0,0,0,0,0,0,0,3320,528,27,11,566,0,3886,4415,80,3,5,Sydney - Sutherland
197,0,0,0,0,0,0,0,0,0,0,0,0,0,0,0,0,0,0,0,0,0,0,0,0,0,0,0,0,0,0,0,0,0,0,0,0,0,0,0,0,0,0,0,0,0,0,0,0,0,0,0,0,0,0,0,0,0,0,0,0,0,0,0,0,0,0,0,0,0,0,0,0,0,0,0,0,0,0,0,0,0,0,0,0,0,0,0,0,0,0,0,0,0,0,0,0,0,0,0,0,0,0,0,0,0,0,0,0,0,0,0,0,0,0,0,0,0,0,0,0,0,0,0,0,0,0,0,0,0,0,0,0,0,0,0,0,0,0,0,0,0,0,0,0,0,0,0,0,0,0,0,0,0,0,0,0,0,0,0,0,0,0,0,0,0,0,0,0,0,0,0,0,0,0,0,0,0,0,0,0,0,0,0,0,0,0,0,0,0,0,0,0,0,0,0,0,0,0,0,0,Migratory - Offshore - Shipping (NSW)
199,0,0,0,0,0,0,0,0,0,0,0,0,0,0,0,0,0,0,0,0,0,0,0,0,0,0,0,0,0,0,0,0,0,0,0,0,0,0,0,0,0,0,0,0,0,0,0,0,0,0,0,0,0,0,0,0,0,0,0,0,0,0,0,0,0,0,0,0,0,0,0,0,0,0,0,0,0,0,0,0,0,0,0,0,0,0,0,0,0,0,0,0,0,0,0,0,0,0,0,0,0,0,0,0,0,0,0,0,0,0,0,0,0,0,0,0,0,0,0,0,0,0,0,0,0,0,0,0,0,0,0,0,0,0,0,0,0,0,0,0,0,0,0,0,0,0,0,0,0,0,0,0,0,0,0,0,0,0,0,0,0,0,0,0,0,0,0,0,0,0,0,0,0,0,0,0,0,0,0,0,0,0,0,0,0,0,0,0,0,0,0,0,0,0,0,0,0,0,0,0,Special Purpose Codes SA4 (NSW)
201,6581,90,0,4,94,0,6675,98,184,10,3,197,0,295,0,34,5,0,39,0,39,8,0,0,3,3,0,11,106,218,15,6,239,0,345,4,0,0,0,0,0,4,6691,308,15,10,333,0,7024,6011,66,0,3,69,0,6080,103,167,7,3,177,0,280,0,24,12,0,36,0,36,3,3,0,8,11,0,14,106,194,19,11,224,0,330,0,4,0,0,4,0,4,6117,264,19,14,297,0,6414,3463,39,0,4,43,0,3506,66,79,8,3,90,0,156,0,14,7,0,21,0,21,5,0,0,3,3,0,8,71,93,15,6,114,0,185,0,0,0,0,0,3,3,3534,132,15,10,157,3,3694,2379,30,0,0,30,0,2409,34,46,6,0,52,0,86,3,10,5,0,15,0,18,0,0,0,0,0,0,0,37,56,11,0,67,0,104,0,0,0,0,0,0,0,2416,86,11,0,97,0,2513,3165,28,0,3,Ballarat
202,6152,86,3,5,94,3,6249,100,165,5,0,170,0,270,0,13,28,0,41,0,41,8,0,0,16,16,0,24,108,178,33,16,227,0,335,0,0,0,0,0,3,3,6260,264,36,21,321,6,6587,5834,42,6,3,51,0,5885,100,146,5,0,151,0,251,3,9,23,0,32,0,35,7,0,0,11,11,0,18,110,155,28,11,194,0,304,3,0,0,0,0,3,6,5947,197,34,14,245,3,6195,3496,32,0,0,32,3,3531,74,63,6,3,72,0,146,0,5,21,0,26,0,26,3,0,0,7,7,0,10,77,68,27,10,105,0,182,0,0,0,0,0,0,0,3573,100,27,10,137,3,3713,2358,27,3,3,33,3,2394,42,52,4,0,56,0,98,0,0,16,0,16,0,16,6,0,0,5,5,0,11,48,52,20,5,77,0,125,0,0,0,0,0,0,0,2406,79,23,8,110,3,2519,3154,32,0,4,Bendigo
203,10978,248,0,10,258,3,11239,280,696,24,3,723,5,1008,3,73,78,0,151,0,154,11,5,0,6,11,0,22,294,774,102,9,885,5,1184,4,0,0,0,0,0,4,11276,1022,102,19,1143,8,12427,10272,206,0,22,228,3,10503,233,665,23,0,688,4,925,0,54,71,0,125,0,125,13,0,0,8,8,0,21,246,719,94,8,821,4,1071,3,0,0,0,0,4,7,10521,925,94,30,1049,11,11581,5765,108,0,8,116,3,5884,118,376,15,3,394,0,512,4,27,52,0,79,0,83,12,0,0,5,5,0,17,134,403,67,8,478,0,612,3,0,0,0,0,6,9,5902,511,67,16,594,9,6505,3906,65,3,4,72,3,3981,77,259,15,0,274,0,351,0,20,28,0,48,0,48,0,0,0,6,6,0,6,77,279,43,6,328,0,405,0,0,0,0,0,0,0,3983,344,46,10,400,3,4386,5115,79,4,5,Geelong
204,6618,119,3,5,127,0,6745,173,184,5,0,189,0,362,3,12,4,0,16,0,19,14,0,0,0,0,0,14,190,196,9,0,205,0,395,0,5,0,0,5,0,5,6808,320,12,5,337,0,7145,6660,91,4,4,99,0,6759,133,174,3,0,177,0,310,6,10,5,0,15,0,21,11,0,0,9,9,0,20,150,184,8,9,201,0,351,0,0,0,0,0,3,3,6810,275,12,13,300,3,7113,4114,42,0,10,52,0,4166,70,95,0,0,95,0,165,3,3,6,0,9,0,12,10,0,0,6,6,0,16,83,98,6,6,110,0,193,0,0,0,0,0,0,0,4197,140,6,16,162,0,4359,2710,27,0,5,32,0,2742,43,42,4,0,46,0,89,4,6,4,0,10,0,14,5,0,0,5,5,0,10,52,48,8,5,61,0,113,0,0,0,0,0,0,0,2762,75,8,10,93,0,2855,3676,34,0,8,Hume
205,10705,170,0,13,183,3,10891,241,342,7,0,349,0,590,8,33,20,0,53,0,61,16,3,0,19,22,0,38,265,378,27,19,424,0,689,0,0,0,0,0,0,0,10970,548,27,32,607,3,11580,9996,146,3,14,163,0,10159,210,324,13,0,337,0,547,6,31,28,0,59,0,65,9,3,0,23,26,0,35,225,358,41,23,422,0,647,0,0,0,0,0,3,3,10221,504,44,37,585,3,10809,6121,72,0,4,76,0,6197,97,157,7,0,164,3,264,0,4,23,0,27,0,27,8,0,0,15,15,0,23,105,161,30,15,206,3,314,0,0,0,0,0,0,0,6226,233,30,19,282,3,6511,4163,50,0,5,55,3,4221,58,103,5,0,108,0,166,3,7,11,0,18,0,21,5,0,0,6,6,0,11,66,110,16,6,132,0,198,5,0,0,0,0,0,5,4234,160,16,11,187,3,4424,5570,67,3,5,Latrobe - Gippsland
206,13499,737,5,21,763,9,14271,1230,4304,138,4,4446,7,5683,22,406,168,0,574,0,596,9,12,0,22,34,3,46,1261,4722,306,26,5054,10,6325,8,21,4,0,25,22,55,14768,5480,315,47,5842,41,20651,9359,518,4,17,539,6,9904,735,3003,102,3,3108,13,3856,7,267,169,0,436,0,443,8,4,0,12,16,0,24,750,3274,271,15,3560,13,4323,16,7,0,0,7,19,42,10125,3799,275,32,4106,38,14269,4420,199,5,4,208,0,4628,308,1445,61,3,1509,3,1820,7,111,124,0,235,0,242,5,3,0,8,11,3,19,320,1559,185,11,1755,6,2081,6,5,0,0,5,17,28,4746,1763,190,15,1968,23,6737,2576,108,0,3,111,0,2687,155,902,43,5,950,0,1105,3,92,88,0,180,0,183,3,4,0,3,7,0,10,161,998,131,8,1137,0,1298,0,3,0,0,3,3,6,2737,1109,131,11,1251,3,3991,3515,131,0,7,Melbourne - Inner
207,9560,503,7,12,522,11,10093,934,3842,102,3,3947,20,4901,12,225,131,0,356,0,368,12,0,3,3,6,0,18,958,4067,236,6,4309,20,5287,14,10,0,0,10,18,42,10532,4580,243,18,4841,49,15422,10597,431,7,10,448,6,11051,740,3765,128,5,3898,9,4647,7,205,194,0,399,3,409,10,0,3,5,8,0,18,757,3970,325,10,4305,12,5074,8,10,0,0,10,8,26,11362,4411,332,20,4763,26,16151,6008,233,7,0,240,3,6251,365,2342,114,3,2459,3,2827,4,180,176,3,359,0,363,7,0,0,3,3,0,10,376,2522,290,9,2821,3,3200,0,3,0,0,3,11,14,6384,2758,297,9,3064,17,9465,3832,116,0,3,119,0,3951,210,1606,97,0,1703,5,1918,0,110,171,0,281,0,281,3,0,0,3,3,0,6,213,1716,268,3,1987,5,2205,0,6,0,0,6,0,6,4045,1838,268,6,2112,5,6162,5633,162,0,7,Melbourne - Inner East
208,15007,684,0,10,694,11,15712,991,3680,72,4,3756,6,4753,4,174,53,0,227,0,231,28,0,0,9,9,0,37,1023,3854,125,13,3992,6,5021,11,24,0,0,24,6,41,16041,4562,125,23,4710,23,20774,14469,482,0,6,488,5,14962,826,3299,61,0,3360,13,4199,11,143,70,0,213,3,227,30,4,0,13,17,0,47,867,3446,131,13,3590,16,4473,11,13,0,0,13,17,41,15347,3941,131,19,4091,38,19476,7641,243,0,5,248,4,7893,404,1807,41,0,1848,6,2258,7,85,68,0,153,0,160,10,6,0,7,13,0,23,421,1898,109,7,2014,6,2441,0,6,0,0,6,6,12,8062,2147,109,12,2268,16,10346,4727,123,0,3,126,0,4853,207,1083,46,3,1132,0,1339,3,61,46,0,107,0,110,11,0,0,7,7,0,18,221,1144,92,10,1246,0,1467,0,7,0,0,7,11,18,4948,1274,92,13,1379,11,6338,6622,174,0,4,Melbourne - Inner South
209,14743,829,13,9,851,9,15603,1091,6533,245,5,6783,19,7893,10,643,279,7,929,3,942,12,14,0,32,46,0,58,1113,7190,524,44,7758,22,8893,16,33,0,0,33,42,91,15872,8052,537,53,8642,73,24587,13304,622,5,10,637,14,13955,766,5542,218,4,5764,9,6539,10,510,303,0,813,3,826,6,3,3,28,34,0,40,782,6055,524,32,6611,12,7405,10,19,0,0,19,35,64,14096,6696,529,42,7267,61,21424,7550,259,0,9,268,0,7818,397,3037,161,0,3198,5,3600,6,300,244,0,544,3,553,7,0,0,13,13,3,23,410,3337,405,13,3755,11,4176,0,15,0,0,15,25,40,7960,3611,405,22,4038,36,12034,5039,162,0,4,166,3,5208,255,1945,97,3,2045,5,2305,3,181,201,0,382,0,385,3,4,0,11,15,0,18,261,2130,298,14,2442,5,2708,3,4,3,0,7,11,21,5303,2296,301,18,2615,19,7937,6916,198,6,17,Melbourne - North East
210,8721,607,13,8,628,13,9362,629,6044,529,12,6585,12,7226,14,822,447,0,1269,3,1286,15,15,3,34,52,0,67,658,6881,979,46,7906,15,8579,12,25,3,0,28,42,82,9391,7513,995,54,8562,70,18023,8297,418,7,7,432,7,8736,559,5566,452,6,6024,5,6588,16,783,509,0,1292,0,1308,3,9,3,22,34,0,37,578,6358,964,28,7350,5,7933,9,16,6,0,22,47,78,8884,6792,977,35,7804,59,16747,4824,216,0,0,216,4,5044,273,3151,241,3,3395,0,3668,7,482,367,3,852,4,863,4,5,3,11,19,0,23,284,3638,611,17,4266,4,4554,5,12,3,0,15,14,34,5113,3866,614,17,4497,22,9632,3238,153,0,4,157,0,3395,165,2100,160,0,2260,7,2432,8,313,272,0,585,0,593,3,7,3,4,14,3,20,176,2420,435,4,2859,10,3045,5,5,0,0,5,15,25,3419,2578,435,8,3021,25,6465,4467,164,5,5,Melbourne - North West
211,19534,560,9,19,588,3,20125,850,3285,120,3,3408,5,4263,17,283,301,0,584,3,604,17,3,3,28,34,3,54,884,3571,424,31,4026,11,4921,13,27,5,0,32,3,48,20431,4158,438,50,4646,17,25094,18734,463,8,21,492,7,19233,654,3062,104,5,3171,4,3829,8,211,226,0,437,0,445,22,3,0,31,34,3,59,684,3276,330,36,3642,7,4333,8,21,0,4,25,11,44,19426,3760,338,61,4159,25,23610,11246,243,8,7,258,3,11507,376,1788,85,3,1876,6,2258,8,132,157,0,289,0,297,8,4,0,13,17,0,25,392,1924,242,16,2182,6,2580,7,8,0,0,8,9,24,11645,2175,250,23,2448,18,14111,7511,148,4,6,158,3,7672,234,1270,51,3,1324,0,1558,3,76,131,0,207,0,210,8,0,0,16,16,0,24,245,1346,182,19,1547,0,1792,0,9,0,0,9,5,14,7756,1503,186,25,1714,8,9478,10225,213,3,11,Melbourne - Outer East
212,18130,1038,15,23,1076,16,19222,1430,12710,500,15,13225,33,14688,34,1788,1018,3,2809,4,2847,25,16,5,74,95,3,123,1489,14514,1523,92,16129,40,17658,25,66,5,3,74,74,173,19644,15618,1543,118,17279,130,37053,17300,696,6,15,717,5,18022,1058,10720,507,21,11248,25,12331,22,1358,1137,5,2500,3,2525,33,17,0,65,82,0,115,1113,12095,1644,91,13830,28,14971,6,50,6,0,56,70,132,18419,12841,1656,106,14603,103,33125,10085,344,0,14,358,5,10448,527,5984,343,9,6336,23,6886,18,894,943,0,1837,4,1859,13,6,3,37,46,3,62,558,6884,1289,46,8219,30,8807,9,29,8,0,37,33,79,10652,7257,1297,60,8614,68,19334,6650,215,6,6,227,3,6880,328,4078,230,7,4315,15,4658,11,642,652,3,1297,3,1311,9,5,0,28,33,0,42,348,4725,882,38,5645,18,6011,7,19,0,0,19,32,58,7005,4959,888,44,5891,53,12949,8827,255,0,9,Melbourne - South East
213,19104,1300,11,23,1334,25,20463,1730,12888,469,14,13371,45,15146,30,1377,990,6,2373,4,2407,17,34,0,84,118,3,138,1777,14299,1459,104,15862,52,17691,28,53,5,4,62,61,151,20909,15652,1475,131,17258,138,38305,15278,875,6,16,897,7,16182,1127,10188,406,12,10606,27,11760,19,1134,1170,3,2307,3,2329,16,21,0,63,84,0,100,1162,11343,1576,78,12997,30,14189,14,54,3,0,57,57,128,16454,12272,1585,94,13951,94,30499,8253,441,9,10,460,8,8721,538,5259,274,7,5540,8,6086,18,686,902,0,1588,0,1606,14,8,3,43,54,0,68,570,5953,1179,50,7182,8,7760,8,30,0,3,33,43,84,8831,6424,1188,63,7675,59,16565,5302,209,3,7,219,3,5524,313,3230,183,0,3413,8,3734,11,444,661,5,1110,4,1125,8,3,0,19,22,0,30,332,3677,844,24,4545,12,4889,7,21,6,0,27,26,60,5641,3907,853,31,4791,41,10473,6951,286,6,14,Melbourne - West
214,11485,307,5,3,315,5,11805,404,815,15,4,834,0,1238,0,62,24,0,86,0,86,13,0,0,14,14,0,27,417,877,39,18,934,0,1351,5,0,0,0,0,6,11,11907,1184,44,21,1249,11,13167,10502,244,3,11,258,3,10763,302,774,19,0,793,0,1095,4,48,21,0,69,0,73,10,0,0,20,20,0,30,316,822,40,20,882,0,1198,5,5,0,0,5,5,15,10823,1071,43,31,1145,8,11976,6223,117,0,10,127,0,6350,150,421,13,0,434,0,584,0,33,14,0,47,0,47,3,4,0,10,14,0,17,153,458,27,10,495,0,648,7,3,0,0,3,3,13,6383,578,27,20,625,3,7011,3913,69,0,5,74,0,3987,78,269,11,0,280,0,358,3,15,13,0,28,0,31,5,3,0,9,12,0,17,86,287,24,9,320,0,406,0,0,0,0,0,5,5,3999,356,24,14,394,5,4398,5268,67,3,12,Mornington Peninsula
215,6011,79,3,6,88,0,6099,130,346,33,0,379,0,509,4,45,29,0,74,0,78,7,3,0,11,14,0,21,141,394,62,11,467,0,608,3,3,0,0,3,7,13,6155,476,65,17,558,7,6720,5850,46,3,14,63,3,5916,84,318,37,0,355,0,439,0,36,30,0,66,0,66,9,0,0,10,10,0,19,93,354,67,10,431,0,524,0,0,0,0,0,14,14,5943,400,70,24,494,17,6454,3898,43,0,4,47,0,3945,63,224,19,0,243,0,306,0,28,26,0,54,0,54,5,0,0,3,3,0,8,68,252,45,3,300,0,368,4,3,3,0,6,6,16,3970,298,48,7,353,6,4329,2653,22,3,4,29,0,2682,48,101,10,0,111,0,159,4,27,21,0,48,0,52,3,0,0,4,4,0,7,55,128,31,4,163,0,218,0,0,0,0,0,3,3,2708,150,34,8,192,3,2903,3284,43,0,4,North West
216,5069,76,0,10,86,3,5158,120,410,36,0,446,3,569,3,131,102,0,233,0,236,4,3,0,12,15,0,19,127,544,138,12,694,3,824,0,0,0,0,0,4,4,5196,620,138,22,780,10,5986,4964,82,3,8,93,3,5060,102,352,27,3,382,0,484,0,112,87,0,199,0,199,9,0,0,20,20,0,29,111,464,114,23,601,0,712,0,0,0,0,0,0,0,5075,546,117,31,694,3,5772,3231,55,0,4,59,0,3290,61,198,18,3,219,0,280,0,60,67,0,127,0,127,3,0,0,16,16,0,19,64,258,85,19,362,0,426,0,4,0,0,4,4,8,3295,317,85,23,425,4,3724,2331,35,0,3,38,0,2369,30,128,13,0,141,0,171,0,40,52,0,92,0,92,3,0,0,7,7,0,10,33,168,65,7,240,0,273,0,0,0,0,0,0,0,2364,203,65,10,278,0,2642,2839,37,0,4,Shepparton
217,5553,56,0,7,63,0,5616,90,125,0,0,125,0,215,3,11,0,0,11,0,14,12,0,0,7,7,0,19,105,136,0,7,143,0,248,0,0,0,0,0,0,0,5658,192,0,14,206,0,5864,5510,37,3,3,43,0,5553,73,137,0,0,137,0,210,0,8,4,0,12,0,12,7,0,0,4,4,0,11,80,145,4,4,153,0,233,0,0,0,3,3,4,7,5590,182,7,10,199,4,5793,3473,24,0,3,27,0,3500,32,49,0,0,49,0,81,0,0,5,0,5,0,5,3,0,0,3,3,0,6,35,49,5,3,57,0,92,0,0,0,3,3,0,3,3508,73,5,9,87,0,3595,2307,17,0,3,20,3,2330,21,28,0,0,28,0,49,0,0,3,0,3,0,3,6,0,0,5,5,0,11,27,28,3,5,36,0,63,0,0,0,0,0,0,0,2334,45,3,8,56,3,2393,3104,9,0,3,Warrnambool and South West
297,0,0,0,0,0,0,0,0,0,0,0,0,0,0,0,0,0,0,0,0,0,0,0,0,0,0,0,0,0,0,0,0,0,0,0,0,0,0,0,0,0,0,0,0,0,0,0,0,0,0,0,0,0,0,0,0,0,0,0,0,0,0,0,0,0,0,0,0,0,0,0,0,0,0,0,0,0,0,0,0,0,0,0,0,0,0,0,0,0,0,0,0,0,0,0,0,0,0,0,0,0,0,0,0,0,0,0,0,0,0,0,0,0,0,0,0,0,0,0,0,0,0,0,0,0,0,0,0,0,0,0,0,0,0,0,0,0,0,0,0,0,0,0,0,0,0,0,0,0,0,0,0,0,0,0,0,0,0,0,0,0,0,0,0,0,0,0,0,0,0,0,0,0,0,0,0,0,0,0,0,0,0,0,0,0,0,0,0,0,0,0,0,0,0,0,0,0,0,0,0,Migratory - Offshore - Shipping (Vic.)
299,0,0,0,0,0,0,0,0,0,0,0,0,0,0,0,0,0,0,0,0,0,0,0,0,0,0,0,0,0,0,0,0,0,0,0,0,0,0,0,0,0,0,0,0,0,0,0,0,0,0,0,0,0,0,0,0,0,0,0,0,0,0,0,0,0,0,0,0,0,0,0,0,0,0,0,0,0,0,0,0,0,0,0,0,0,0,0,0,0,0,0,0,0,0,0,0,0,0,0,0,0,0,0,0,0,0,0,0,0,0,0,0,0,0,0,0,0,0,0,0,0,0,0,0,0,0,0,0,0,0,0,0,0,0,0,0,0,0,0,0,0,0,0,0,0,0,0,0,0,0,0,0,0,0,0,0,0,0,0,0,0,0,0,0,0,0,0,0,0,0,0,0,0,0,0,0,0,0,0,0,0,0,0,0,0,0,0,0,0,0,0,0,0,0,0,0,0,0,0,0,Special Purpose Codes SA4 (Vic.)
301,9779,223,0,15,238,0,10017,343,614,11,5,630,3,976,6,23,21,0,44,0,50,12,3,0,11,14,0,26,361,640,32,16,688,3,1052,5,3,0,3,6,3,14,10145,866,32,34,932,6,11083,9456,190,5,7,202,3,9661,263,616,24,0,640,0,903,4,32,22,0,54,0,58,10,0,0,6,6,0,16,277,648,46,6,700,0,977,9,0,0,0,0,8,17,9742,838,51,13,902,11,10655,5669,106,0,5,111,3,5783,163,376,11,0,387,0,550,3,19,15,0,34,3,40,8,0,0,4,4,0,12,174,395,26,4,425,3,602,3,3,0,0,3,0,6,5846,504,26,9,539,6,6391,3746,58,0,5,63,4,3813,83,233,6,5,244,0,327,5,10,15,0,25,0,30,4,0,0,3,3,0,7,92,243,21,8,272,0,364,3,0,0,0,0,0,3,3841,301,21,13,335,4,4180,4687,62,0,4,Brisbane - East
302,7956,268,3,3,274,8,8238,426,1196,25,0,1221,0,1647,9,73,78,0,151,0,160,10,7,0,27,34,0,44,445,1276,103,27,1406,0,1851,4,5,0,0,5,5,14,8405,1549,106,30,1685,13,10103,6685,142,3,10,155,0,6840,276,958,20,0,978,4,1258,3,52,80,0,132,0,135,3,3,0,13,16,0,19,282,1013,100,13,1126,4,1412,4,3,0,0,3,0,7,6971,1158,103,23,1284,4,8259,3627,80,0,3,83,0,3710,136,565,23,3,591,6,733,5,51,59,3,113,4,122,3,0,0,5,5,0,8,144,616,82,11,709,10,863,3,0,0,0,0,0,3,3774,696,82,14,792,10,4576,2244,44,0,3,47,0,2291,80,358,21,3,382,0,462,4,29,40,0,69,0,73,3,0,0,6,6,0,9,87,387,61,9,457,0,544,0,0,0,0,0,0,0,2331,431,61,12,504,0,2835,3054,55,3,5,Brisbane - North
303,10561,506,0,7,513,0,11074,689,3858,158,8,4024,17,4730,14,516,264,0,780,3,797,13,7,0,26,33,0,46,716,4381,422,34,4837,20,5573,3,20,0,0,20,23,46,11280,4907,422,41,5370,43,16693,9366,314,0,8,322,4,9692,476,3087,159,3,3249,8,3733,11,402,312,0,714,3,728,11,8,3,12,23,0,34,498,3497,474,15,3986,11,4495,5,21,3,3,27,12,44,9869,3832,477,26,4335,27,14231,5153,145,3,4,152,0,5305,236,1721,94,5,1820,0,2056,11,225,244,0,469,0,480,5,6,0,11,17,0,22,252,1952,338,16,2306,0,2558,0,5,0,0,5,13,18,5405,2102,341,20,2463,13,7881,3335,101,8,4,113,0,3448,142,1139,75,3,1217,0,1359,7,162,177,0,339,0,346,12,3,0,5,8,0,20,161,1304,252,8,1564,0,1725,4,6,0,0,6,4,14,3500,1411,260,12,1683,4,5187,4394,112,0,4,Brisbane - South
304,7026,199,0,11,210,0,7236,387,1062,25,0,1087,0,1474,5,83,25,0,108,0,113,7,3,0,6,9,0,16,399,1148,50,6,1204,0,1603,0,3,3,0,6,3,9,7425,1350,53,17,1420,3,8848,7139,146,0,4,150,3,7292,282,1020,37,3,1060,0,1342,5,68,32,0,100,0,105,7,0,0,5,5,0,12,294,1088,69,8,1165,0,1459,0,4,0,0,4,3,7,7433,1238,69,12,1319,6,8758,4087,65,3,0,68,3,4158,144,552,18,0,570,0,714,3,44,23,0,67,0,70,10,4,0,0,4,0,14,157,600,41,0,641,0,798,6,3,0,0,3,0,9,4250,668,44,0,712,3,4965,2613,47,0,0,47,0,2660,92,371,19,0,390,0,482,0,32,22,0,54,0,54,5,0,0,0,0,0,5,97,403,41,0,444,0,541,0,4,0,0,4,4,8,2710,454,41,0,495,4,3209,3585,55,0,5,Brisbane - West
305,7552,265,3,5,273,4,7829,482,1064,29,5,1098,7,1587,3,109,29,0,138,0,141,5,0,0,9,9,0,14,490,1173,58,14,1245,7,1742,3,3,3,0,6,4,13,8045,1441,64,19,1524,15,9584,6710,162,5,9,176,0,6886,289,764,21,0,785,0,1074,0,57,44,0,101,0,101,0,5,0,8,13,0,13,289,826,65,8,899,0,1188,3,3,0,0,3,0,6,7002,991,70,17,1078,0,8080,3322,62,4,0,66,3,3391,117,387,15,0,402,0,519,4,28,23,0,51,0,55,3,0,0,8,8,0,11,124,415,38,8,461,0,585,0,3,0,0,3,0,3,3446,480,42,8,530,3,3979,2112,36,0,6,42,0,2154,81,203,14,0,217,0,298,0,22,20,0,42,0,42,3,0,0,3,3,0,6,84,225,34,3,262,0,346,3,3,0,0,3,0,6,2199,264,34,9,307,0,2506,2755,44,0,0,Brisbane Inner City
306,8724,263,6,13,282,0,9006,508,835,31,6,872,4,1384,19,85,61,0,146,0,165,8,3,0,32,35,0,43,535,923,92,38,1053,4,1592,3,5,0,0,5,5,13,9262,1191,98,51,1340,9,10611,8280,213,5,11,229,9,8518,404,761,15,3,779,3,1186,9,73,77,0,150,3,162,5,3,0,48,51,0,56,418,837,92,51,980,6,1404,5,5,0,0,5,0,10,8703,1055,97,62,1214,15,9932,4817,132,3,7,142,3,4962,220,459,12,0,471,5,696,9,44,57,0,101,0,110,7,0,0,24,24,0,31,236,503,69,24,596,5,837,0,3,0,0,3,0,3,5053,638,72,31,741,8,5802,3077,78,0,6,84,0,3161,119,265,11,0,276,0,395,7,31,36,0,67,0,74,3,0,0,14,14,0,17,129,296,47,14,357,0,486,0,0,0,0,0,4,4,3206,374,47,20,441,4,3651,3506,99,0,3,Cairns
307,6201,20,0,8,28,0,6229,78,144,0,0,144,0,222,4,7,5,0,12,0,16,13,6,0,14,20,0,33,95,157,5,14,176,0,271,0,0,0,0,0,0,0,6296,177,5,22,204,0,6500,6063,31,0,10,41,0,6104,56,134,4,0,138,0,194,3,10,5,0,15,0,18,10,0,0,10,10,0,20,69,144,9,10,163,0,232,0,0,3,0,3,0,3,6132,175,12,20,207,0,6339,3577,13,3,6,22,0,3599,50,82,4,0,86,0,136,0,4,3,0,7,0,7,3,0,0,13,13,0,16,53,86,7,13,106,0,159,3,4,0,0,4,0,7,3633,103,10,19,132,0,3765,2267,12,0,3,15,0,2282,21,56,3,0,59,0,80,0,5,3,0,8,0,8,5,0,0,7,7,0,12,26,61,6,7,74,0,100,0,0,0,0,0,0,0,2293,73,6,10,89,0,2382,2260,14,0,0,Darling Downs - Maranoa
308,10675,124,0,10,134,0,10809,180,493,9,0,502,3,685,6,31,33,0,64,0,70,6,4,0,30,34,0,40,192,528,42,30,600,3,795,3,0,0,0,0,0,3,10870,652,42,40,734,3,11607,9797,79,0,11,90,0,9887,151,396,3,0,399,3,553,0,23,69,0,92,3,95,12,0,0,19,19,0,31,163,419,72,19,510,6,679,0,0,0,0,0,4,4,9960,498,72,30,600,10,10570,5779,38,0,4,42,0,5821,93,214,4,0,218,0,311,3,20,40,0,60,3,66,6,0,0,14,14,0,20,102,234,44,14,292,3,397,0,0,0,0,0,4,4,5881,272,44,18,334,7,6222,3590,28,0,7,35,0,3625,55,124,0,0,124,0,179,0,10,20,0,30,3,33,0,0,0,10,10,0,10,55,134,20,10,164,3,222,0,0,0,0,0,0,0,3645,162,20,17,199,3,3847,3836,27,0,4,Fitzroy
309,19985,523,6,25,554,0,20539,1024,1916,84,11,2011,5,3040,18,230,91,0,321,0,339,31,9,0,37,46,0,77,1073,2155,175,48,2378,5,3456,16,12,3,0,15,0,31,21074,2690,184,73,2947,5,24026,18112,447,3,21,471,5,18588,843,1612,85,3,1700,14,2557,16,160,105,3,268,0,284,27,5,0,27,32,0,59,886,1777,190,33,2000,14,2900,8,15,0,0,15,4,27,19006,2239,193,54,2486,23,21515,10636,250,4,12,266,3,10905,398,936,45,4,985,4,1387,7,89,94,0,183,0,190,12,4,0,14,18,0,30,417,1029,139,18,1186,4,1607,7,3,3,0,6,6,19,11060,1282,146,30,1458,13,12531,7045,160,6,6,172,0,7217,247,631,32,0,663,6,916,5,61,53,0,114,0,119,9,3,0,13,16,0,25,261,695,85,13,793,6,1060,3,3,0,0,3,3,9,7309,858,91,19,968,9,8286,8560,182,0,11,Gold Coast
310,12662,335,5,19,359,6,13027,550,1868,110,4,1982,8,2540,13,363,274,0,637,3,653,22,3,0,32,35,0,57,585,2234,384,36,2654,11,3250,5,9,7,0,16,11,32,13252,2578,396,55,3029,28,16309,11099,257,8,9,274,8,11381,386,1683,128,7,1818,8,2212,5,329,306,0,635,0,640,22,5,3,20,28,4,54,413,2017,437,27,2481,12,2906,0,9,4,0,13,10,23,11512,2283,449,36,2768,30,14310,6443,103,3,6,112,0,6555,197,957,100,0,1057,8,1262,6,197,219,0,416,0,422,14,5,0,20,25,0,39,217,1159,319,20,1498,8,1723,3,4,0,3,7,6,16,6663,1266,322,29,1617,14,8294,4248,71,3,6,80,0,4328,92,552,51,0,603,5,700,7,121,150,0,271,0,278,4,3,0,16,19,0,23,103,676,201,16,893,5,1001,3,3,0,0,3,3,9,4354,750,204,22,976,8,5338,5117,64,3,4,Ipswich
311,13131,438,6,21,465,0,13596,556,1960,115,0,2075,10,2641,12,266,210,0,476,0,488,31,0,0,52,52,0,83,599,2226,325,52,2603,10,3212,6,5,0,0,5,11,22,13736,2669,331,73,3073,21,16830,11762,337,4,19,360,5,12127,390,1734,96,0,1830,0,2220,12,224,247,0,471,0,483,24,5,0,51,56,0,80,426,1963,343,51,2357,0,2783,10,6,0,0,6,12,28,12198,2306,347,70,2723,17,14938,6965,164,4,9,177,3,7145,230,1016,74,0,1090,0,1320,7,128,169,0,297,3,307,18,0,0,43,43,0,61,255,1144,243,43,1430,3,1688,4,5,0,0,5,4,13,7224,1313,247,52,1612,10,8846,4588,108,4,4,116,0,4704,161,646,54,0,700,0,861,6,79,130,0,209,0,215,10,0,0,23,23,0,33,177,725,184,23,932,0,1109,4,0,0,0,0,4,8,4769,833,188,27,1048,4,5821,5509,95,3,7,Logan - Beaudesert
312,8376,88,3,9,100,0,8476,199,314,0,0,314,0,513,5,18,13,0,31,0,36,0,0,0,9,9,0,9,204,332,13,9,354,0,558,0,0,0,0,0,3,3,8580,420,16,18,454,3,9037,7634,57,3,11,71,0,7705,130,325,8,0,333,0,463,0,28,10,0,38,0,38,7,3,0,9,12,0,19,137,356,18,9,383,0,520,3,0,0,0,0,3,6,7774,413,21,20,454,3,8231,4403,31,0,11,42,0,4445,77,197,4,0,201,0,278,4,13,3,0,16,0,20,8,0,0,3,3,0,11,89,210,7,3,220,0,309,5,0,0,0,0,5,10,4497,241,7,14,262,5,4764,2780,17,0,10,27,0,2807,42,135,0,0,135,0,177,3,6,3,0,9,0,12,3,0,0,3,3,0,6,48,141,3,3,147,0,195,0,0,0,0,0,3,3,2828,158,3,13,174,3,3005,2907,31,0,8,Mackay
313,9308,184,3,14,201,0,9509,254,430,21,0,451,0,705,10,20,9,0,29,0,39,12,3,0,27,30,0,42,276,453,30,27,510,0,786,0,0,0,0,0,0,0,9584,637,33,41,711,0,10295,8837,158,3,7,168,3,9008,229,429,19,0,448,0,677,5,27,8,0,35,0,40,3,3,0,17,20,0,23,237,459,27,17,503,0,740,3,4,0,0,4,3,10,9077,621,30,24,675,6,9758,5271,67,3,5,75,0,5346,128,248,17,0,265,0,393,6,21,12,0,33,0,39,10,0,0,8,8,0,18,144,269,29,8,306,0,450,3,3,0,0,3,3,9,5418,339,32,13,384,3,5805,3361,40,0,4,44,0,3405,89,167,15,0,182,0,271,3,12,10,0,22,0,25,4,0,0,4,4,0,8,96,179,25,4,208,0,304,3,0,3,0,3,3,9,3460,219,28,8,255,3,3718,4097,56,0,6,Moreton Bay - North
314,9837,206,0,9,215,7,10059,303,583,15,0,598,0,901,5,28,11,0,39,0,44,19,3,0,9,12,0,31,327,614,26,9,649,0,976,0,4,3,0,7,0,7,10164,824,29,18,871,7,11042,8990,151,3,13,167,0,9157,247,573,17,3,593,6,846,3,23,20,0,43,0,46,13,0,0,11,11,0,24,263,596,37,14,647,6,916,5,3,0,0,3,4,12,9258,750,40,27,817,10,10085,5118,68,3,8,79,0,5197,135,327,4,0,331,0,466,4,9,8,0,17,0,21,6,0,0,5,5,0,11,145,336,12,5,353,0,498,0,3,0,0,3,0,3,5263,407,15,13,435,0,5698,3319,39,3,4,46,0,3365,96,201,4,0,205,4,305,0,3,9,0,12,0,12,5,0,0,7,7,0,12,101,204,13,7,224,4,329,3,0,0,0,0,0,3,3423,243,16,11,270,4,3697,4183,38,0,6,Moreton Bay - South
315,3573,59,0,3,62,0,3635,139,911,36,0,947,0,1086,3,8,29,0,37,0,40,5,4,0,30,34,4,43,147,923,65,30,1018,4,1169,0,4,0,0,4,4,8,3720,986,65,33,1084,8,4812,3234,69,0,5,74,0,3308,103,903,24,0,927,0,1030,3,13,51,0,64,0,67,8,0,0,27,27,0,35,114,916,75,27,1018,0,1132,0,5,0,0,5,5,10,3348,990,75,32,1097,5,4450,1728,54,0,0,54,0,1782,53,501,18,0,519,3,575,0,9,39,0,48,0,48,3,0,0,13,13,0,16,56,510,57,13,580,3,639,0,0,0,0,0,3,3,1784,564,57,13,634,6,2424,835,20,0,0,20,0,855,25,210,10,0,220,0,245,0,6,9,0,15,0,15,3,0,0,10,10,0,13,28,216,19,10,245,0,273,0,0,0,0,0,0,0,863,236,19,10,265,0,1128,744,11,0,0,Queensland - Outback
316,12207,234,3,21,258,0,12465,354,382,11,4,397,3,754,3,22,0,0,22,0,25,15,0,0,11,11,0,26,372,404,11,15,430,3,805,3,3,0,0,3,4,10,12582,641,14,36,691,7,13280,12613,180,0,18,198,0,12811,307,435,4,0,439,0,746,5,16,9,0,25,0,30,28,4,0,13,17,0,45,340,455,13,13,481,0,821,3,0,0,0,0,4,7,12956,635,13,31,679,4,13639,7511,85,3,10,98,3,7612,147,241,3,3,247,0,394,4,15,7,0,22,0,26,14,0,0,9,9,0,23,165,256,10,12,278,0,443,0,0,0,0,0,0,0,7676,341,13,22,376,3,8055,5025,68,0,6,74,0,5099,113,146,6,3,155,0,268,0,8,0,0,8,0,8,7,0,0,3,3,0,10,120,154,6,6,166,0,286,0,0,0,0,0,0,0,5145,222,6,12,240,0,5385,6109,64,0,3,Sunshine Coast
317,6593,68,0,5,73,0,6666,93,383,17,0,400,0,493,5,89,50,0,139,0,144,7,3,0,6,9,0,16,105,475,67,6,548,0,653,4,0,0,0,0,3,7,6702,543,67,11,621,3,7326,6227,64,0,4,68,0,6295,84,326,9,0,335,0,419,0,66,52,0,118,0,118,7,0,0,12,12,0,19,91,392,61,12,465,0,556,0,4,0,0,4,4,8,6318,460,61,16,537,4,6859,3680,26,0,0,26,0,3706,55,173,7,0,180,3,238,4,25,21,0,46,0,50,4,0,0,12,12,0,16,63,198,28,12,238,3,304,4,0,0,0,0,0,4,3747,224,28,12,264,3,4014,2436,13,0,0,13,0,2449,34,108,3,0,111,0,145,0,23,13,0,36,0,36,0,0,0,0,0,0,0,34,131,16,0,147,0,181,3,0,0,0,0,0,3,2473,144,16,0,160,0,2633,2870,18,0,0,Toowoomba
318,9635,193,4,18,215,0,9850,265,442,10,0,452,0,717,7,44,40,0,84,0,91,9,0,0,28,28,0,37,281,486,50,28,564,0,845,3,0,0,0,0,5,8,9919,679,54,46,779,5,10703,8674,143,4,11,158,3,8835,235,512,10,0,522,0,757,3,49,44,0,93,0,96,11,0,0,24,24,0,35,249,561,54,24,639,0,888,0,3,0,0,3,8,11,8923,707,58,35,800,11,9734,5239,88,0,12,100,0,5339,133,283,10,0,293,0,426,5,23,17,0,40,0,45,4,0,0,11,11,0,15,142,306,27,11,344,0,486,3,3,0,0,3,0,6,5384,397,27,23,447,0,5831,3389,54,0,0,54,4,3447,72,186,6,0,192,0,264,4,9,22,0,31,0,35,3,0,0,15,15,0,18,79,195,28,15,238,0,317,0,3,0,0,3,0,3,3468,252,28,15,295,4,3767,3959,61,5,4,Townsville
319,10480,96,0,12,108,4,10592,224,281,10,0,291,0,515,6,19,12,0,31,0,37,18,3,0,31,34,0,52,248,303,22,31,356,0,604,3,3,0,0,3,0,6,10731,402,22,43,467,4,11202,10654,89,0,14,103,0,10757,171,283,10,4,297,5,473,3,16,17,0,33,0,36,21,0,0,43,43,0,64,195,299,27,47,373,5,573,0,0,0,0,0,3,3,10849,388,27,61,476,8,11333,6833,67,0,8,75,0,6908,108,142,8,0,150,0,258,3,14,10,0,24,0,27,8,0,0,19,19,0,27,119,156,18,19,193,0,312,3,0,0,0,0,3,6,6955,223,18,27,268,3,7226,4707,37,0,5,42,0,4749,76,107,0,0,107,0,183,0,6,7,0,13,0,13,6,0,0,9,9,0,15,82,113,7,9,129,0,211,0,0,0,0,0,0,0,4789,150,7,14,171,0,4960,4983,41,0,3,Wide Bay
397,0,0,0,0,0,0,0,0,0,0,0,0,0,0,0,0,0,0,0,0,0,0,0,0,0,0,0,0,0,0,0,0,0,0,0,0,0,0,0,0,0,0,0,0,0,0,0,0,0,0,0,0,0,0,0,0,0,0,0,0,0,0,0,0,0,0,0,0,0,0,0,0,0,0,0,0,0,0,0,0,0,0,0,0,0,0,0,0,0,0,0,0,0,0,0,0,0,0,0,0,0,0,0,0,0,0,0,0,0,0,0,0,0,0,0,0,0,0,0,0,0,0,0,0,0,0,0,0,0,0,0,0,0,0,0,0,0,0,0,0,0,0,0,0,0,0,0,0,0,0,0,0,0,0,0,0,0,0,0,0,0,0,0,0,0,0,0,0,0,0,0,0,0,0,0,0,0,0,0,0,0,0,0,0,0,0,0,0,0,0,0,0,0,0,0,0,0,0,0,0,Migratory - Offshore - Shipping (Qld)
399,0,0,0,0,0,0,0,0,0,0,0,0,0,0,0,0,0,0,0,0,0,0,0,0,0,0,0,0,0,0,0,0,0,0,0,0,0,0,0,0,0,0,0,0,0,0,0,0,0,0,0,0,0,0,0,0,0,0,0,0,0,0,0,0,0,0,0,0,0,0,0,0,0,0,0,0,0,0,0,0,0,0,0,0,0,0,0,0,0,0,0,0,0,0,0,0,0,0,0,0,0,0,0,0,0,0,0,0,0,0,0,0,0,0,0,0,0,0,0,0,0,0,0,0,0,0,0,0,0,0,0,0,0,0,0,0,0,0,0,0,0,0,0,0,0,0,0,0,0,0,0,0,0,0,0,0,0,0,0,0,0,0,0,0,0,0,0,0,0,0,0,0,0,0,0,0,0,0,0,0,0,0,0,0,0,0,0,0,0,0,0,0,0,0,0,0,0,0,0,0,Special Purpose Codes SA4 (Qld)
401,8934,378,4,6,388,3,9325,505,1919,51,4,1974,6,2485,7,148,49,0,197,0,204,11,0,0,14,14,0,25,523,2067,100,18,2185,6,2714,3,15,0,0,15,6,24,9460,2460,104,24,2588,15,12063,9109,303,3,10,316,0,9425,407,1855,74,0,1929,4,2340,6,136,79,3,218,0,224,12,3,0,9,12,0,24,425,1994,153,12,2159,4,2588,7,5,0,0,5,13,25,9541,2302,156,22,2480,17,12038,5323,159,3,0,162,3,5488,207,1041,41,0,1082,3,1292,0,64,57,0,121,0,121,5,0,0,5,5,0,10,212,1105,98,5,1208,3,1423,10,0,0,0,0,3,13,5545,1264,101,5,1370,9,6924,3384,107,4,3,114,3,3501,118,648,29,0,677,3,798,0,42,51,0,93,0,93,4,0,0,9,9,0,13,122,690,80,9,779,3,904,0,0,0,0,0,3,3,3506,797,84,12,893,9,4408,4877,154,4,3,Adelaide - Central and Hills
402,14490,459,5,34,498,5,14993,558,2933,158,6,3097,0,3655,9,633,402,0,1035,3,1047,22,5,0,34,39,5,66,589,3571,560,40,4171,8,4768,9,24,3,0,27,15,51,15088,4054,568,74,4696,28,19812,12550,357,5,19,381,10,12941,365,2318,134,0,2452,7,2824,8,444,456,0,900,0,908,23,3,3,30,36,0,59,396,2765,593,30,3388,7,3791,0,17,3,0,20,12,32,12946,3139,601,49,3789,29,16764,7292,195,3,14,212,0,7504,201,1330,76,3,1409,3,1613,8,288,353,0,641,0,649,18,0,0,9,9,4,31,227,1618,429,12,2059,7,2293,0,12,0,0,12,6,18,7519,1825,432,26,2283,13,9815,5144,112,4,7,123,0,5267,130,767,49,0,816,3,949,3,196,266,0,462,0,465,6,0,0,13,13,3,22,139,963,315,13,1291,6,1436,0,5,4,0,9,3,12,5283,1080,323,20,1423,9,6715,6627,141,0,14,Adelaide - North
403,13324,308,0,14,322,3,13649,478,1360,50,0,1410,3,1891,12,147,52,0,199,0,211,19,3,0,19,22,0,41,509,1510,102,19,1631,3,2143,7,10,0,0,10,4,21,13840,1828,102,33,1963,10,15813,12283,211,4,15,230,0,12513,389,1196,37,0,1233,3,1625,10,95,62,0,157,0,167,18,3,3,9,15,0,33,417,1294,102,9,1405,3,1825,7,5,0,0,5,5,17,12707,1510,106,24,1640,8,14355,7334,110,4,9,123,6,7463,215,672,38,3,713,0,928,9,40,33,0,73,0,82,3,5,0,3,8,0,11,227,717,71,6,794,0,1021,5,8,0,0,8,0,13,7566,835,75,15,925,6,8497,4918,84,4,8,96,0,5014,133,456,24,3,483,3,619,3,34,25,0,59,0,62,5,0,0,3,3,0,8,141,490,49,6,545,3,689,4,0,0,0,0,4,8,5063,574,53,14,641,7,5711,6641,104,3,12,Adelaide - South
404,5783,271,3,3,277,3,6063,376,2240,103,4,2347,0,2723,5,245,155,0,400,0,405,7,11,0,16,27,0,34,388,2496,258,20,2774,0,3162,3,9,0,0,9,18,30,6174,2776,261,23,3060,21,9255,4814,203,0,3,206,0,5020,249,1970,83,0,2053,4,2306,5,237,217,0,454,0,459,3,4,0,15,19,0,22,257,2211,300,15,2526,4,2787,7,6,0,0,6,23,36,5078,2420,300,18,2738,27,7843,2885,106,0,4,110,3,2998,164,1019,48,3,1070,3,1237,0,137,200,0,337,0,337,5,0,0,9,9,0,14,169,1156,248,12,1416,3,1588,3,3,0,0,3,17,23,3057,1265,248,16,1529,23,4609,1964,68,0,4,72,3,2039,110,661,34,0,695,0,805,5,94,131,0,225,0,230,0,0,0,0,0,0,0,115,755,165,0,920,0,1035,0,0,0,0,0,9,9,2079,823,165,4,992,12,3083,2614,97,0,3,Adelaide - West
405,4590,38,0,6,44,4,4638,66,83,6,0,89,0,155,0,0,0,0,0,0,0,5,0,0,8,8,0,13,71,83,6,8,97,0,168,5,0,0,0,0,0,5,4666,121,6,14,141,4,4811,4448,36,0,6,42,0,4490,55,71,3,0,74,0,129,0,6,0,0,6,0,6,5,5,0,0,5,0,10,60,82,3,0,85,0,145,0,0,0,0,0,0,0,4508,118,3,6,127,0,4635,2966,14,0,0,14,0,2980,26,32,0,0,32,0,58,6,0,0,0,0,0,6,0,0,0,0,0,0,0,32,32,0,0,32,0,64,0,0,0,0,0,0,0,2998,46,0,0,46,0,3044,1892,17,0,0,17,0,1909,20,19,0,0,19,0,39,0,0,0,0,0,0,0,0,0,0,0,0,0,0,20,19,0,0,19,0,39,0,0,0,0,0,0,0,1912,36,0,0,36,0,1948,2367,13,0,3,Barossa - Yorke - Mid North
406,3567,64,0,0,64,0,3631,73,277,8,0,285,0,358,0,16,8,0,24,0,24,5,0,0,16,16,0,21,78,293,16,16,325,0,403,0,0,0,0,0,3,3,3645,357,16,16,389,3,4037,3326,35,0,6,41,0,3367,65,270,5,0,275,3,343,0,21,0,0,21,0,21,4,0,0,18,18,0,22,69,291,5,18,314,3,386,3,3,0,0,3,3,9,3398,329,5,24,358,6,3762,1912,29,0,0,29,0,1941,26,128,4,0,132,0,158,0,4,3,0,7,0,7,0,0,0,11,11,0,11,26,132,7,11,150,0,176,0,0,0,0,0,0,0,1938,161,7,11,179,0,2117,1296,18,0,3,21,0,1317,23,84,3,0,87,0,110,3,4,0,0,4,0,7,0,0,0,12,12,0,12,26,88,3,12,103,0,129,0,0,0,0,0,3,3,1322,106,3,15,124,3,1449,1423,17,3,0,South Australia - Outback
407,7128,83,0,7,90,3,7221,143,291,10,0,301,0,444,5,29,50,0,79,0,84,16,0,3,8,11,0,27,164,320,63,8,391,0,555,0,0,0,0,0,0,0,7292,403,63,15,481,3,7776,6932,87,0,5,92,4,7028,103,282,13,6,301,0,404,5,25,55,0,80,0,85,15,0,0,12,12,0,27,123,307,68,18,393,0,516,0,0,0,0,0,0,0,7055,394,68,23,485,4,7544,4340,48,0,4,52,0,4392,59,163,3,0,166,0,225,7,26,41,0,67,0,74,4,0,0,3,3,0,7,70,189,44,3,236,0,306,0,0,5,0,5,0,5,4410,237,49,7,293,0,4703,2923,41,0,0,41,0,2964,41,96,5,0,101,0,142,0,17,27,0,44,0,44,8,0,0,0,0,0,8,49,113,32,0,145,0,194,4,0,0,0,0,0,4,2976,154,32,0,186,0,3162,3499,48,0,0,South Australia - South East
497,0,0,0,0,0,0,0,0,0,0,0,0,0,0,0,0,0,0,0,0,0,0,0,0,0,0,0,0,0,0,0,0,0,0,0,0,0,0,0,0,0,0,0,0,0,0,0,0,0,0,0,0,0,0,0,0,0,0,0,0,0,0,0,0,0,0,0,0,0,0,0,0,0,0,0,0,0,0,0,0,0,0,0,0,0,0,0,0,0,0,0,0,0,0,0,0,0,0,0,0,0,0,0,0,0,0,0,0,0,0,0,0,0,0,0,0,0,0,0,0,0,0,0,0,0,0,0,0,0,0,0,0,0,0,0,0,0,0,0,0,0,0,0,0,0,0,0,0,0,0,0,0,0,0,0,0,0,0,0,0,0,0,0,0,0,0,0,0,0,0,0,0,0,0,0,0,0,0,0,0,0,0,0,0,0,0,0,0,0,0,0,0,0,0,0,0,0,0,0,0,Migratory - Offshore - Shipping (SA)
499,0,0,0,0,0,0,0,0,0,0,0,0,0,0,0,0,0,0,0,0,0,0,0,0,0,0,0,0,0,0,0,0,0,0,0,0,0,0,0,0,0,0,0,0,0,0,0,0,0,0,0,0,0,0,0,0,0,0,0,0,0,0,0,0,0,0,0,0,0,0,0,0,0,0,0,0,0,0,0,0,0,0,0,0,0,0,0,0,0,0,0,0,0,0,0,0,0,0,0,0,0,0,0,0,0,0,0,0,0,0,0,0,0,0,0,0,0,0,0,0,0,0,0,0,0,0,0,0,0,0,0,0,0,0,0,0,0,0,0,0,0,0,0,0,0,0,0,0,0,0,0,0,0,0,0,0,0,0,0,0,0,0,0,0,0,0,0,0,0,0,0,0,0,0,0,0,0,0,0,0,0,0,0,0,0,0,0,0,0,0,0,0,0,0,0,0,0,0,0,0,Special Purpose Codes SA4 (SA)
501,7113,122,0,11,133,0,7246,193,381,7,0,388,0,581,3,32,10,0,42,0,45,10,0,0,22,22,0,32,206,413,17,22,452,0,658,0,0,0,0,0,0,0,7319,535,17,33,585,0,7904,6759,96,0,8,104,0,6863,173,374,0,0,374,0,547,3,26,9,0,35,0,38,4,0,0,19,19,0,23,180,400,9,19,428,0,608,3,0,0,0,0,3,6,6942,496,9,27,532,3,7477,4272,56,0,3,59,0,4331,97,193,3,3,199,0,296,3,16,7,0,23,0,26,4,0,0,7,7,0,11,104,209,10,10,229,0,333,0,0,0,0,0,4,4,4376,265,10,13,288,4,4668,2681,29,5,4,38,0,2719,61,140,0,0,140,0,201,0,9,5,0,14,0,14,3,0,0,0,0,0,3,64,149,5,0,154,0,218,0,3,0,0,3,3,6,2745,181,10,4,195,3,2943,2911,49,0,6,Bunbury
502,2982,46,3,5,54,0,3036,84,163,0,0,163,0,247,7,13,0,0,13,0,20,4,0,0,7,7,0,11,95,176,0,7,183,0,278,0,3,0,0,3,0,3,3077,225,3,12,240,0,3317,2748,42,3,7,52,0,2800,69,196,3,0,199,0,268,5,5,3,0,8,0,13,4,0,0,9,9,0,13,78,201,6,9,216,0,294,0,0,0,0,0,7,7,2826,243,9,16,268,7,3101,1761,23,0,0,23,0,1784,39,101,3,0,104,0,143,0,5,3,0,8,0,8,3,0,0,3,3,0,6,42,106,6,3,115,0,157,0,0,0,0,0,0,0,1803,129,6,3,138,0,1941,1208,7,0,0,7,0,1215,22,63,3,0,66,0,88,0,4,0,0,4,0,4,4,0,0,9,9,0,13,26,67,3,9,79,0,105,0,0,0,0,0,0,0,1234,74,3,9,86,0,1320,1320,18,0,0,Mandurah
503,4781,195,0,3,198,0,4979,404,986,31,0,1017,7,1428,3,95,24,0,119,0,122,3,0,0,3,3,0,6,410,1081,55,3,1139,7,1556,3,5,3,0,8,3,14,5194,1281,58,6,1345,10,6549,4946,127,0,11,138,0,5084,281,784,23,0,807,0,1088,5,60,24,0,84,0,89,0,0,0,3,3,3,6,286,844,47,3,894,3,1183,0,0,0,0,0,0,0,5232,971,47,14,1032,3,6267,2789,81,3,3,87,0,2876,148,411,8,0,419,0,567,0,26,23,0,49,0,49,3,0,0,3,3,0,6,151,437,31,3,471,0,622,0,0,3,0,3,5,8,2940,518,37,6,561,5,3506,1658,58,0,0,58,0,1716,87,252,5,0,257,0,344,0,24,11,0,35,0,35,0,0,0,3,3,0,3,87,276,16,3,295,0,382,0,0,0,0,0,3,3,1745,334,16,3,353,3,2101,2326,65,0,4,Perth - Inner
504,8257,299,7,4,310,0,8567,483,1565,58,0,1623,3,2109,11,210,166,0,376,0,387,11,5,0,7,12,0,23,505,1780,224,7,2011,3,2519,3,10,0,0,10,14,27,8765,2089,231,11,2331,17,11113,7589,237,0,6,243,0,7832,322,1433,55,6,1494,0,1816,11,197,201,0,398,0,409,8,0,0,14,14,0,22,341,1630,256,20,1906,0,2247,8,7,3,0,10,9,27,7938,1874,259,26,2159,9,10106,4416,134,0,4,138,0,4554,188,838,40,3,881,3,1072,10,113,148,0,261,0,271,7,0,0,8,8,0,15,205,951,188,11,1150,3,1358,3,8,0,0,8,6,17,4624,1093,188,15,1296,9,5929,2948,84,5,3,92,0,3040,126,513,32,0,545,3,674,8,86,82,0,168,0,176,6,0,0,7,7,0,13,140,599,114,7,720,3,863,0,3,0,0,3,3,6,3088,686,119,10,815,6,3909,3510,95,4,3,Perth - North East
505,19161,673,4,24,701,0,19862,1140,3947,167,3,4117,12,5269,28,580,446,0,1026,5,1059,23,6,3,59,68,0,91,1191,4533,616,62,5211,17,6419,9,21,0,0,21,20,50,20361,5227,620,86,5933,37,26331,16995,477,3,12,492,3,17490,819,3648,141,4,3793,5,4617,12,470,503,0,973,3,988,21,5,0,28,33,0,54,852,4123,644,32,4799,8,5659,5,15,3,0,18,14,37,17852,4615,650,44,5309,25,23186,10108,245,6,6,257,8,10373,388,2030,83,3,2116,7,2511,14,270,337,0,607,0,621,16,3,3,15,21,0,37,418,2303,423,18,2744,7,3169,4,6,0,0,6,12,22,10530,2554,429,24,3007,27,13564,6784,167,0,12,179,0,6963,259,1307,56,3,1366,0,1625,11,186,243,0,429,0,440,12,3,3,7,13,0,25,282,1496,302,10,1808,0,2090,5,7,0,0,7,9,21,7071,1670,302,22,1994,9,9074,8598,181,0,9,Perth - North West
506,14675,504,3,16,523,8,15206,857,4332,139,9,4480,23,5360,24,632,317,4,953,0,977,22,8,0,38,46,0,68,903,4972,456,51,5479,23,6405,9,24,3,0,27,18,54,15587,5500,462,67,6029,49,21665,12683,363,3,15,381,4,13068,669,3606,128,12,3746,15,4430,12,466,376,3,845,3,860,22,5,3,32,40,0,62,703,4077,507,47,4631,18,5352,9,14,3,0,17,21,47,13395,4454,513,62,5029,43,18467,7509,147,0,13,160,4,7673,348,2043,74,6,2123,0,2471,11,271,270,0,541,3,555,5,3,0,15,18,0,23,364,2317,344,21,2682,3,3049,3,8,0,0,8,10,21,7876,2472,344,34,2850,17,10743,5081,98,0,5,103,0,5184,225,1257,47,3,1307,0,1532,4,183,162,0,345,3,352,4,4,0,13,17,0,21,233,1444,209,16,1669,3,1905,0,4,0,0,4,7,11,5314,1546,209,21,1776,10,7100,6167,110,3,5,Perth - South East
507,14606,492,3,17,512,0,15118,781,1877,47,7,1931,10,2722,17,135,50,0,185,0,202,20,0,0,15,15,0,35,818,2012,97,22,2131,10,2959,11,9,0,0,9,14,34,15435,2513,100,39,2652,24,18111,12884,370,5,28,403,3,13290,580,1849,45,4,1898,4,2482,8,123,76,0,199,0,207,20,3,0,20,23,0,43,608,1975,121,24,2120,4,2732,10,4,0,0,4,10,24,13502,2349,126,52,2527,17,16046,7685,189,0,17,206,3,7894,279,1087,43,0,1130,3,1412,8,86,50,0,136,0,144,12,4,0,16,20,0,32,299,1177,93,16,1286,3,1588,6,3,3,0,6,8,20,7990,1369,96,33,1498,14,9502,5079,119,0,4,123,3,5205,181,732,17,4,753,3,937,13,47,49,0,96,0,109,5,0,0,11,11,0,16,199,779,66,15,860,3,1062,11,0,0,0,0,0,11,5289,898,66,19,983,6,6278,6135,136,0,9,Perth - South West
508,9304,192,0,13,205,0,9509,345,1043,17,4,1064,0,1409,4,48,24,0,72,0,76,13,0,0,56,56,0,69,362,1091,41,60,1192,0,1554,0,5,3,0,8,6,14,9666,1288,44,73,1405,6,11077,8188,134,3,21,158,4,8350,290,1088,23,3,1114,4,1408,12,30,29,0,59,0,71,6,0,0,49,49,0,55,308,1118,52,52,1222,4,1534,0,0,3,0,3,7,10,8496,1252,58,73,1383,15,9894,4525,86,8,8,102,3,4630,143,647,4,4,655,0,798,4,29,32,0,61,0,65,3,0,0,18,18,0,21,150,676,36,22,734,0,884,0,0,0,0,0,4,4,4675,762,44,30,836,7,5518,2578,53,0,8,61,0,2639,71,333,9,0,342,3,416,0,10,9,0,19,0,19,5,0,0,5,5,0,10,76,343,18,5,366,3,445,3,0,0,0,0,0,3,2657,396,18,13,427,3,3087,2271,26,0,6,Western Australia - Outback
509,5773,67,0,6,73,3,5849,125,211,10,0,221,0,346,3,26,21,0,47,0,50,5,0,0,12,12,0,17,133,237,31,12,280,0,413,3,3,0,0,3,0,6,5909,307,31,18,356,3,6268,5737,61,0,4,65,4,5806,97,269,9,0,278,0,375,0,12,36,0,48,0,48,0,0,0,14,14,0,14,97,281,45,14,340,0,437,3,3,0,0,3,0,6,5837,345,45,18,408,4,6249,3501,27,0,0,27,0,3528,61,141,3,0,144,0,205,0,18,15,0,33,0,33,0,0,0,0,0,3,3,61,159,18,0,177,3,241,3,0,0,0,0,0,3,3565,186,18,0,204,3,3772,1911,19,0,0,19,0,1930,35,70,3,0,73,0,108,0,11,24,0,35,0,35,0,0,0,0,0,0,0,35,81,27,0,108,0,143,3,0,0,0,0,0,3,1949,100,27,0,127,0,2076,1827,15,0,0,Western Australia - Wheat Belt
597,0,0,0,0,0,0,0,0,0,0,0,0,0,0,0,0,0,0,0,0,0,0,0,0,0,0,0,0,0,0,0,0,0,0,0,0,0,0,0,0,0,0,0,0,0,0,0,0,0,0,0,0,0,0,0,0,0,0,0,0,0,0,0,0,0,0,0,0,0,0,0,0,0,0,0,0,0,0,0,0,0,0,0,0,0,0,0,0,0,0,0,0,0,0,0,0,0,0,0,0,0,0,0,0,0,0,0,0,0,0,0,0,0,0,0,0,0,0,0,0,0,0,0,0,0,0,0,0,0,0,0,0,0,0,0,0,0,0,0,0,0,0,0,0,0,0,0,0,0,0,0,0,0,0,0,0,0,0,0,0,0,0,0,0,0,0,0,0,0,0,0,0,0,0,0,0,0,0,0,0,0,0,0,0,0,0,0,0,0,0,0,0,0,0,0,0,0,0,0,0,Migratory - Offshore - Shipping (WA)
599,0,0,0,0,0,0,0,0,0,0,0,0,0,0,0,0,0,0,0,0,0,0,0,0,0,0,0,0,0,0,0,0,0,0,0,0,0,0,0,0,0,0,0,0,0,0,0,0,0,0,0,0,0,0,0,0,0,0,0,0,0,0,0,0,0,0,0,0,0,0,0,0,0,0,0,0,0,0,0,0,0,0,0,0,0,0,0,0,0,0,0,0,0,0,0,0,0,0,0,0,0,0,0,0,0,0,0,0,0,0,0,0,0,0,0,0,0,0,0,0,0,0,0,0,0,0,0,0,0,0,0,0,0,0,0,0,0,0,0,0,0,0,0,0,0,0,0,0,0,0,0,0,0,0,0,0,0,0,0,0,0,0,0,0,0,0,0,0,0,0,0,0,0,0,0,0,0,0,0,0,0,0,0,0,0,0,0,0,0,0,0,0,0,0,0,0,0,0,0,0,Special Purpose Codes SA4 (WA)
601,8694,173,0,17,190,0,8884,264,477,19,3,499,0,763,7,61,52,0,113,0,120,16,0,0,8,8,0,24,287,538,71,11,620,0,907,6,4,0,0,4,0,10,8987,715,71,28,814,0,9801,7905,126,0,10,136,0,8041,177,404,13,3,420,0,597,0,56,70,0,126,0,126,12,0,0,7,7,0,19,189,460,83,10,553,0,742,0,0,0,0,0,0,0,8094,586,83,20,689,0,8783,4819,86,0,7,93,3,4915,80,219,16,0,235,0,315,3,21,49,0,70,0,73,12,0,0,7,7,0,19,95,240,65,7,312,0,407,0,0,0,0,0,0,0,4914,326,65,14,405,3,5322,3121,35,3,3,41,0,3162,53,135,3,0,138,0,191,0,21,34,0,55,0,55,6,0,0,6,6,0,12,59,156,37,6,199,0,258,3,0,0,0,0,0,3,3183,191,40,9,240,0,3423,3996,59,0,5,Hobart
602,5738,88,0,10,98,0,5836,114,163,0,0,163,0,277,0,31,26,0,57,0,57,4,0,3,6,9,0,13,118,194,29,6,229,0,347,3,0,0,0,0,4,7,5859,282,29,16,327,4,6190,5479,45,5,8,58,0,5537,92,146,8,0,154,0,246,0,24,26,0,50,0,50,5,0,0,9,9,0,14,97,170,34,9,213,0,310,0,3,0,0,3,0,3,5576,218,39,17,274,0,5850,3481,32,0,7,39,0,3520,50,79,5,0,84,0,134,0,13,38,0,51,0,51,5,0,0,0,0,0,5,55,92,43,0,135,0,190,3,3,0,0,3,0,6,3539,127,43,7,177,0,3716,2286,15,0,4,19,0,2305,31,52,0,0,52,0,83,0,9,26,0,35,0,35,3,0,0,0,0,0,3,34,61,26,0,87,0,121,0,3,0,0,3,0,3,2320,79,26,4,109,0,2429,2856,27,0,3,Launceston and North East
603,1543,16,0,4,20,0,1563,31,22,0,0,22,0,53,4,3,0,0,3,0,7,5,0,0,0,0,0,5,40,25,0,0,25,0,65,0,0,0,0,0,0,0,1583,41,0,4,45,0,1628,1621,15,3,3,21,0,1642,21,27,0,0,27,0,48,4,0,0,0,0,0,4,3,4,0,0,4,0,7,28,31,0,0,31,0,59,0,0,0,0,0,0,0,1649,46,3,3,52,0,1701,992,6,0,3,9,0,1001,8,6,0,0,6,0,14,3,5,0,0,5,0,8,0,0,0,0,0,0,0,11,11,0,0,11,0,22,0,0,0,0,0,0,0,1003,17,0,3,20,0,1023,633,4,0,3,7,0,640,13,5,0,0,5,0,18,0,0,0,0,0,0,0,3,0,0,0,0,0,3,16,5,0,0,5,0,21,3,0,0,0,0,0,3,652,9,0,3,12,0,664,663,0,0,3,South East
604,4709,26,0,9,35,0,4744,63,64,4,0,68,0,131,0,8,0,0,8,0,8,7,3,0,9,12,0,19,70,75,4,9,88,0,158,0,0,0,0,0,0,0,4779,101,4,18,123,0,4902,4362,17,0,6,23,0,4385,46,80,3,0,83,0,129,0,0,5,0,5,0,5,5,0,0,6,6,0,11,51,80,8,6,94,0,145,4,0,0,0,0,0,4,4417,97,8,12,117,0,4534,2853,9,0,0,9,0,2862,33,45,0,3,48,3,84,3,4,0,0,4,0,7,3,0,0,3,3,0,6,39,49,0,6,55,3,97,0,0,0,0,0,0,0,2892,58,0,6,64,3,2959,1967,11,0,0,11,0,1978,16,20,0,0,20,0,36,0,0,5,0,5,0,5,5,0,0,3,3,0,8,21,20,5,3,28,0,49,0,0,0,0,0,0,0,1988,31,5,3,39,0,2027,2205,13,0,4,West and North West
697,0,0,0,0,0,0,0,0,0,0,0,0,0,0,0,0,0,0,0,0,0,0,0,0,0,0,0,0,0,0,0,0,0,0,0,0,0,0,0,0,0,0,0,0,0,0,0,0,0,0,0,0,0,0,0,0,0,0,0,0,0,0,0,0,0,0,0,0,0,0,0,0,0,0,0,0,0,0,0,0,0,0,0,0,0,0,0,0,0,0,0,0,0,0,0,0,0,0,0,0,0,0,0,0,0,0,0,0,0,0,0,0,0,0,0,0,0,0,0,0,0,0,0,0,0,0,0,0,0,0,0,0,0,0,0,0,0,0,0,0,0,0,0,0,0,0,0,0,0,0,0,0,0,0,0,0,0,0,0,0,0,0,0,0,0,0,0,0,0,0,0,0,0,0,0,0,0,0,0,0,0,0,0,0,0,0,0,0,0,0,0,0,0,0,0,0,0,0,0,0,Migratory - Offshore - Shipping (Tas.)
699,0,0,0,0,0,0,0,0,0,0,0,0,0,0,0,0,0,0,0,0,0,0,0,0,0,0,0,0,0,0,0,0,0,0,0,0,0,0,0,0,0,0,0,0,0,0,0,0,0,0,0,0,0,0,0,0,0,0,0,0,0,0,0,0,0,0,0,0,0,0,0,0,0,0,0,0,0,0,0,0,0,0,0,0,0,0,0,0,0,0,0,0,0,0,0,0,0,0,0,0,0,0,0,0,0,0,0,0,0,0,0,0,0,0,0,0,0,0,0,0,0,0,0,0,0,0,0,0,0,0,0,0,0,0,0,0,0,0,0,0,0,0,0,0,0,0,0,0,0,0,0,0,0,0,0,0,0,0,0,0,0,0,0,0,0,0,0,0,0,0,0,0,0,0,0,0,0,0,0,0,0,0,0,0,0,0,0,0,0,0,0,0,0,0,0,0,0,0,0,0,Special Purpose Codes SA4 (Tas.)
701,4538,207,0,9,216,0,4754,307,865,39,4,908,0,1215,8,87,64,0,151,0,159,12,0,0,14,14,0,26,327,952,103,18,1073,0,1400,5,3,0,0,3,3,11,4870,1162,103,27,1292,3,6165,3892,119,3,4,126,0,4018,251,839,31,3,873,0,1124,8,88,89,0,177,0,185,12,3,0,12,15,0,27,271,930,120,15,1065,0,1336,0,5,0,0,5,0,5,4163,1054,123,19,1196,0,5359,2184,58,0,0,58,0,2242,145,461,33,5,499,0,644,4,45,54,0,99,3,106,12,8,0,5,13,0,25,161,514,87,10,611,3,775,0,4,0,3,7,3,10,2345,576,87,13,676,6,3027,1416,23,3,3,29,0,1445,89,309,20,0,329,0,418,10,31,30,0,61,0,71,4,3,0,3,6,0,10,103,343,50,3,396,0,499,0,0,0,0,0,3,3,1519,366,53,6,425,3,1947,1549,29,0,3,Darwin
702,2573,102,6,4,112,3,2688,171,2327,80,0,2407,11,2589,6,86,123,0,209,3,218,5,0,0,62,62,5,72,182,2413,203,62,2678,19,2879,0,11,0,0,11,22,33,2755,2526,209,66,2801,44,5600,2124,100,4,3,107,3,2234,146,2482,98,0,2580,8,2734,5,67,116,0,183,5,193,3,0,0,50,50,0,53,154,2549,214,50,2813,13,2980,0,7,0,0,7,27,34,2278,2656,218,53,2927,43,5248,1125,33,0,0,33,0,1158,91,1335,48,0,1383,4,1478,6,34,74,0,108,6,120,3,0,0,29,29,0,32,100,1369,122,29,1520,10,1630,3,4,0,0,4,7,14,1228,1406,122,29,1557,17,2802,626,21,0,3,24,0,650,50,698,27,0,725,0,775,0,24,33,0,57,0,57,0,3,0,17,20,3,23,50,725,60,17,802,3,855,0,3,0,0,3,9,12,676,749,60,20,829,12,1517,633,12,0,0,Northern Territory - Outback
797,0,0,0,0,0,0,0,0,0,0,0,0,0,0,0,0,0,0,0,0,0,0,0,0,0,0,0,0,0,0,0,0,0,0,0,0,0,0,0,0,0,0,0,0,0,0,0,0,0,0,0,0,0,0,0,0,0,0,0,0,0,0,0,0,0,0,0,0,0,0,0,0,0,0,0,0,0,0,0,0,0,0,0,0,0,0,0,0,0,0,0,0,0,0,0,0,0,0,0,0,0,0,0,0,0,0,0,0,0,0,0,0,0,0,0,0,0,0,0,0,0,0,0,0,0,0,0,0,0,0,0,0,0,0,0,0,0,0,0,0,0,0,0,0,0,0,0,0,0,0,0,0,0,0,0,0,0,0,0,0,0,0,0,0,0,0,0,0,0,0,0,0,0,0,0,0,0,0,0,0,0,0,0,0,0,0,0,0,0,0,0,0,0,0,0,0,0,0,0,0,Migratory - Offshore - Shipping (NT)
799,0,0,0,0,0,0,0,0,0,0,0,0,0,0,0,0,0,0,0,0,0,0,0,0,0,0,0,0,0,0,0,0,0,0,0,0,0,0,0,0,0,0,0,0,0,0,0,0,0,0,0,0,0,0,0,0,0,0,0,0,0,0,0,0,0,0,0,0,0,0,0,0,0,0,0,0,0,0,0,0,0,0,0,0,0,0,0,0,0,0,0,0,0,0,0,0,0,0,0,0,0,0,0,0,0,0,0,0,0,0,0,0,0,0,0,0,0,0,0,0,0,0,0,0,0,0,0,0,0,0,0,0,0,0,0,0,0,0,0,0,0,0,0,0,0,0,0,0,0,0,0,0,0,0,0,0,0,0,0,0,0,0,0,0,0,0,0,0,0,0,0,0,0,0,0,0,0,0,0,0,0,0,0,0,0,0,0,0,0,0,0,0,0,0,0,0,0,0,0,0,Special Purpose Codes SA4 (NT)
801,14238,535,0,21,556,3,14797,890,3286,93,5,3384,9,4283,14,243,98,0,341,0,355,22,3,0,15,18,0,40,926,3532,191,20,3743,9,4678,6,21,0,0,21,9,36,15170,4088,191,41,4320,21,19511,12328,389,7,13,409,0,12737,709,2630,78,0,2708,3,3420,11,155,97,0,252,0,263,16,5,0,16,21,0,37,736,2790,175,16,2981,3,3720,0,16,3,0,19,9,28,13064,3195,185,29,3409,12,16485,7007,200,5,7,212,0,7219,352,1398,51,4,1453,4,1809,6,87,48,0,135,0,141,13,3,0,3,6,0,19,371,1488,99,7,1594,4,1969,0,6,3,0,9,8,17,7378,1694,107,14,1815,12,9205,4550,119,0,8,127,3,4680,189,879,27,0,906,0,1095,3,57,56,0,113,0,116,9,3,0,5,8,0,17,201,939,83,5,1027,0,1228,3,9,0,0,9,0,12,4754,1067,83,13,1163,3,5920,6222,159,0,8,Australian Capital Territory
897,0,0,0,0,0,0,0,0,0,0,0,0,0,0,0,0,0,0,0,0,0,0,0,0,0,0,0,0,0,0,0,0,0,0,0,0,0,0,0,0,0,0,0,0,0,0,0,0,0,0,0,0,0,0,0,0,0,0,0,0,0,0,0,0,0,0,0,0,0,0,0,0,0,0,0,0,0,0,0,0,0,0,0,0,0,0,0,0,0,0,0,0,0,0,0,0,0,0,0,0,0,0,0,0,0,0,0,0,0,0,0,0,0,0,0,0,0,0,0,0,0,0,0,0,0,0,0,0,0,0,0,0,0,0,0,0,0,0,0,0,0,0,0,0,0,0,0,0,0,0,0,0,0,0,0,0,0,0,0,0,0,0,0,0,0,0,0,0,0,0,0,0,0,0,0,0,0,0,0,0,0,0,0,0,0,0,0,0,0,0,0,0,0,0,0,0,0,0,0,0,Migratory - Offshore - Shipping (ACT)
899,0,0,0,0,0,0,0,0,0,0,0,0,0,0,0,0,0,0,0,0,0,0,0,0,0,0,0,0,0,0,0,0,0,0,0,0,0,0,0,0,0,0,0,0,0,0,0,0,0,0,0,0,0,0,0,0,0,0,0,0,0,0,0,0,0,0,0,0,0,0,0,0,0,0,0,0,0,0,0,0,0,0,0,0,0,0,0,0,0,0,0,0,0,0,0,0,0,0,0,0,0,0,0,0,0,0,0,0,0,0,0,0,0,0,0,0,0,0,0,0,0,0,0,0,0,0,0,0,0,0,0,0,0,0,0,0,0,0,0,0,0,0,0,0,0,0,0,0,0,0,0,0,0,0,0,0,0,0,0,0,0,0,0,0,0,0,0,0,0,0,0,0,0,0,0,0,0,0,0,0,0,0,0,0,0,0,0,0,0,0,0,0,0,0,0,0,0,0,0,0,Special Purpose Codes SA4 (ACT)
901,32,0,0,0,0,0,32,3,48,7,0,55,0,58,0,11,0,0,11,0,11,0,0,0,0,0,0,0,3,59,7,0,66,0,69,0,0,0,0,0,0,0,35,59,7,0,66,0,101,50,3,0,0,3,0,53,0,47,5,3,55,0,55,3,6,0,0,6,0,9,0,0,0,0,0,0,0,3,53,5,3,61,0,64,0,0,0,0,0,0,0,53,56,5,3,64,0,117,27,0,0,0,0,0,27,3,29,0,0,29,0,32,0,3,7,0,10,0,10,0,0,3,0,3,0,3,3,32,10,0,42,0,45,0,0,0,0,0,0,0,30,32,10,0,42,0,72,13,0,0,0,0,0,13,3,14,3,0,17,0,20,0,10,12,0,22,0,22,0,0,0,0,0,0,0,3,24,15,0,39,0,42,0,0,0,0,0,0,0,16,24,15,0,39,0,55,10,0,0,0,Other Territories
997,0,0,0,0,0,0,0,0,0,0,0,0,0,0,0,0,0,0,0,0,0,0,0,0,0,0,0,0,0,0,0,0,0,0,0,0,0,0,0,0,0,0,0,0,0,0,0,0,0,0,0,0,0,0,0,0,0,0,0,0,0,0,0,0,0,0,0,0,0,0,0,0,0,0,0,0,0,0,0,0,0,0,0,0,0,0,0,0,0,0,0,0,0,0,0,0,0,0,0,0,0,0,0,0,0,0,0,0,0,0,0,0,0,0,0,0,0,0,0,0,0,0,0,0,0,0,0,0,0,0,0,0,0,0,0,0,0,0,0,0,0,0,0,0,0,0,0,0,0,0,0,0,0,0,0,0,0,0,0,0,0,0,0,0,0,0,0,0,0,0,0,0,0,0,0,0,0,0,0,0,0,0,0,0,0,0,0,0,0,0,0,0,0,0,0,0,0,0,0,0,Migratory - Offshore - Shipping (OT)
999,0,0,0,0,0,0,0,0,0,0,0,0,0,0,0,0,0,0,0,0,0,0,0,0,0,0,0,0,0,0,0,0,0,0,0,0,0,0,0,0,0,0,0,0,0,0,0,0,0,0,0,0,0,0,0,0,0,0,0,0,0,0,0,0,0,0,0,0,0,0,0,0,0,0,0,0,0,0,0,0,0,0,0,0,0,0,0,0,0,0,0,0,0,0,0,0,0,0,0,0,0,0,0,0,0,0,0,0,0,0,0,0,0,0,0,0,0,0,0,0,0,0,0,0,0,0,0,0,0,0,0,0,0,0,0,0,0,0,0,0,0,0,0,0,0,0,0,0,0,0,0,0,0,0,0,0,0,0,0,0,0,0,0,0,0,0,0,0,0,0,0,0,0,0,0,0,0,0,0,0,0,0,0,0,0,0,0,0,0,0,0,0,0,0,0,0,0,0,0,0,Special Purpose Codes SA4 (OT)
