SA4_MAIN11,F_Mgnt_Com_35_44,F_Mgnt_Com_45_54,F_Mgnt_Com_55_64,F_Mgnt_Com_65_74,F_Mgnt_Com_75_84,F_Mgnt_Com_85ov,F_Mgnt_Com_Tot,F_Society_Cult_15_24,F_Society_Cult_25_34,F_Society_Cult_35_44,F_Society_Cult_45_54,F_Society_Cult_55_64,F_Society_Cult_65_74,F_Society_Cult_75_84,F_Society_Cult_85ov,F_Society_Cult_Tot,F_Creative_Arts_15_24,F_Creative_Arts_25_34,F_Creative_Arts_35_44,F_Creative_Arts_45_54,F_Creative_Arts_55_64,F_Creative_Arts_65_74,F_Creative_Arts_75_84,F_Creative_Arts_85ov,F_Creative_Arts_Tot,F_Fd_Hosp_Psnl_Svcs_15_24,F_Fd_Hosp_Psnl_Svcs_25_34,F_Fd_Hosp_Psnl_Svcs_35_44,F_Fd_Hosp_Psnl_Svcs_45_54,F_Fd_Hosp_Psnl_Svcs_55_64,F_Fd_Hosp_Psnl_Svcs_65_74,F_Fd_Hosp_Psnl_Svcs_75_84,F_Fd_Hosp_Psnl_Svcs_85ov,F_Fd_Hosp_Psnl_Svcs_Tot,F_MixFld_Prgm_15_24,F_MixFld_Prgm_25_34,F_MixFld_Prgm_35_44,F_MixFld_Prgm_45_54,F_MixFld_Prgm_55_64,F_MixFld_Prgm_65_74,F_MixFld_Prgm_75_84,F_MixFld_Prgm_85ov,F_MixFld_Prgm_Tot,F_FldStd_InadDes_15_24,F_FldStd_InadDes_25_34,F_FldStd_InadDes_35_44,F_FldStd_InadDes_45_54,F_FldStd_InadDes_55_64,F_FldStd_InadDes_65_74,F_FldStd_InadDes_75_84,F_FldStd_InadDes_85ov,F_FldStd_InadDes_Tot,F_FldStd_NS_15_24,F_FldStd_NS_25_34,F_FldStd_NS_35_44,F_FldStd_NS_45_54,F_FldStd_NS_55_64,F_FldStd_NS_65_74,F_FldStd_NS_75_84,F_FldStd_NS_85ov,F_FldStd_NS_Tot,F_Tot_15_24,F_Tot_25_34,F_Tot_35_44,F_Tot_45_54,F_Tot_55_64,F_Tot_65_74,F_Tot_75_84,F_Tot_85ov,F_Tot_Tot,P_NatPhyl_Scn_15_24,P_NatPhyl_Scn_25_34,P_NatPhyl_Scn_35_44,P_NatPhyl_Scn_45_54,P_NatPhyl_Scn_55_64,P_NatPhyl_Scn_65_74,P_NatPhyl_Scn_75_84,P_NatPhyl_Scn_85ov,P_NatPhyl_Scn_Tot,P_InfoTech_15_24,P_InfoTech_25_34,P_InfoTech_35_44,P_InfoTech_45_54,P_InfoTech_55_64,P_InfoTech_65_74,P_InfoTech_75_84,P_InfoTech_85ov,P_InfoTech_Tot,P_Eng_RelTec_15_24,P_Eng_RelTec_25_34,P_Eng_RelTec_35_44,P_Eng_RelTec_45_54,P_Eng_RelTec_55_64,P_Eng_RelTec_65_74,P_Eng_RelTec_75_84,P_Eng_RelTec_85ov,P_Eng_RelTec_Tot,P_ArchtBldng_15_24,P_ArchtBldng_25_34,P_ArchtBldng_35_44,P_ArchtBldng_45_54,P_ArchtBldng_55_64,P_ArchtBldng_65_74,P_ArchtBldng_75_84,P_ArchtBldng_85ov,P_ArchtBldng_Tot,P_Ag_Envir_Rltd_Sts_15_24,P_Ag_Envir_Rltd_Sts_25_34,P_Ag_Envir_Rltd_Sts_35_44,P_Ag_Envir_Rltd_Sts_45_54,P_Ag_Envir_Rltd_Sts_55_64,P_Ag_Envir_Rltd_Sts_65_74,P_Ag_Envir_Rltd_Sts_75_84,P_Ag_Envir_Rltd_Sts_85ov,P_Ag_Envir_Rltd_Sts_Tot,P_Health_15_24,P_Health_25_34,P_Health_35_44,P_Health_45_54,P_Health_55_64,P_Health_65_74,P_Health_75_84,P_Health_85ov,P_Health_Tot,P_Educ_15_24,P_Educ_25_34,P_Educ_35_44,P_Educ_45_54,P_Educ_55_64,P_Educ_65_74,P_Educ_75_84,P_Educ_85ov,P_Educ_Tot,P_Mgnt_Com_15_24,P_Mgnt_Com_25_34,P_Mgnt_Com_35_44,P_Mgnt_Com_45_54,P_Mgnt_Com_55_64,P_Mgnt_Com_65_74,P_Mgnt_Com_75_84,P_Mgnt_Com_85ov,P_Mgnt_Com_Tot,P_Society_Cult_15_24,P_Society_Cult_25_34,P_Society_Cult_35_44,P_Society_Cult_45_54,P_Society_Cult_55_64,P_Society_Cult_65_74,P_Society_Cult_75_84,P_Society_Cult_85ov,P_Society_Cult_Tot,P_Creative_Arts_15_24,P_Creative_Arts_25_34,P_Creative_Arts_35_44,P_Creative_Arts_45_54,P_Creative_Arts_55_64,P_Creative_Arts_65_74,P_Creative_Arts_75_84,P_Creative_Arts_85ov,P_Creative_Arts_Tot,P_Fd_Hosp_Psnl_Svcs_15_24,P_Fd_Hosp_Psnl_Svcs_25_34,P_Fd_Hosp_Psnl_Svcs_35_44,P_Fd_Hosp_Psnl_Svcs_45_54,P_Fd_Hosp_Psnl_Svcs_55_64,P_Fd_Hosp_Psnl_Svcs_65_74,P_Fd_Hosp_Psnl_Svcs_75_84,P_Fd_Hosp_Psnl_Svcs_85ov,P_Fd_Hosp_Psnl_Svcs_Tot,P_MixFld_Prgm_15_24,P_MixFld_Prgm_25_34,P_MixFld_Prgm_35_44,P_MixFld_Prgm_45_54,P_MixFld_Prgm_55_64,P_MixFld_Prgm_65_74,P_MixFld_Prgm_75_84,P_MixFld_Prgm_85ov,P_MixFld_Prgm_Tot,P_FldStd_InadDes_15_24,P_FldStd_InadDes_25_34,P_FldStd_InadDes_35_44,P_FldStd_InadDes_45_54,P_FldStd_InadDes_55_64,P_FldStd_InadDes_65_74,P_FldStd_InadDes_75_84,P_FldStd_InadDes_85ov,P_FldStd_InadDes_Tot,P_FldStd_NS_15_24,P_FldStd_NS_25_34,P_FldStd_NS_35_44,P_FldStd_NS_45_54,P_FldStd_NS_55_64,P_FldStd_NS_65_74,P_FldStd_NS_75_84,P_FldStd_NS_85ov,P_FldStd_NS_Tot,P_Tot_15_24,P_Tot_25_34,P_Tot_35_44,P_Tot_45_54,SA4_NAME11
101,2386,2101,1651,731,243,117,9688,524,1210,1564,1507,1102,412,99,18,6436,99,296,387,324,236,128,61,16,1547,438,734,661,461,366,158,36,16,2870,13,3,6,12,0,10,5,3,52,16,68,123,122,84,27,13,8,461,972,727,934,1005,1097,1197,1240,703,7875,3277,6880,9139,9245,7988,4453,2361,1106,44449,62,296,515,491,502,310,103,21,2300,195,479,465,444,272,71,14,0,1940,749,1658,2553,3026,2853,1978,892,242,13951,438,938,1242,1476,1238,744,338,79,6493,239,574,906,892,688,357,154,30,3840,238,925,1478,2110,1855,1019,440,140,8205,135,798,1216,1566,1975,976,307,89,7062,926,2371,3397,3114,2611,1250,424,174,14267,663,1682,2363,2254,1874,831,233,64,9964,158,454,544,500,423,233,92,23,2427,638,1144,1139,843,619,306,104,28,4821,20,6,11,18,10,13,10,6,94,36,165,261,259,227,106,50,18,1122,2260,1782,2238,2401,2409,2357,2143,1040,16630,6757,13272,18328,19394,Capital Region
102,3518,3122,2310,1305,596,191,15554,949,1855,2038,1813,1182,481,168,34,8520,272,510,525,369,231,146,73,23,2149,797,1217,1196,808,560,272,127,44,5021,14,13,18,12,15,7,7,4,90,27,51,128,88,77,48,25,10,454,1507,962,1371,1546,1511,2027,2501,1807,13232,6137,11243,13362,12819,9802,6289,4564,2415,66631,128,335,513,424,359,226,111,32,2128,307,647,695,527,271,62,17,3,2529,1021,2544,3789,4776,4152,3225,1882,589,21978,700,1792,2155,2073,1587,1058,596,169,10130,296,576,619,522,282,172,79,21,2567,709,2114,2738,3299,2293,1161,632,173,13119,324,1589,1897,2147,2409,1117,555,134,10172,1960,4339,5181,4798,3796,2244,1005,320,23643,1270,2511,2851,2561,1863,881,353,87,12377,484,806,830,594,452,279,126,41,3612,1082,1814,1855,1301,951,541,245,75,7864,26,20,23,27,26,12,17,4,155,74,153,265,232,203,122,74,39,1162,3322,2111,2915,3262,3077,3708,4240,2664,25299,11703,21351,26326,26543,Central Coast
103,1893,1780,1315,525,220,73,8266,519,1055,1034,922,641,235,61,19,4486,116,255,211,180,140,105,30,15,1052,511,705,610,339,233,105,40,9,2552,15,5,8,6,7,7,4,3,55,17,37,70,51,40,9,11,5,240,1077,636,886,909,1042,1168,1109,561,7388,3831,6822,7752,7465,6213,3557,2155,903,38698,59,221,285,274,241,122,32,10,1244,153,260,227,199,136,46,4,3,1028,1079,2301,2759,2913,2365,1441,683,165,13706,463,856,836,902,750,428,219,43,4497,314,686,890,948,718,486,168,34,4244,483,1223,1566,1900,1615,786,409,129,8111,242,1068,1375,1448,1570,771,313,77,6864,988,2275,2616,2517,1999,852,333,111,11691,625,1327,1442,1305,1001,424,147,38,6309,198,350,310,267,246,170,49,15,1605,718,1043,963,611,407,242,94,17,4095,25,12,11,12,10,7,10,3,90,45,84,162,163,109,52,43,15,673,2663,1837,2175,2136,2259,2292,1995,837,16194,8055,13543,15617,15595,Central West
104,1208,1368,1100,492,181,81,5983,293,639,861,1005,687,223,53,13,3774,52,139,196,203,140,72,21,9,832,324,447,442,329,248,111,47,10,1958,13,3,6,6,3,3,3,3,40,9,26,50,51,44,7,12,3,202,605,358,500,601,620,784,889,628,4985,2195,3783,5133,6017,5029,2741,1634,858,27390,31,98,160,173,237,121,39,5,864,127,164,174,154,97,35,11,0,762,400,801,1290,1800,1974,1395,726,174,8560,216,493,722,1016,900,493,240,66,4146,153,318,449,432,291,118,68,10,1839,209,646,1118,1515,1286,623,271,73,5741,82,527,802,1156,1385,699,248,53,4952,704,1353,1683,1939,1694,802,306,116,8597,359,847,1193,1350,1101,388,126,32,5396,108,237,294,313,256,124,43,16,1391,460,747,714,579,447,234,80,20,3281,27,8,6,6,7,6,6,6,72,25,55,113,119,124,43,34,9,522,1339,860,1130,1327,1349,1443,1568,927,9943,4240,7154,9848,11879,Coffs Harbour - Grafton
105,964,909,568,208,89,25,4062,289,573,562,506,331,106,22,3,2392,36,86,71,61,58,37,10,3,362,262,367,282,191,131,68,20,7,1328,4,3,5,8,8,0,0,0,28,8,18,40,24,21,5,8,0,124,750,490,611,688,647,759,779,400,5124,2299,4026,4208,4236,3147,1821,1208,528,21473,22,101,118,100,104,33,14,3,495,64,120,87,110,44,20,7,0,452,529,1046,1224,1405,1181,678,320,74,6457,237,385,371,453,410,252,92,18,2218,254,478,589,564,330,188,78,12,2493,264,763,833,1115,821,399,181,66,4442,182,836,835,765,689,275,98,30,3710,532,1184,1340,1291,868,337,128,30,5710,355,783,832,714,512,171,47,9,3423,60,124,99,102,97,50,20,8,560,348,530,451,320,241,140,58,10,2098,13,6,8,12,11,4,0,0,54,23,43,81,63,65,25,19,3,322,1671,1239,1390,1536,1432,1495,1385,582,10730,4554,7638,8258,8550,Far West and Orana
106,2629,2160,1467,719,244,87,11152,586,1287,1201,1157,725,253,66,11,5286,129,307,244,185,151,79,55,7,1157,705,1032,947,511,353,132,39,18,3737,10,3,10,15,6,7,5,3,59,22,51,102,62,59,25,10,8,339,1216,790,1104,1096,1221,1242,1292,669,8630,4876,8832,9673,8820,6953,3862,2298,978,46292,94,294,380,331,311,151,47,5,1613,175,349,265,259,169,52,13,0,1282,1899,4279,4894,5101,4036,2425,1011,262,23907,416,946,1115,1156,953,672,246,57,5561,288,662,638,510,342,175,59,15,2689,465,1412,1857,2247,1794,911,351,106,9143,200,999,1315,1421,1646,719,292,65,6657,1600,3250,3585,3128,2266,1225,429,122,15605,704,1620,1627,1502,1107,469,149,22,7200,211,421,357,282,238,137,81,12,1739,926,1633,1440,835,594,329,110,27,5894,20,6,15,22,14,7,8,3,95,60,151,255,179,146,81,36,15,923,2783,2053,2548,2582,2536,2429,2273,1010,18214,9841,18075,20291,19555,Hunter Valley exc Newcastle
107,3304,2709,1703,827,355,116,13846,1058,2031,2058,1794,1109,376,130,33,8589,296,548,502,363,218,116,52,18,2113,693,1059,945,627,347,170,63,33,3937,24,9,10,10,13,12,11,6,95,49,94,112,108,57,33,25,3,481,1326,841,997,1164,1230,1359,1661,786,9364,6280,11690,12194,11411,8201,4398,2940,1207,58321,261,657,607,573,504,260,85,14,2961,409,960,619,446,203,50,12,0,2699,1429,3688,4771,5603,4588,2795,1468,451,24793,721,1624,1757,1527,1023,715,412,98,7877,172,492,470,381,197,96,36,13,1857,720,2046,2311,2517,1688,786,348,107,10523,361,1700,1935,2384,2495,974,384,99,10332,2250,4588,4867,4105,2816,1311,537,176,20650,1439,2818,2931,2483,1693,644,245,57,12310,535,907,765,569,348,169,79,27,3399,938,1588,1394,952,580,343,135,46,5976,77,20,17,15,25,21,14,6,195,101,207,256,254,165,82,52,18,1135,2931,1994,2192,2558,2488,2561,2915,1194,18833,12344,23289,24892,24367,Illawarra
108,1746,2068,1693,1011,418,133,9050,412,864,1113,1274,908,354,98,23,5046,74,161,222,234,186,136,57,17,1087,407,663,633,549,406,205,88,21,2972,14,5,7,11,9,11,10,3,70,10,41,67,60,64,35,12,4,293,921,449,793,945,1102,1501,1767,1222,8700,3040,5019,7237,8752,7588,5138,3324,1649,41747,8,88,205,221,279,199,77,30,1107,145,202,223,240,217,69,11,0,1107,577,1181,1918,2760,3030,2792,1539,435,14232,323,714,1099,1416,1366,959,470,103,6450,181,353,586,565,437,205,104,22,2453,361,979,1642,2381,1929,1107,534,146,9079,137,631,1173,1559,2007,1109,479,90,7185,876,1740,2406,2793,2493,1658,704,224,12894,500,1097,1547,1733,1380,624,230,43,7154,107,248,331,352,340,210,92,22,1702,614,1027,1031,903,715,426,169,46,4931,29,8,7,19,13,19,15,6,116,26,90,129,141,168,117,52,22,745,2064,1196,1694,2106,2363,2835,3133,1792,17183,5948,9554,13991,17189,Mid North Coast
109,995,889,523,232,104,40,4223,234,591,655,624,469,129,28,7,2737,45,128,105,87,66,42,14,8,495,363,427,425,287,194,93,45,7,1841,9,8,4,3,0,0,0,0,24,13,34,31,39,30,12,0,6,165,566,326,438,538,580,722,787,526,4483,2120,3964,4246,4353,3405,2029,1297,713,22127,37,124,155,102,107,50,17,5,597,75,135,128,94,70,27,4,0,533,533,1097,1230,1518,1316,873,381,110,7058,317,454,490,559,441,291,166,29,2747,218,530,588,558,390,184,72,11,2551,256,795,817,1120,964,476,217,71,4716,109,591,696,858,780,446,141,39,3660,619,1430,1509,1375,960,441,183,55,6572,314,748,892,773,651,204,54,21,3657,79,197,146,130,111,61,22,8,754,451,639,635,440,307,168,84,19,2743,12,8,4,3,4,0,3,0,34,21,68,81,85,76,41,12,13,397,1278,757,964,1159,1274,1408,1421,773,9034,4319,7573,8335,8774,Murray
110,1612,1593,1117,475,166,54,7128,508,938,1041,1030,719,262,56,16,4570,100,173,197,156,106,67,40,8,847,443,529,460,330,210,84,24,12,2092,16,8,11,0,10,3,0,3,51,14,55,66,49,37,23,5,4,253,1045,642,851,881,880,1072,1090,603,7064,3532,5966,6845,7051,5641,3322,1936,873,35166,64,198,273,271,275,156,48,26,1311,120,209,159,152,106,38,12,0,796,787,1609,1755,2116,1837,1171,463,109,9847,363,617,659,807,680,416,201,34,3777,372,852,941,835,659,393,161,41,4254,367,993,1322,1739,1472,795,330,117,7135,195,1009,1204,1363,1452,682,256,69,6230,925,1972,2271,2225,1676,794,257,74,10194,630,1266,1498,1411,1165,447,123,35,6575,165,263,293,250,199,107,61,13,1351,615,812,737,566,388,191,61,24,3394,26,18,18,11,10,8,0,3,94,39,107,155,151,98,69,17,14,650,2248,1503,1831,1942,1916,2096,1894,878,14308,6916,11428,13116,13839,New England and North West
111,3771,3192,2331,1040,476,170,16733,995,2299,2222,2017,1373,558,166,34,9664,421,827,516,368,246,160,66,25,2629,840,1269,1065,725,462,231,124,34,4750,20,10,9,13,10,10,10,3,85,57,108,137,138,92,48,22,12,614,1495,1054,1230,1427,1441,1798,2148,1495,12088,7371,14949,14740,14003,10845,6220,4189,2112,74429,287,780,800,677,625,320,112,30,3631,366,928,681,426,240,59,12,4,2716,1887,4991,5591,6423,5719,3779,2063,626,31079,870,1947,1967,1907,1480,1016,573,175,9935,196,588,593,426,261,152,61,9,2286,1048,3374,3696,3950,2861,1356,720,204,17209,414,2130,2423,2805,3134,1532,697,172,13307,2527,5673,5715,5021,3778,1815,751,236,25516,1325,3160,3234,2906,2193,979,364,86,14247,689,1345,791,598,409,242,92,31,4197,1180,1926,1625,1122,763,441,220,55,7332,47,19,16,21,17,13,18,6,157,113,219,288,310,223,122,65,26,1366,3304,2446,2774,3183,2971,3271,3658,2186,23793,14253,29526,30194,29775,Newcastle and Lake Macquarie
112,2144,2243,1614,767,358,122,9637,470,1206,1660,1808,1249,412,113,20,6938,181,496,630,507,324,111,52,24,2325,519,789,793,608,384,170,100,21,3384,13,8,16,11,11,8,0,3,70,31,69,112,101,86,38,18,7,462,972,667,903,1078,1131,1267,1595,1012,8625,3514,7250,9942,11027,8907,4600,3086,1481,49807,52,219,390,388,440,196,83,27,1795,171,245,328,329,229,57,7,0,1366,587,1438,2051,2990,2894,2048,1161,389,13558,439,1014,1497,1721,1447,786,424,106,7434,242,617,813,720,513,201,88,19,3213,355,1373,2227,2979,2405,1091,541,176,11147,176,1010,1679,2196,2636,1155,461,118,9431,1017,2355,3027,3215,2596,1280,617,199,14306,618,1564,2258,2486,2024,747,239,39,9975,318,783,968,826,633,223,98,33,3882,748,1338,1339,1105,715,372,191,43,5851,24,14,24,18,22,12,6,8,128,55,128,201,239,205,93,59,34,1014,2196,1474,1940,2389,2353,2377,2774,1547,17050,6998,13572,18742,21601,Richmond - Tweed
113,1478,1397,897,347,136,56,6433,427,848,758,685,428,116,42,12,3316,90,198,142,99,63,34,17,4,647,433,545,391,287,181,77,24,7,1945,10,3,7,11,3,6,0,0,40,20,48,47,44,31,12,5,0,207,847,514,583,679,697,823,836,472,5451,3190,5576,5711,5427,4055,2261,1453,693,28366,82,232,253,206,155,69,27,8,1032,94,234,152,118,86,25,5,0,714,869,1701,1803,2002,1501,834,332,92,9134,418,626,590,736,569,261,155,30,3385,292,580,764,683,520,280,107,27,3253,385,1004,1164,1244,977,507,248,103,5632,189,842,1117,1102,1068,437,194,58,5007,891,2016,2094,1967,1356,535,200,73,9132,494,1106,1118,948,640,223,89,18,4636,166,309,212,170,117,61,28,4,1067,578,803,648,509,317,161,52,14,3082,21,7,13,15,10,6,0,0,72,43,125,125,135,90,37,20,0,575,1962,1470,1568,1679,1526,1596,1472,689,11962,6484,11055,11621,11514,Riverina
114,1235,1370,1169,822,290,92,6271,318,624,872,963,757,335,104,21,3994,75,168,255,232,190,138,55,9,1122,342,451,465,364,224,148,63,20,2077,10,10,4,10,6,9,7,3,59,12,24,59,58,60,38,19,7,277,670,382,562,703,745,972,1075,715,5824,2252,3684,5290,6150,5584,3857,2300,1012,30129,49,115,172,239,264,192,87,24,1142,60,127,135,146,104,57,12,0,641,536,1161,1683,2314,2189,1991,1079,284,11237,269,613,811,957,846,640,316,74,4526,149,300,415,378,268,169,71,13,1763,222,632,1060,1463,1332,775,431,98,6013,112,456,801,1161,1479,819,353,55,5236,575,1149,1738,1941,1879,1397,510,152,9341,398,797,1199,1364,1175,654,242,52,5881,120,249,381,354,300,228,89,22,1743,474,681,740,598,420,303,112,28,3356,18,13,9,14,10,12,7,3,86,38,68,121,154,133,86,44,14,658,1549,1013,1306,1586,1533,1857,1942,1038,11824,4569,7374,10571,12669,Southern Highlands and Shoalhaven
115,4044,3309,2162,862,268,107,14579,688,1222,1523,1334,920,266,88,24,6065,381,548,540,335,185,93,29,16,2127,467,546,751,489,334,141,53,13,2794,4,6,6,9,11,3,3,5,47,36,111,158,148,90,46,17,4,610,800,427,734,742,712,619,543,602,5179,4467,8365,12389,11134,7973,3526,1524,980,50358,211,460,869,977,714,322,100,16,3669,294,1061,1386,1008,388,71,4,0,4212,678,1800,3572,4319,3330,1929,714,222,16564,574,935,1502,1283,851,529,170,38,5882,181,386,435,375,238,102,38,14,1769,489,1191,2000,2172,1699,826,311,123,8811,308,1143,1823,2085,2056,915,312,105,8747,1858,4389,6678,6224,4496,1812,549,182,26188,1006,1744,2235,2027,1524,549,202,63,9350,666,858,766,529,306,158,58,20,3361,623,747,1045,725,486,235,83,27,3971,12,11,11,19,17,6,6,5,87,82,180,254,277,195,95,35,13,1131,1687,948,1487,1569,1439,1217,953,820,10120,8669,15853,24063,23589,Sydney - Baulkham Hills and Hawkesbury
116,4300,2986,1692,425,134,49,16588,913,2200,1844,1304,717,189,49,4,7220,336,610,369,177,110,36,10,0,1648,675,1154,770,433,235,92,37,13,3409,24,15,24,27,20,7,3,4,124,61,280,241,170,77,20,11,0,860,1692,1400,1473,1415,1349,1098,894,434,9755,6735,16148,14008,10187,6528,2643,1475,609,58333,254,890,907,725,436,130,26,6,3374,550,2866,1974,644,216,32,0,0,6282,1051,3698,5000,5003,3419,1554,631,123,20479,496,1286,1307,939,723,380,171,29,5331,161,402,386,308,139,62,12,4,1474,738,2222,2309,1943,1190,359,144,43,8948,364,1803,1789,1395,1196,457,188,49,7241,2722,8173,7050,4957,2928,832,239,65,26966,1314,3064,2664,1934,1141,387,100,19,10623,594,1058,620,298,229,90,24,4,2917,1032,1816,1209,762,438,188,70,16,5531,52,33,38,42,29,19,6,7,226,127,472,482,382,194,86,27,0,1770,3856,3278,3283,3046,2676,2098,1551,623,20411,13311,31061,29018,22378,Sydney - Blacktown
117,4343,2074,1085,395,128,48,18941,1193,5201,3050,1837,1273,490,121,21,13186,1227,3759,1683,848,373,118,53,15,8076,587,1182,698,340,203,87,20,8,3125,61,22,17,12,6,7,6,0,131,138,485,358,204,130,63,14,10,1402,2635,4135,2172,1623,1439,1091,909,583,14587,9574,30416,16692,9682,6646,3193,1650,803,78656,638,2182,1385,746,507,218,73,8,5757,522,3847,1816,652,224,47,8,0,7116,885,3935,2628,2081,1502,938,469,102,12540,426,1877,1456,903,576,294,140,27,5699,97,454,377,220,120,36,21,3,1328,657,3383,2307,1576,1094,515,211,82,9825,261,1737,1621,1377,1363,545,204,47,7155,3895,16080,8582,4124,2187,810,248,70,35996,1839,8542,5573,3434,2513,927,265,50,23143,1998,6656,3319,1686,706,227,89,18,14699,1026,2477,1533,808,405,180,49,22,6500,134,60,33,22,19,10,13,0,291,244,855,667,425,236,119,40,18,2604,5708,9340,5197,3822,3145,2361,1729,846,32148,18330,61425,36494,21876,Sydney - City and Inner South
118,4690,2700,1577,770,376,213,17924,839,4063,3084,2132,1529,672,252,85,12656,754,2725,1734,903,417,177,94,47,6851,362,824,668,401,294,160,83,30,2822,42,13,8,9,11,6,11,5,105,106,307,373,233,160,92,30,10,1311,1747,2663,1918,1496,1347,1252,1171,861,12455,6513,22621,17039,11770,8524,4802,2884,1647,75800,443,1533,1151,799,609,345,124,63,5067,247,1612,1171,678,253,50,3,0,4014,878,3158,2196,2103,1814,1295,771,342,12557,476,1849,1431,1027,748,427,190,70,6218,93,432,317,206,102,60,37,8,1255,527,3140,2651,2293,1801,1089,635,262,12398,219,1589,1477,1594,1761,832,431,167,8070,2466,11402,9040,5343,3151,1488,665,318,33873,1299,6232,5255,3703,2837,1345,538,167,21376,1108,4224,2730,1474,666,284,143,64,10693,529,1369,1160,680,481,260,135,55,4669,100,23,14,16,21,16,14,8,212,168,533,596,417,249,153,69,31,2216,3895,6184,4388,3314,2792,2433,2002,1303,26311,12448,43280,33577,23647,Sydney - Eastern Suburbs
119,8047,5382,2819,1013,558,260,31690,1506,4150,3147,2439,1310,372,142,26,13092,615,1439,956,529,261,125,58,29,4012,1102,1989,1529,872,547,217,121,38,6415,68,35,33,59,38,15,16,10,274,128,392,368,247,112,46,40,9,1342,3020,3214,3088,2880,2526,2263,2479,1701,21171,12115,29676,24477,18631,11589,5968,4480,2417,109353,479,1547,1550,1445,731,354,133,36,6275,819,5197,2979,1371,375,61,10,3,10815,1488,5378,6760,7305,5118,3383,2143,737,32312,926,2377,2479,1894,1281,874,532,179,10542,150,424,366,363,198,95,44,16,1656,1223,3787,3296,2916,1848,942,501,152,14665,778,2739,2881,2796,2382,1103,525,150,13354,5732,17485,12996,8747,4942,1885,957,409,53153,2173,5892,4840,3826,2353,766,316,80,20246,1035,2321,1563,959,495,246,105,42,6766,1756,3569,2460,1520,929,467,239,68,11008,138,59,62,96,76,36,30,13,510,224,693,694,542,301,137,104,35,2730,6650,6841,6208,6072,5168,4407,4301,2575,42222,23571,58309,49134,39852,Sydney - Inner South West
120,5448,3415,1738,569,235,130,19870,765,3341,3115,2196,1514,485,150,40,11606,654,1892,1474,850,350,115,66,27,5428,474,984,776,426,270,88,51,19,3088,35,9,13,19,11,6,5,0,98,88,299,293,261,130,58,29,7,1165,1344,1896,1584,1323,1173,1007,1183,1013,10523,6276,20946,18002,13146,8737,3783,2385,1463,74738,334,1436,1304,1065,675,300,92,24,5230,408,3238,1897,913,295,53,8,0,6812,572,2953,3029,3121,2180,1347,762,241,14205,339,1274,1501,1168,761,453,217,41,5754,82,340,305,241,161,49,22,5,1205,669,2908,2711,2401,1787,826,398,131,11831,298,1653,1798,2000,2171,864,358,119,9261,3110,11882,9479,6000,3314,1100,405,205,35495,1165,5005,4989,3559,2705,925,307,77,18732,1042,3096,2352,1414,652,198,97,34,8885,874,1921,1277,757,426,186,91,35,5567,73,27,23,34,17,6,11,4,195,149,498,513,428,256,109,55,14,2022,3041,4192,3285,2838,2284,2002,2067,1421,21130,12156,40423,34463,25939,Sydney - Inner West
121,8676,6104,3957,1916,882,500,31502,990,4058,4550,3786,2769,1308,571,179,18211,826,2173,1726,1210,682,318,222,77,7234,464,838,866,567,367,175,76,47,3400,21,9,13,11,27,16,12,0,109,106,380,469,373,282,136,69,39,1854,1442,1750,1638,1485,1289,1101,1280,1347,11332,6974,24216,26353,22208,16179,9060,5217,2955,113162,466,1704,2057,2073,1575,1092,436,164,9567,362,3610,3332,2071,745,147,22,6,10295,627,3414,4302,4597,3509,2682,1558,609,21298,400,1304,1629,1548,1205,743,376,111,7316,154,549,558,460,307,188,103,32,2351,745,3484,4118,4396,3419,2334,1440,520,20456,309,1942,2600,3147,3443,2062,968,317,14788,3199,14029,15980,12512,8358,4264,1844,835,61021,1574,6294,7400,6513,5070,2619,1135,363,30968,1337,3496,2588,1839,1104,506,314,105,11289,685,1469,1384,913,551,270,125,60,5457,41,21,28,24,37,27,12,4,194,183,601,748,618,463,245,117,73,3048,3101,3705,3355,3006,2532,2067,2055,1796,21617,13183,45622,50079,43717,Sydney - North Sydney and Hornsby
122,5172,3559,2296,1281,572,267,17747,603,1874,2495,1704,1124,541,196,63,8600,436,1237,1154,694,343,177,90,44,4175,393,836,893,593,341,244,100,40,3440,9,8,4,6,10,6,9,6,58,46,131,225,154,93,50,26,10,735,794,908,1036,884,834,896,1068,1182,7602,3897,12359,15925,12313,8558,5201,3036,1938,63227,153,672,1112,946,652,389,134,55,4113,207,1023,1237,935,360,75,9,3,3849,485,2117,3187,3440,2570,2086,1193,409,15487,424,1627,1988,1552,1070,660,372,123,7816,127,503,570,409,177,120,67,24,1997,355,1753,2259,2282,1630,1057,618,185,10139,191,1485,1938,1997,2048,1134,479,146,9418,1591,6175,9017,6632,4470,2567,1080,435,31967,922,2837,3995,2840,2014,1035,390,121,14154,747,2003,1781,1099,615,316,151,74,6786,586,1315,1354,915,507,381,144,54,5256,15,14,20,13,10,13,12,6,103,86,233,412,297,221,112,60,32,1453,1807,2008,2148,1972,1700,1614,1710,1718,14677,7696,23765,31018,25329,Sydney - Northern Beaches
123,2733,2334,1497,415,123,36,11495,934,1783,1534,1267,654,152,42,6,6372,294,355,233,174,111,44,17,7,1235,648,870,693,368,300,93,32,5,3009,16,7,21,16,10,6,3,3,82,49,99,123,91,65,17,6,4,454,1448,1016,1203,1233,1126,872,748,493,8139,5797,10444,10049,8531,5998,2396,1239,630,45084,180,393,488,391,320,96,30,10,1908,308,1002,660,372,164,28,7,0,2541,1156,2878,3832,4230,3474,1637,560,143,17910,687,1342,1323,1000,810,386,143,29,5720,208,426,331,303,181,72,20,5,1546,550,1469,1683,1578,1121,429,148,45,7023,336,1517,1631,1481,1385,482,158,34,7024,1868,4400,4251,3674,2505,751,212,53,17714,1232,2495,2197,1741,1020,297,78,18,9078,510,626,377,290,210,87,25,11,2136,852,1267,1079,653,502,186,62,8,4609,33,12,28,31,17,13,3,3,140,96,208,276,238,175,55,26,10,1084,3080,2086,2405,2480,2242,1642,1280,689,15904,11096,20121,20561,18462,Sydney - Outer South West
124,3270,2894,1976,720,253,112,14194,1097,2072,1916,1788,1319,480,119,21,8812,350,666,564,389,260,131,72,17,2449,900,1186,871,592,353,126,55,15,4098,27,16,15,15,21,6,5,4,109,57,99,150,104,79,36,11,3,539,1543,1169,1288,1454,1345,1134,1022,685,9640,6777,12627,12457,11842,8986,4155,2167,1081,60092,178,481,609,597,476,226,66,16,2649,379,925,665,454,268,62,6,0,2759,1465,3572,4355,4871,3998,2083,795,235,21374,783,1663,1640,1358,1067,569,232,74,7386,335,612,587,446,285,130,48,17,2460,652,1964,2144,2392,1833,824,374,140,10323,399,1854,2169,2421,2452,913,340,75,10623,2239,4904,4969,4653,3468,1324,439,164,22160,1456,2963,2785,2583,2026,807,265,50,12935,609,1060,910,687,491,208,108,28,4101,1224,1710,1291,901,622,258,93,36,6135,49,20,27,22,32,12,5,4,171,107,247,340,287,243,100,53,12,1389,3441,2565,2764,3002,2756,2178,1768,968,19442,13316,24540,25255,24674,Sydney - Outer West and Blue Mountains
125,5641,3571,2009,831,339,120,23618,1145,3241,2365,1718,1035,337,95,25,9961,434,1031,665,325,213,86,43,18,2815,878,1502,938,538,305,125,58,22,4366,52,40,32,38,23,18,3,0,206,106,431,274,193,105,50,20,6,1185,2509,2785,2247,2011,1595,1416,1557,1147,15267,9563,26067,18273,13147,8460,4360,2810,1538,84218,501,1781,1525,1176,708,314,116,20,6141,775,5705,2829,1093,319,50,6,3,10780,1189,5186,5241,5359,3869,2443,1274,367,24928,653,1849,1694,1263,881,553,285,91,7269,118,413,347,310,156,75,54,3,1476,1092,3817,2843,2260,1614,743,329,94,12792,495,2202,2073,1943,1707,925,406,89,9840,4374,15141,9541,6030,3711,1581,643,184,41205,1632,4629,3568,2766,1809,679,227,64,15374,785,1713,1068,597,388,154,74,23,4802,1548,2750,1536,886,544,257,110,36,7667,99,72,55,66,47,40,3,4,386,182,716,554,390,245,95,57,12,2251,5908,6977,5134,4490,3404,2799,2763,1615,33090,19351,52951,38008,28629,Sydney - Parramatta
126,3238,2444,1403,657,351,212,13138,464,1555,1469,1195,882,369,161,48,6143,321,679,532,371,191,78,61,30,2263,219,397,420,304,157,84,42,24,1647,29,0,5,22,14,4,4,0,78,58,141,149,128,92,41,29,9,647,729,587,518,544,530,511,683,764,4866,3902,9991,9860,8634,5901,3157,2068,1379,44892,224,820,922,958,675,370,162,39,4170,228,1935,1473,960,308,44,9,0,4957,352,1868,2263,2650,1945,1189,828,289,11384,199,558,738,664,451,287,185,59,3141,50,204,219,215,135,61,30,16,930,366,1378,1549,1721,1323,746,410,166,7659,179,917,1126,1399,1451,831,419,144,6466,2517,6034,5602,4418,2836,1235,645,314,23601,753,2250,2296,1996,1565,703,321,89,9973,542,1087,826,571,322,134,94,38,3614,351,701,652,474,260,140,70,27,2675,64,8,11,33,23,7,8,0,154,108,233,236,231,167,71,52,22,1120,1565,1283,1060,1132,1052,933,1118,1050,9193,7498,19276,18973,17422,Sydney - Ryde
127,4203,2877,1381,360,126,26,16358,1109,2070,1622,1320,669,133,37,12,6972,395,606,343,194,98,38,9,3,1686,787,1250,1057,657,343,111,33,3,4241,44,27,18,37,30,7,5,0,168,73,146,135,122,65,25,11,0,577,2419,2125,2326,2211,1919,1593,1210,578,14381,8528,15770,13730,10682,6549,2979,1699,698,60635,365,745,759,605,316,105,28,3,2926,674,2179,1231,547,180,27,0,3,4841,1289,3603,4802,5263,3647,1773,726,145,21248,706,1457,1506,1279,841,493,203,38,6523,104,237,217,224,152,41,22,6,1003,811,1933,1938,1528,1006,310,129,34,7689,572,1685,1618,1438,1154,487,153,22,7129,3261,7905,6293,4427,2326,669,223,45,25149,1577,2849,2298,1882,1074,302,85,23,10090,648,1058,569,351,185,90,21,6,2928,1067,1760,1574,1032,577,218,61,13,6302,76,48,45,65,52,13,9,3,311,131,318,351,321,192,80,31,10,1434,5202,4346,4581,4692,3842,3099,2241,853,28856,16483,30123,27782,23654,Sydney - South West
128,3654,3058,2114,969,494,187,14788,751,1654,1547,1104,754,263,82,18,6173,398,691,479,273,147,99,59,15,2161,493,796,761,459,351,176,102,16,3154,12,6,4,13,7,6,3,0,51,33,97,134,90,68,22,9,5,458,761,655,685,777,761,760,1039,703,6141,4593,10284,11186,9827,7204,3595,2410,1142,50241,194,483,661,576,500,258,104,25,2801,206,755,695,473,241,45,6,0,2421,986,2550,3754,4238,3491,2384,1327,402,19132,659,1522,1636,1348,913,547,320,90,7035,114,339,338,267,134,65,23,10,1290,549,1535,1868,1939,1223,636,362,94,8206,348,1558,1775,2177,2120,816,321,83,9198,1755,4800,5843,5227,3955,1733,814,269,24396,1120,2417,2367,1736,1314,485,197,45,9681,640,1075,731,425,289,181,85,27,3453,682,1186,1098,721,531,304,149,28,4699,18,13,11,18,12,10,6,3,91,61,182,250,214,175,59,26,15,982,1632,1504,1566,1630,1556,1361,1682,1032,11963,8964,19919,22593,20989,Sydney - Sutherland
197,0,0,0,3,0,0,3,0,0,0,0,0,0,0,0,0,0,0,0,0,0,0,0,0,0,0,0,0,0,0,0,0,0,0,0,0,0,0,3,0,0,0,3,0,0,0,0,0,0,0,0,0,3,3,0,0,0,0,4,0,10,3,3,0,3,3,7,7,0,26,0,0,0,3,0,0,0,0,3,0,0,0,0,0,0,0,0,0,3,0,3,3,4,3,6,0,22,0,0,0,3,0,0,0,0,3,0,0,0,0,0,0,0,0,0,0,0,0,0,0,0,0,0,0,0,0,0,0,0,4,0,0,4,0,3,0,0,3,3,0,0,9,0,0,3,0,0,0,0,0,3,0,0,0,0,0,0,0,0,0,0,0,0,0,0,3,0,0,3,0,0,0,0,3,0,0,0,3,0,0,0,0,0,0,0,0,0,3,3,0,0,0,3,7,0,16,6,6,6,9,Migratory - Offshore - Shipping (NSW)
199,93,73,69,20,4,0,516,57,134,72,57,51,15,0,0,386,31,68,32,22,9,5,0,0,167,38,55,19,21,11,5,0,0,149,5,0,0,0,0,0,0,0,5,6,14,9,3,0,0,0,0,32,155,199,165,132,104,84,46,34,919,441,873,500,421,383,168,59,39,2884,20,58,30,16,12,10,4,0,150,23,66,27,13,13,0,0,0,142,64,197,122,143,146,109,15,4,800,27,85,76,58,45,40,3,0,334,21,31,29,18,13,9,0,0,121,32,123,68,81,85,29,6,0,424,18,77,35,47,66,18,8,5,274,125,279,180,118,110,44,7,0,863,82,193,102,85,75,29,3,0,569,51,113,51,37,19,14,0,0,285,60,101,44,40,21,15,0,3,284,5,0,5,0,0,0,0,0,10,11,25,25,11,8,3,0,0,83,370,591,624,602,404,242,91,59,2983,909,1939,1418,1269,Special Purpose Codes SA4 (NSW)
201,1197,994,570,245,87,36,4986,435,930,1099,1045,806,251,48,5,4619,136,270,235,178,155,72,26,7,1079,438,590,481,303,230,109,38,11,2200,11,3,8,3,8,7,0,0,40,21,76,91,70,46,20,12,3,339,752,424,555,669,763,900,954,585,5602,2988,5664,6083,5817,4853,2751,1619,781,30556,57,202,279,229,203,82,30,14,1096,167,431,283,208,109,31,3,0,1232,600,1310,1792,1892,1717,1167,513,143,9134,536,842,737,723,535,358,148,27,3906,163,398,469,462,272,146,52,14,1976,414,1131,1429,1679,1374,667,286,81,7061,172,868,989,1166,1528,800,289,65,5877,770,1955,1980,1734,1131,475,181,67,8293,563,1165,1448,1415,1201,431,112,13,6348,246,445,420,312,286,157,35,11,1912,581,874,746,529,408,202,73,19,3432,26,9,11,8,8,7,3,0,72,54,155,190,160,129,51,27,7,773,1665,964,1227,1496,1647,1710,1686,879,11274,6014,10749,12000,12013,Ballarat
202,1075,922,574,226,79,46,4477,447,900,1032,1064,874,282,61,9,4669,102,240,267,203,145,78,35,15,1085,421,537,440,289,192,112,39,13,2043,3,3,3,4,3,3,0,0,19,15,79,110,69,61,22,11,3,370,654,391,521,563,682,814,1029,700,5354,2680,5213,5900,5928,4920,2749,1732,932,30054,63,197,301,241,221,128,36,11,1198,136,319,266,206,118,30,3,0,1078,562,1241,1647,1947,1779,1118,517,144,8955,455,738,788,729,569,369,175,31,3854,152,435,551,485,292,128,49,14,2106,374,1121,1418,1852,1380,674,306,83,7208,186,810,988,1231,1555,848,267,73,5958,660,1639,1722,1538,1153,467,169,68,7416,584,1104,1430,1450,1288,517,118,33,6524,207,412,441,327,301,159,54,19,1920,586,825,683,535,334,185,69,18,3235,9,3,10,7,7,7,0,0,43,40,146,201,173,135,71,39,9,814,1471,1014,1267,1351,1443,1543,1733,1043,10865,5485,10004,11713,12072,Bendigo
203,2397,1705,1103,525,227,101,9567,855,1791,1946,1832,1271,429,128,33,8285,265,543,545,332,189,103,48,21,2046,818,1042,929,602,426,246,73,30,4166,18,15,4,9,8,0,0,3,57,33,133,187,119,83,49,18,11,633,1078,699,906,1052,1077,1308,1593,987,8700,5274,10886,11424,10140,8076,4651,3028,1497,54976,266,684,707,538,450,236,70,26,2977,273,635,515,340,187,33,4,0,1987,896,2414,3568,3643,3292,2123,1206,347,17489,990,1879,1758,1399,1000,619,345,79,8069,198,559,645,518,340,217,105,20,2602,719,2287,2634,2854,2179,1030,555,197,12455,279,1541,1779,2127,2599,1472,532,143,10472,1422,3823,3855,3085,2264,1043,444,173,16109,1155,2310,2608,2442,1817,754,249,79,11414,461,930,824,504,366,167,72,34,3358,1109,1606,1432,964,644,385,139,42,6321,32,24,13,22,12,5,5,6,119,80,263,353,293,228,131,53,33,1434,2509,1834,2234,2373,2266,2435,2715,1448,17814,10389,20789,22925,21102,Geelong
204,1335,1131,736,285,110,59,5374,423,939,1053,1109,911,259,65,11,4770,89,189,189,164,120,51,30,9,841,531,696,623,441,330,154,48,7,2830,9,0,0,3,3,0,4,0,19,11,62,73,82,45,26,9,3,311,701,418,561,709,762,885,1033,605,5674,2829,5510,6373,6589,5576,3117,1881,876,32751,45,204,268,257,262,124,42,11,1213,114,223,190,193,131,32,0,0,883,709,1579,2098,2464,2232,1404,638,158,11282,436,685,885,924,763,446,207,54,4400,238,573,759,673,486,237,105,32,3103,334,1041,1420,1810,1526,797,371,108,7407,122,768,944,1259,1680,968,282,77,6100,716,1713,2046,1787,1369,576,223,86,8516,578,1173,1352,1426,1299,446,112,28,6414,178,316,292,255,215,94,56,14,1420,710,1065,953,753,543,273,97,17,4411,21,3,4,6,7,0,7,4,52,54,129,191,184,134,87,34,24,837,1558,1010,1256,1605,1688,1716,1780,881,11494,5813,10482,12658,13596,Hume
205,1693,1503,1114,530,241,76,8131,680,1443,1651,1809,1490,428,117,13,7631,148,327,266,253,197,106,45,25,1367,856,1039,838,616,461,238,79,17,4144,13,10,7,4,9,11,9,0,63,30,91,121,110,97,29,15,6,499,1239,791,1031,1173,1397,1608,1645,890,9774,4878,8857,9074,9518,8753,5039,2990,1296,50405,110,328,312,324,344,184,61,16,1679,152,356,236,227,141,39,5,0,1156,1217,2736,3555,4274,4021,2770,1266,301,20140,802,1455,1515,1599,1287,892,396,103,8049,343,1028,1030,815,487,233,105,20,4061,573,1609,1794,2441,2279,1166,491,157,10510,254,1181,1446,1876,2491,1438,438,110,9234,1161,2768,2467,2318,2007,1002,409,108,12240,828,1788,2061,2276,2028,696,222,26,9925,278,525,406,390,356,188,72,31,2246,1095,1529,1330,1021,761,429,166,25,6356,22,15,13,8,15,18,14,3,108,74,183,289,294,277,129,50,18,1314,2834,2092,2442,2595,2972,3121,2944,1364,20364,9743,17593,18896,20458,Latrobe - Gippsland
206,7796,3858,2061,622,259,137,32422,2233,9901,6237,3988,3019,1154,344,85,26961,2307,6651,3010,1487,720,242,100,37,14554,1266,2311,1244,691,396,200,80,29,6217,99,27,17,16,18,9,4,4,194,398,1279,907,572,370,134,60,36,3756,3458,5132,3055,2336,2057,1881,1877,1246,21042,17679,56896,32480,20564,14567,6854,3825,1945,154810,1381,4897,2996,1868,1277,561,170,61,13211,892,6556,3100,1332,509,74,7,0,12470,1811,8210,5084,3660,2800,1672,947,373,24557,1385,4603,2909,1674,1094,570,261,70,12566,274,1252,749,520,265,88,37,7,3192,1978,9214,5412,3932,2904,1457,694,223,25814,564,4246,3472,3889,3992,1666,566,145,18540,6743,25508,14828,7789,4528,1703,585,233,61917,3350,15200,10041,6662,5341,2176,668,167,43605,3763,11455,5381,2621,1300,447,149,55,25171,2199,4556,2227,1280,634,313,127,43,11379,195,56,38,32,29,16,18,8,392,608,2076,1465,937,618,238,120,54,6116,7661,11789,7106,5273,4468,3702,3356,1895,45250,32804,109618,64808,41469,Melbourne - Inner
207,5872,4169,2229,1031,635,360,21978,993,2561,3140,2957,2224,981,398,131,13385,718,1378,985,704,446,198,150,51,4630,604,874,827,582,406,270,133,51,3747,56,17,11,20,11,8,12,9,144,190,374,436,388,282,128,81,25,1904,1517,1120,1010,1170,1023,1278,1635,1632,10385,8029,18124,19673,18229,13033,7610,4959,3007,92664,576,1457,1627,1939,1346,763,326,165,8199,607,3025,2369,1672,621,96,13,7,8410,916,3147,3535,4236,3354,2699,1661,591,20139,612,1175,1499,1353,869,750,376,112,6746,141,349,372,336,225,110,75,26,1634,1147,3511,4106,4494,3384,2067,1279,449,20437,330,1560,2260,3362,3604,2203,926,326,14571,3945,10276,10663,8746,5328,2607,1374,639,43578,1553,3938,4766,4699,3816,1846,782,232,21632,1245,2349,1584,1143,741,334,207,74,7677,970,1558,1255,959,610,413,202,66,6033,106,35,20,27,24,11,19,12,254,299,619,679,652,462,223,143,49,3126,3297,2571,2136,2420,2037,2307,2785,2272,19825,15744,35570,36871,36038,Melbourne - Inner East
208,6769,4206,2418,1021,644,358,23037,947,3142,3900,3058,2154,839,329,104,14473,682,1564,1339,877,472,220,153,64,5371,658,1071,1148,857,542,309,178,69,4832,23,11,16,16,15,6,10,10,107,168,375,580,386,234,102,53,29,1927,1517,1345,1556,1564,1439,1552,2166,2025,13164,7405,20340,24051,19408,13596,7266,5182,3318,100566,461,1539,1896,1723,1169,517,240,105,7650,497,2992,2514,1636,641,79,14,0,8373,956,3484,4710,5023,4032,2775,1777,718,23475,833,1748,2103,1820,1196,683,396,139,8918,146,485,543,397,205,111,79,15,1981,917,3446,4271,4241,2964,1661,1034,383,18917,311,2062,3234,4003,3857,1877,789,282,16415,3190,10626,12613,8724,5365,2340,1298,622,44778,1466,4575,5855,4759,3688,1564,606,188,22701,1187,2581,2157,1480,887,387,220,106,9005,1056,1946,1778,1295,797,458,245,100,7675,49,26,23,23,26,13,18,14,192,262,641,899,661,465,205,105,55,3293,3403,3047,3256,3219,2856,2779,3422,2830,24812,14734,39198,45852,39004,Melbourne - Inner South
209,4960,3199,1702,617,269,122,19092,1404,3894,3659,2853,1763,510,151,31,14265,636,1356,1059,512,264,115,56,23,4021,1290,2001,1573,978,540,223,87,22,6714,38,21,16,23,15,13,5,0,131,130,435,440,280,151,49,33,4,1522,2234,1903,1993,1954,1823,1838,1883,1426,15054,10194,24037,21813,16452,11030,5193,3233,1872,93824,546,1755,1778,1255,941,370,107,33,6785,513,3077,2026,969,389,63,7,0,7044,1778,5395,6514,6345,4809,2813,1301,373,29328,1349,2643,2619,1905,1273,762,332,84,10967,280,723,656,466,252,106,23,8,2514,1290,4176,4071,3597,2428,907,452,129,17050,559,2752,3091,3184,3097,1268,395,125,14471,3669,10065,8580,5961,3683,1328,486,193,33965,1990,5407,5191,4065,2709,891,296,60,20609,1202,2372,1824,918,514,232,92,32,7186,1806,3185,2354,1490,816,398,171,47,10267,81,54,38,37,26,16,11,0,263,253,797,825,539,335,136,90,18,2993,4990,4302,4252,4127,3717,3388,3322,2054,30152,20306,46703,43819,34858,Melbourne - North East
210,3386,2155,1054,435,203,48,12684,1007,2330,2130,1629,910,215,51,13,8285,357,682,454,211,103,68,34,5,1914,874,1362,1016,693,415,130,56,20,4566,19,12,24,14,17,13,5,5,109,76,267,227,153,83,38,22,0,866,1940,1541,1648,1604,1468,1530,1555,842,12128,7043,14903,13659,10332,6515,3491,2370,1040,59353,268,872,904,633,387,146,39,7,3256,337,1835,1203,560,204,38,3,4,4184,1286,3753,4783,4862,3413,2157,1084,277,21615,1024,1774,1579,1117,756,442,244,57,6993,151,441,419,306,174,80,26,4,1601,704,2093,2143,1943,1202,541,227,57,8910,345,1694,1959,2037,1630,704,241,58,8668,2338,6473,5598,3886,2071,799,334,88,21587,1440,3115,2927,2266,1348,380,118,20,11614,697,1177,769,363,206,127,58,11,3408,1263,2177,1594,1084,625,284,122,30,7179,42,41,39,23,28,23,11,5,212,150,479,456,369,219,103,45,13,1834,4283,3323,3430,3344,2878,2850,2781,1249,24138,14328,29247,27803,22793,Melbourne - North West
211,5951,4375,2737,1135,510,194,22899,1611,3599,3894,3471,2421,824,235,64,16119,631,1261,1053,612,377,188,84,23,4229,1504,1863,1664,1175,846,398,160,36,7646,22,13,7,18,6,9,12,4,91,97,307,437,318,188,88,33,10,1478,1828,1117,1549,1658,1790,1936,2158,1821,13857,10093,21977,23610,20265,15269,7905,4511,2538,106168,460,1344,1702,1346,1003,476,170,43,6544,514,2591,2268,1412,677,131,11,0,7604,1847,5539,7625,8460,6915,4416,2078,514,37394,1744,3233,3389,2915,2004,1252,580,123,15240,457,1114,1103,848,354,172,82,23,4153,1404,3811,4419,4533,3310,1620,705,219,20021,548,2788,3339,3868,4297,2264,745,178,18027,3218,9320,9817,7973,5583,2492,960,333,39696,2255,4882,5225,4718,3646,1394,432,121,22673,1188,2217,1698,1088,740,381,149,51,7512,1990,2745,2537,1854,1247,651,266,54,11344,48,24,17,25,17,13,17,10,171,193,587,795,628,464,191,97,39,2994,4033,2578,3467,3633,3537,3489,3611,2547,26895,19899,42773,47401,43301,Melbourne - Outer East
212,7763,5103,2643,1195,501,156,31429,2023,5044,4735,3754,2140,683,194,44,18617,734,1327,849,476,320,184,85,30,4005,1832,2953,2272,1385,884,390,132,32,9880,70,30,31,25,25,26,18,6,231,192,577,534,378,210,89,47,27,2054,3527,2874,2947,2938,2729,2724,2772,1802,22313,15460,33917,29346,22407,14851,8348,5135,2454,131918,836,2285,2150,1718,1083,537,215,41,8865,1018,5634,3628,1773,604,117,15,0,12789,3023,9078,10705,10564,7623,4691,2335,551,48570,1744,3098,2980,2320,1772,1147,555,105,13721,395,1049,899,651,372,193,67,9,3635,1700,5053,4685,3949,2965,1461,698,195,20706,571,3101,3526,3550,3216,1826,745,177,16712,6694,16294,12792,8784,5156,2424,1001,297,53442,2855,6863,6424,5156,3162,1170,407,90,26127,1362,2482,1465,887,574,323,148,42,7283,2907,4851,3448,2271,1356,664,232,51,15780,155,73,62,67,47,47,31,6,488,361,1030,1012,800,512,228,132,52,4127,7989,6597,6254,6211,5490,5173,4887,2603,45204,31610,67488,60030,48701,Melbourne - South East
213,7624,4073,1848,484,199,63,28383,1926,5645,4881,3154,1668,363,79,14,17730,684,1753,1173,515,183,65,22,3,4398,1786,3365,2103,1155,633,189,80,17,9328,37,37,24,28,27,14,15,3,185,180,698,517,293,167,48,15,5,1923,4120,3988,3729,3281,2982,2375,2165,1141,23781,14494,37926,29655,18709,11325,4886,3148,1434,121577,642,2295,2010,1086,594,194,60,10,6891,896,6181,3373,1223,405,64,8,3,12153,2514,8559,9857,8814,6444,2922,1307,364,40781,1607,3477,2753,1774,1245,654,279,86,11875,255,867,712,460,244,84,38,10,2670,1302,4789,4486,3137,1894,658,272,86,16624,611,3563,3360,3028,2294,940,287,77,14160,5245,17723,12974,7145,3485,940,324,98,47934,2724,7689,6743,4382,2447,663,151,24,24823,1290,3102,2083,949,383,124,50,8,7989,2786,5524,3323,1821,1020,371,143,33,15021,72,80,44,59,48,34,23,8,368,319,1312,1043,673,427,160,54,16,4004,9193,9465,8286,7145,6234,4699,3754,1769,50545,29456,74626,61047,41696,Melbourne - West
214,2643,2011,1481,858,420,148,10949,857,1763,2036,1810,1299,552,149,38,8504,222,439,526,316,255,179,97,20,2054,831,1158,1090,691,567,335,129,31,4832,12,6,7,16,8,3,6,0,58,54,120,217,135,113,52,29,8,728,1377,842,1263,1335,1378,1699,1879,1365,11138,5360,10399,12239,10688,8846,5965,3699,1896,59092,125,404,507,420,371,265,117,47,2256,219,608,643,415,228,67,12,4,2196,976,2610,3669,4073,3461,2723,1503,466,19481,982,1864,2090,1728,1272,875,486,103,9400,259,660,697,539,231,125,47,21,2579,649,2034,2545,2586,1995,1242,655,185,11891,229,1431,1777,2065,2392,1473,520,124,10011,1424,3504,4106,3420,2814,1751,797,261,18077,1112,2266,2652,2380,1890,954,317,76,11647,414,786,864,542,451,292,149,33,3531,1129,1701,1714,1161,852,523,200,50,7330,24,12,11,22,14,12,12,0,107,99,231,392,315,257,143,88,36,1561,2941,1896,2651,2879,2686,3114,3210,2002,21379,10582,20007,24318,22545,Mornington Peninsula
215,1015,709,397,132,57,26,3892,306,659,891,899,666,168,37,8,3634,72,138,140,100,47,28,22,14,561,427,590,493,328,277,119,50,9,2293,18,4,6,4,0,0,0,0,32,16,43,46,47,38,10,6,0,206,797,479,636,700,801,929,1102,663,6107,2723,4756,5243,5083,4218,2418,1733,897,27071,36,146,169,145,137,43,14,0,690,86,156,107,81,69,14,3,0,516,660,1230,1413,1614,1388,848,368,96,7617,361,490,536,642,487,282,133,34,2965,355,839,862,852,487,205,77,31,3708,350,900,1150,1530,1212,585,315,109,6151,163,788,871,1029,1159,643,216,67,4936,665,1454,1534,1178,771,275,97,45,6019,394,860,1147,1115,872,248,72,11,4719,119,227,204,147,98,57,30,14,896,581,836,776,544,458,225,81,18,3519,22,9,10,10,0,0,5,0,56,37,92,118,108,104,46,22,6,533,1707,1150,1495,1670,1751,1837,1954,990,12554,5536,9177,10392,10665,North West
216,837,666,376,118,80,36,3399,324,678,755,691,508,149,23,0,3128,62,109,76,60,35,14,18,6,380,436,538,438,271,202,90,33,12,2020,9,7,10,0,0,4,0,0,30,18,36,41,49,37,7,3,5,196,696,432,530,630,643,803,913,572,5219,2375,4284,4431,4252,3339,1969,1412,728,22790,30,149,190,139,104,36,17,6,671,55,126,80,58,30,10,3,0,362,545,1245,1601,1592,1274,849,392,81,7579,343,457,563,543,414,271,155,32,2778,204,499,556,546,290,145,63,7,2310,244,886,1034,1177,889,459,214,63,4966,147,595,682,818,970,486,182,47,3927,526,1264,1256,1088,706,261,132,52,5285,417,817,930,851,693,224,52,6,3990,90,174,114,92,64,44,22,10,610,596,776,681,441,357,177,66,21,3115,12,16,10,3,0,10,0,5,56,30,94,109,113,78,39,13,9,485,1503,1002,1250,1441,1337,1614,1604,867,10618,4742,8100,9056,8902,Shepparton
217,845,671,385,132,55,20,3380,295,601,731,748,600,186,48,4,3213,53,137,132,120,73,47,18,4,584,426,544,441,262,188,93,35,14,2003,3,8,3,3,0,3,0,0,20,10,38,71,46,27,14,6,7,219,496,301,438,542,620,695,864,542,4498,2140,4145,4577,4613,3809,2081,1450,709,23524,55,150,213,140,151,57,23,3,792,43,100,81,77,54,13,3,4,375,597,1130,1419,1529,1159,659,320,88,6901,448,682,580,645,440,261,125,39,3220,316,687,813,721,447,206,62,21,3273,256,855,1034,1498,1170,547,283,70,5713,104,566,766,912,1171,540,202,53,4314,500,1264,1329,1062,748,268,103,30,5304,372,717,917,962,840,292,87,13,4200,107,221,193,181,138,70,23,4,937,565,794,698,461,337,148,65,23,3091,6,8,10,6,0,10,0,0,40,27,90,147,123,98,51,17,7,560,1207,748,944,1203,1286,1338,1498,780,9004,4603,8012,9144,9520,Warrnambool and South West
297,0,0,0,0,0,0,0,0,0,0,0,0,0,0,0,0,0,0,0,0,0,0,0,0,0,0,0,0,0,0,0,0,0,0,0,0,0,0,0,0,0,0,0,0,0,0,0,0,0,0,0,0,0,0,0,0,0,0,0,0,0,0,0,0,0,0,0,0,0,0,0,0,0,0,0,0,0,0,0,0,0,0,0,0,0,0,0,0,0,0,6,3,0,0,3,0,12,0,3,0,0,0,0,0,0,3,0,0,0,0,0,0,0,0,0,0,0,0,0,0,0,0,0,0,0,0,0,0,0,0,0,0,0,0,0,0,3,0,0,0,0,3,0,0,0,0,0,0,0,0,0,0,0,0,0,0,0,0,0,0,0,0,0,0,3,0,0,0,3,0,0,0,0,0,0,0,0,0,0,0,0,0,0,0,0,0,0,0,0,0,0,3,3,0,0,6,0,3,6,6,Migratory - Offshore - Shipping (Vic.)
299,60,38,28,6,7,3,324,30,111,57,34,31,3,3,0,269,29,82,21,7,8,0,0,0,147,43,36,21,17,10,0,0,0,127,0,0,3,0,0,0,0,0,3,6,10,3,0,3,0,0,3,25,162,142,105,89,44,28,13,5,588,371,687,361,243,186,56,26,11,1941,10,54,29,14,3,6,0,3,119,13,54,26,10,0,0,0,0,103,43,140,112,79,59,41,7,4,485,34,59,56,35,23,18,4,0,229,14,31,18,6,13,0,0,0,82,23,85,53,43,46,11,3,0,264,11,43,31,24,32,11,0,0,152,102,208,106,63,52,18,11,3,563,49,164,84,55,39,6,3,0,400,42,124,40,18,13,0,3,0,240,53,64,35,31,14,3,0,0,200,5,0,3,0,0,0,0,0,8,11,14,6,6,6,4,0,3,50,351,425,404,293,131,82,40,15,1741,761,1465,1003,677,Special Purpose Codes SA4 (Vic.)
301,2799,2211,1225,488,190,58,10398,690,1432,1428,1266,876,283,61,18,6054,272,389,388,235,125,95,45,21,1570,634,856,870,539,362,145,54,15,3475,25,6,9,11,12,4,7,4,78,32,79,117,111,64,36,13,4,456,868,598,768,808,827,780,887,562,6098,4373,8321,10001,8821,5969,2958,1821,874,43138,130,361,511,432,317,130,39,10,1930,253,538,700,425,177,32,3,3,2131,943,2557,3523,4133,3276,1945,978,243,17598,641,1294,1368,1322,1181,639,285,73,6803,132,334,404,340,190,98,38,12,1548,398,1250,1824,2059,1366,682,339,122,8040,199,1050,1610,1686,1435,693,266,93,7032,1496,3372,4405,3729,2271,880,349,121,16623,944,1893,1992,1708,1309,507,150,55,8558,486,645,598,391,248,150,63,27,2608,829,1234,1296,831,568,270,93,28,5149,34,16,14,20,17,7,10,8,126,57,164,254,230,172,95,28,10,1010,1898,1323,1756,1778,1709,1522,1525,848,12359,8440,16031,20255,19084,Brisbane - East
302,2714,1736,933,333,167,80,10302,659,1699,1552,1015,709,231,90,16,5971,290,576,401,213,105,53,51,17,1706,543,788,627,397,248,83,36,14,2736,11,15,10,8,3,8,5,3,63,31,139,127,80,49,30,9,3,468,796,757,766,731,634,736,1075,964,6459,4554,10833,9833,7195,4763,2569,2018,1325,43090,196,665,562,367,273,102,56,18,2239,314,1125,804,446,182,26,3,3,2903,771,2546,2861,2694,2132,1301,830,245,13380,507,1173,1056,911,697,452,254,66,5116,91,312,332,222,117,61,23,0,1158,655,2197,2135,1783,1156,624,358,125,9033,194,1286,1577,1417,1287,707,316,113,6897,1738,4895,4595,3098,1917,756,364,138,17501,969,2445,2262,1577,1129,419,175,35,9011,515,1013,661,365,208,100,72,17,2951,819,1291,1027,654,398,181,80,21,4471,28,36,13,15,7,15,5,9,128,65,295,290,202,121,69,32,15,1089,1794,1810,1708,1570,1346,1324,1779,1366,12697,8656,21089,19883,15321,Brisbane - North
303,4470,2901,1534,459,206,98,18599,1110,3199,2597,1807,1209,356,115,29,10422,694,1238,846,430,209,98,53,13,3581,769,1233,892,519,334,139,72,18,3976,68,13,12,24,18,16,3,6,160,77,250,226,202,95,48,26,7,931,1631,1476,1303,1126,1025,929,1173,916,9579,9101,21017,16906,12377,8064,3635,2374,1344,74818,640,1662,1270,907,623,236,89,15,5442,713,2652,1810,847,300,38,6,0,6366,1444,4576,4380,4376,3261,1914,1016,309,21276,773,1869,1653,1321,977,630,295,82,7600,142,551,458,329,216,100,34,16,1846,1133,4245,3626,3065,1917,915,499,151,15551,463,2209,2687,2561,2203,1061,371,120,11675,4342,10422,7750,5330,3231,1125,447,177,32824,1713,4707,4027,2862,2002,693,238,50,16292,1183,2100,1378,728,399,165,95,25,6073,1302,2220,1458,821,542,240,105,35,6723,147,37,29,39,30,28,14,6,330,163,482,453,345,228,106,64,18,1859,3670,3564,2842,2507,2144,1780,1972,1319,19798,17828,41296,33821,26038,Brisbane - South
304,2496,1810,1014,382,170,56,9396,656,1554,1661,1289,1070,487,150,39,6906,406,608,488,336,196,92,52,19,2197,363,381,406,314,188,82,33,13,1780,28,5,4,8,8,7,3,0,63,51,125,140,121,91,43,27,4,602,740,474,483,474,451,415,571,781,4389,4612,9098,9938,8560,6134,3060,1655,1122,44179,595,1212,1135,1013,722,424,173,32,5306,380,1024,1021,595,242,46,3,3,3314,818,2065,2453,2608,2030,1187,606,171,11938,417,797,880,766,608,351,171,41,4031,98,328,370,260,168,123,35,11,1393,628,1788,2209,2386,1595,936,465,134,10141,242,1079,1574,1777,1897,905,317,100,7891,1774,3871,4512,3640,2365,1010,397,118,17687,1096,2405,2564,2061,1842,903,308,70,11249,716,1045,800,517,318,156,75,23,3650,539,670,620,461,281,134,49,19,2773,61,15,7,14,8,7,3,0,115,122,228,284,231,177,89,56,20,1207,1617,1105,1018,1007,921,746,912,1048,8374,9103,17632,19447,17336,Brisbane - West
305,3778,2127,1114,328,129,56,15003,1051,3609,2352,1617,1145,384,109,20,10287,970,1933,982,493,253,101,54,18,4804,695,935,547,346,214,87,30,16,2870,46,7,5,4,11,8,3,7,91,78,289,250,185,104,40,6,5,957,1409,1835,1047,892,788,532,566,535,7604,8097,21079,14020,9867,6430,2655,1414,840,64402,677,1862,1112,744,481,226,77,13,5192,499,2150,1193,587,242,37,0,3,4711,1133,4279,3058,2489,1794,908,435,133,14229,599,1963,1400,1080,707,376,164,55,6344,132,569,374,269,166,57,27,8,1602,1103,4183,3253,2740,1617,799,377,135,14207,306,1704,1656,1844,1748,734,242,78,8312,3210,9685,7111,4386,2542,842,279,102,28157,1670,5693,4004,2823,2106,778,240,40,17354,1589,3277,1628,814,444,167,75,21,8015,1118,1764,991,591,335,134,57,20,5010,82,28,21,11,15,11,10,7,185,138,505,436,306,198,80,35,12,1710,3259,4572,2619,2092,1726,1103,1014,746,17131,15515,42234,28856,20776,Brisbane Inner City
306,2352,1800,1024,357,86,32,9135,565,1426,1584,1299,867,274,52,11,6078,126,332,330,231,159,67,25,7,1277,736,1009,945,571,311,131,32,6,3741,13,17,20,11,8,7,4,3,83,27,94,146,113,57,25,19,3,484,1588,1393,1515,1420,1233,1002,819,502,9472,4949,9510,10450,9095,6221,3007,1448,690,45370,85,423,518,415,320,162,41,17,1981,171,334,289,200,101,30,6,0,1131,1064,2630,3475,3834,3095,1841,689,148,16776,545,1068,1442,1504,1190,674,245,41,6709,209,587,620,518,307,154,49,5,2449,411,1500,1908,2159,1469,684,284,86,8501,214,1170,1622,1755,1556,677,183,44,7221,1408,3124,3325,2713,1739,697,179,49,13234,749,1903,2194,1813,1274,474,97,28,8532,206,501,506,373,284,133,44,10,2057,1064,1708,1661,1064,595,263,76,15,6446,26,28,29,17,14,13,10,3,140,68,183,293,234,156,78,29,9,1050,3341,3026,3315,3248,2813,2075,1543,784,20145,9561,18185,21197,19847,Cairns
307,917,652,397,139,53,19,3623,304,511,567,565,421,135,41,0,2544,34,84,78,63,53,28,12,11,363,335,395,323,203,150,49,6,0,1461,8,7,3,8,0,0,0,3,29,8,24,50,27,24,9,9,3,154,644,510,637,607,601,627,602,344,4572,2320,4064,4262,3840,3055,1722,973,471,20707,24,119,128,89,102,51,8,0,521,74,76,63,59,46,21,0,0,339,739,1395,1461,1497,1233,716,279,62,7382,233,414,459,457,428,249,103,21,2364,320,742,721,558,327,131,60,14,2873,200,555,802,970,767,451,169,62,3976,164,746,810,798,799,389,115,38,3859,605,1268,1314,993,665,266,92,25,5228,364,617,719,697,563,223,71,5,3259,51,119,113,93,94,53,18,11,552,476,586,528,344,287,113,26,3,2363,12,7,10,8,4,4,3,6,54,29,70,113,86,71,34,20,6,429,1496,1123,1426,1404,1358,1334,1107,532,9780,4787,7837,8667,8053,Darling Downs - Maranoa
308,1718,1270,709,215,58,11,7300,479,1069,1004,928,567,165,30,6,4248,99,201,183,102,49,26,16,3,679,572,786,720,403,205,64,22,7,2779,26,16,8,9,4,8,3,0,74,23,69,81,80,45,13,8,3,322,1251,1038,1111,1197,961,984,961,601,8104,4578,8222,7711,6851,4310,2278,1369,706,36025,90,289,301,276,186,88,16,3,1249,159,344,251,157,90,23,3,0,1027,1802,4291,4311,4140,2974,1395,572,104,19589,568,1012,1111,1120,920,431,197,23,5382,292,581,549,363,208,80,38,4,2115,413,1201,1389,1636,1064,500,168,42,6413,299,1448,1420,1393,1049,461,145,33,6248,1386,2703,2482,2000,1219,353,108,17,10268,604,1326,1314,1181,798,268,57,9,5557,140,318,256,167,121,54,20,7,1083,793,1212,1111,665,397,150,49,16,4393,35,21,15,19,10,16,6,0,122,66,156,221,222,127,47,17,3,859,3170,2769,2881,3045,2338,2058,1775,877,18913,9817,17671,17612,16384,Fitzroy
309,6104,4844,3233,1449,571,178,26287,1832,3853,3643,2843,1885,647,167,45,14915,810,1414,1000,578,370,195,118,28,4513,1920,2732,2590,1617,1211,588,227,51,10936,52,30,19,25,35,26,12,8,207,94,199,249,202,154,75,33,7,1013,3203,2816,2794,2698,2573,2614,2632,1903,21233,13309,24735,24049,20213,14949,8338,4854,2560,113007,478,892,756,696,554,300,110,37,3823,584,1421,1171,715,321,71,12,3,4298,1855,5085,6122,6727,5891,4168,1996,593,32437,1439,3585,4174,3739,2873,1754,726,163,18453,355,865,935,687,406,217,83,28,3576,1514,4123,4554,4673,3325,1651,733,209,20782,508,2889,3516,3342,3043,1561,525,163,15547,4473,10259,9663,7596,5647,2818,1103,328,41887,2645,5357,5187,4099,2951,1216,376,91,21922,1374,2284,1641,980,676,372,196,49,7572,2633,4284,4173,2666,1878,986,345,79,17044,116,58,31,46,52,47,21,13,384,180,413,532,471,380,212,113,39,2340,6748,6355,6081,5731,5343,4968,4612,2856,42694,24902,47870,48536,42168,Gold Coast
310,2585,1880,935,319,104,31,10734,916,2180,1869,1517,917,290,68,11,7768,262,440,345,166,108,55,22,8,1406,915,1211,918,472,296,99,31,18,3960,27,14,22,10,7,10,3,0,93,35,119,113,108,59,23,8,9,474,1650,1359,1488,1273,1069,1087,976,602,9504,6542,12251,11026,8742,5740,2933,1583,791,49608,159,629,580,391,282,98,32,9,2180,415,969,672,372,133,31,0,3,2595,1452,3836,4193,4155,3164,1861,745,158,19564,646,1227,1195,1055,926,588,223,45,5905,247,493,512,357,218,90,32,9,1958,594,1712,1902,1835,1354,674,250,62,8383,283,1398,1632,1553,1255,598,172,52,6943,2174,4719,4025,3056,1690,593,213,62,16532,1271,2896,2573,2162,1350,491,134,28,10905,446,690,526,297,198,105,44,11,2317,1237,1742,1405,777,532,203,82,21,5999,51,28,41,19,12,17,7,4,179,85,249,303,292,193,100,21,17,1260,4142,3623,3742,3193,2471,2140,1754,889,21954,13202,24211,23301,19514,Ipswich
311,2830,2110,1304,406,136,40,12170,1039,2313,1893,1458,872,202,41,8,7826,289,447,293,169,107,51,14,9,1379,939,1078,959,528,323,159,53,7,4046,27,19,18,19,15,3,3,3,107,27,117,120,106,67,20,6,0,463,1925,1327,1539,1407,1311,1076,877,500,9962,7169,12238,11142,9099,6438,2829,1449,650,51014,152,413,414,291,259,95,21,4,1649,429,913,669,370,160,38,3,0,2582,1509,3609,4112,4294,3781,1983,701,135,20124,857,1721,1701,1523,1259,686,215,40,8002,192,451,419,337,181,91,25,3,1699,526,1539,1656,1786,1309,537,204,54,7611,300,1485,1608,1560,1335,547,130,31,6996,2405,4918,4205,3242,2089,764,216,64,17903,1439,2987,2535,1952,1265,367,95,19,10659,512,740,483,296,227,98,34,16,2406,1258,1599,1473,879,614,308,89,14,6234,58,27,27,26,21,13,8,6,186,85,255,291,255,170,82,35,10,1183,4268,3013,3320,3034,2742,2138,1547,775,20837,13990,23670,22913,19845,Logan - Beaudesert
312,1385,998,444,175,42,8,5903,387,849,827,662,365,92,13,3,3198,100,219,164,93,45,21,3,0,645,560,839,664,383,213,67,19,9,2754,4,4,3,11,3,3,3,0,31,28,61,65,58,25,7,3,3,250,931,907,851,900,721,574,571,302,5757,3686,7059,6188,5292,3146,1452,867,389,28079,91,239,236,165,114,64,25,3,937,132,190,137,94,49,9,3,0,614,1719,4258,4230,3879,2479,1080,403,74,18122,500,1013,980,943,766,395,107,17,4721,147,407,360,281,122,47,16,11,1391,320,949,975,1281,772,293,114,41,4745,190,1044,1131,1006,738,288,102,24,4523,1133,2393,1968,1569,807,284,79,14,8247,479,1036,1022,831,479,147,29,6,4029,141,293,226,145,102,37,8,0,952,750,1227,1017,643,376,134,45,12,4204,15,13,3,19,11,3,7,0,71,64,138,165,165,86,31,20,6,675,2443,2796,2666,2711,2015,1301,1044,482,15458,8124,15996,15116,13732,Mackay
313,1962,1633,1059,478,177,64,8501,800,1396,1377,1213,907,304,70,8,6075,183,249,237,144,99,61,40,7,1020,625,819,797,441,347,159,75,24,3287,22,10,4,9,16,8,3,0,72,24,70,77,77,49,22,8,6,333,1198,894,1091,1026,998,1110,1179,718,8214,4688,7409,8316,7263,5822,3431,2040,991,39960,90,207,251,207,212,125,43,13,1148,307,418,371,264,153,32,6,0,1551,907,2047,2984,3063,2981,2163,954,245,15344,602,1102,1301,1185,1057,734,336,94,6411,178,391,396,337,177,121,36,8,1644,351,1031,1586,1660,1440,784,328,102,7282,172,801,1142,1159,1202,697,242,74,5489,1485,2669,2794,2523,1786,878,303,86,12524,1072,1806,1834,1595,1281,507,140,29,8264,298,386,357,251,173,130,70,16,1681,848,1212,1174,716,554,312,108,34,4958,48,14,10,16,22,18,7,3,138,44,149,192,214,162,80,42,9,892,2786,2145,2475,2273,2161,2200,2108,1081,17229,9188,14378,16867,15463,Moreton Bay - North
314,2331,1605,794,242,75,19,8316,588,1395,1326,965,580,135,27,8,5024,226,331,318,153,87,37,36,5,1193,562,697,650,374,228,87,23,5,2626,13,7,5,0,6,6,4,3,44,12,74,104,75,33,21,3,0,322,623,446,552,516,476,388,405,320,3726,3608,7794,8731,6417,3991,1614,787,425,33367,105,344,465,341,221,96,20,3,1595,211,592,687,377,133,32,0,0,2032,775,2232,3144,2971,2209,1174,352,106,12963,503,1061,1203,904,675,396,119,36,4897,104,342,370,232,135,58,18,3,1262,393,1225,1823,1623,990,404,145,39,6642,154,1089,1550,1332,1055,441,104,21,5746,1265,3288,3903,2860,1675,544,149,32,13716,837,1901,1916,1374,900,264,75,11,7278,406,531,511,289,169,69,46,10,2031,727,1044,1016,582,376,150,41,5,3941,19,14,12,3,11,6,4,3,72,39,161,247,175,106,51,13,3,795,1380,1014,1252,1185,988,773,695,442,7729,6918,14838,18099,14248,Moreton Bay - South
315,551,400,171,38,8,3,2238,180,449,359,304,172,48,5,4,1521,32,79,51,39,17,9,5,3,235,183,241,197,116,60,14,9,3,823,5,5,4,3,6,0,3,0,26,14,31,38,27,11,6,0,3,130,653,648,615,585,425,308,216,57,3507,1895,3514,2892,2445,1475,641,297,89,13248,30,149,100,63,40,19,3,0,404,40,80,38,28,21,6,0,0,213,606,1391,1261,1154,796,322,75,17,5622,203,399,380,326,283,128,41,3,1763,280,359,334,261,128,53,13,3,1431,155,496,553,586,415,142,33,10,2390,197,710,506,458,304,94,28,6,2303,402,890,767,607,289,82,21,3,3061,234,617,497,417,264,84,14,4,2131,50,114,77,58,32,16,5,3,355,257,396,349,220,139,37,12,3,1413,13,10,4,9,6,0,3,0,45,31,72,78,74,41,16,3,3,318,1769,1918,1712,1469,1114,741,458,123,9304,4267,7601,6656,5730,Queensland - Outback
316,3158,2842,2062,1043,424,125,13646,827,1792,2073,2018,1660,653,166,32,9221,304,635,660,502,332,215,89,24,2761,884,1225,1528,1016,688,351,117,33,5842,31,11,6,16,7,16,11,4,102,38,87,184,149,112,59,26,7,662,1231,846,1236,1288,1296,1552,1696,1165,10310,5673,10721,14314,13757,10894,6661,3684,1759,67463,118,380,511,477,471,334,132,33,2456,294,405,452,350,243,85,16,0,1845,1028,2434,3713,4604,4234,3392,1738,478,21621,832,1988,2667,2604,2110,1194,616,158,12169,262,705,853,725,472,293,125,26,3461,571,2065,3243,3780,2731,1625,776,256,15047,231,1464,2597,2914,2865,1729,582,136,12518,1882,3561,4747,4342,3604,2063,857,234,21290,1097,2306,2913,2751,2449,1152,331,75,13074,544,987,979,755,585,362,145,32,4389,1239,1989,2390,1623,1104,590,204,49,9188,55,19,14,19,20,29,21,9,186,92,176,365,318,269,180,91,25,1516,2802,1989,2748,2874,2663,2908,2914,1804,20702,11047,20468,28192,28136,Sunshine Coast
317,1299,949,511,200,100,22,5383,446,917,833,766,496,169,45,11,3683,146,220,187,134,69,45,19,5,825,524,520,427,269,146,74,23,6,1989,20,14,10,3,3,3,3,0,56,21,50,65,71,40,25,12,5,289,719,487,492,535,565,619,822,620,4859,3488,5663,5661,5149,3660,2111,1421,785,27938,103,258,264,226,155,90,27,10,1133,178,306,209,134,68,17,3,0,915,829,1815,1774,1864,1359,834,412,95,8982,436,652,672,690,545,325,140,32,3492,189,387,432,412,226,131,38,8,1823,397,1127,1300,1449,1143,619,274,94,6403,165,891,1143,1280,1124,586,214,47,5450,1206,2098,2019,1606,1022,404,157,44,8556,563,1217,1173,1062,760,333,114,23,5245,217,342,284,211,119,74,30,9,1286,721,808,672,434,275,145,45,14,3114,38,26,13,12,12,3,6,4,114,47,115,145,164,107,58,27,9,672,1527,1156,1171,1186,1156,1155,1349,872,9572,6616,11198,11271,10730,Toowoomba
318,1952,1466,712,211,64,21,7913,690,1424,1304,1183,730,252,48,11,5642,189,308,240,150,80,57,22,4,1050,678,844,729,409,237,71,24,6,2998,14,8,13,4,4,6,4,0,53,20,95,102,79,44,23,6,9,378,1400,1130,1182,1105,895,851,811,552,7926,5350,9683,9004,7541,4722,2350,1330,674,40654,229,687,529,445,295,128,20,7,2340,290,399,283,179,78,20,6,0,1255,1570,3635,3689,3581,2723,1497,589,95,17379,572,1136,1141,1183,997,520,210,42,5801,226,510,415,328,162,82,33,5,1761,694,1978,2020,1889,1207,530,224,57,8599,255,1258,1502,1442,1166,523,178,24,6348,1487,3100,2899,2373,1340,409,132,47,11787,963,1907,1807,1585,1072,393,81,22,7830,287,465,350,262,154,89,31,8,1646,919,1304,1196,733,460,182,45,9,4848,33,13,18,9,10,12,7,0,102,64,212,270,218,125,69,23,14,995,3304,2777,2812,2720,2108,1733,1539,807,17800,10893,19381,18931,16947,Townsville
319,2014,1811,1368,592,183,32,9142,579,1306,1559,1645,1181,347,67,11,6695,122,172,187,159,152,104,38,13,947,759,905,938,650,476,238,48,18,4032,11,3,11,9,17,10,6,3,70,17,38,75,88,70,33,12,3,336,1216,780,1126,1273,1482,1951,1816,1095,10739,4751,7554,9351,9685,8157,5214,2860,1331,48903,48,188,280,256,293,157,54,15,1291,208,278,221,204,168,49,6,0,1134,1136,2089,2968,3832,4203,3308,1304,284,19124,495,910,1244,1510,1583,1184,447,85,7458,293,598,738,639,403,230,89,15,3005,399,1246,1835,2424,2107,1184,473,87,9755,254,1259,1833,2002,1843,1071,307,81,8650,1593,2490,2748,2587,2132,1047,344,69,13010,736,1609,1986,2102,1663,618,143,27,8884,185,279,287,248,272,176,69,23,1539,1080,1382,1432,1074,868,475,128,39,6478,24,11,21,16,30,23,9,6,140,51,105,188,218,227,144,59,8,1000,2769,1930,2604,2901,3244,3948,3387,1710,22493,9271,14374,18385,20013,Wide Bay
397,0,4,3,0,0,0,11,3,0,0,8,0,0,0,3,14,0,0,0,0,0,0,0,0,0,0,3,0,0,0,0,0,0,3,3,0,0,0,0,0,0,0,3,0,0,0,0,0,0,0,0,0,3,3,3,5,7,9,3,0,33,13,17,10,22,10,9,6,3,90,0,0,0,0,0,0,0,0,0,0,0,0,0,0,0,0,0,0,6,13,12,13,9,11,3,0,67,3,3,0,4,5,0,4,0,19,3,3,0,3,0,0,0,0,9,4,3,4,0,0,0,0,0,11,0,4,0,8,0,0,3,0,15,0,13,0,4,3,0,3,0,23,3,0,3,8,3,0,0,3,20,0,0,0,0,0,0,0,0,0,3,3,3,0,0,0,0,0,9,3,0,0,0,0,0,0,0,3,0,0,5,0,0,0,0,0,5,8,12,15,22,14,12,6,3,92,33,54,42,62,Migratory - Offshore - Shipping (Qld)
399,66,86,87,28,5,0,454,55,97,53,52,69,13,0,0,339,28,44,15,9,14,5,3,0,118,50,37,20,26,36,16,0,0,185,5,5,0,0,0,0,0,0,10,0,5,5,3,3,0,0,0,16,134,113,97,91,128,59,21,10,653,407,614,384,409,543,200,46,13,2616,21,51,33,8,29,11,6,0,159,9,32,21,15,13,4,0,0,94,79,197,154,142,307,195,34,0,1108,25,97,56,67,116,57,17,3,438,26,36,31,27,28,9,4,0,161,35,100,64,96,122,51,8,3,479,19,53,41,56,96,42,7,0,314,92,202,98,127,148,61,10,3,741,73,136,78,79,103,33,4,0,506,31,86,31,22,29,12,3,0,214,69,65,47,46,61,33,3,3,327,8,5,0,0,0,0,0,0,13,3,16,17,11,20,7,3,0,77,340,371,344,324,349,196,68,15,2007,830,1447,1015,1020,Special Purpose Codes SA4 (Qld)
401,3349,2527,1530,616,259,145,13415,863,2450,2371,2282,1981,790,251,78,11066,439,1024,769,606,318,181,91,33,3461,579,763,794,625,405,196,101,35,3498,41,9,20,14,14,13,11,3,125,71,179,222,192,160,91,30,12,957,1150,886,910,974,959,1031,1336,1297,8543,6237,14081,14402,13487,10902,5558,3295,2160,70122,411,1313,1326,1205,1023,496,192,77,6043,275,1278,956,628,327,65,3,0,3532,1006,2808,3413,3557,2853,1783,1074,392,16886,579,1094,1327,1202,941,617,312,107,6179,214,545,652,580,344,166,90,30,2621,1066,3512,3848,4169,3316,1762,921,357,18951,274,1336,1887,2681,3533,1698,553,251,12213,2425,6062,6219,5076,3590,1635,627,277,25911,1358,3746,3641,3587,3470,1531,499,158,17990,808,1774,1317,1010,592,309,137,47,5994,893,1366,1291,1000,606,303,143,50,5652,78,18,27,20,20,18,15,3,199,123,376,397,367,302,175,68,39,1847,2700,2228,2088,2247,1995,1886,2173,1794,17111,12210,27456,28389,27329,Adelaide - Central and Hills
402,3682,2591,1473,532,236,74,15510,1425,3148,2764,2301,1419,399,86,18,11560,300,590,381,216,131,79,26,12,1735,1193,1649,1237,786,427,200,73,15,5580,30,30,34,32,27,11,4,3,171,52,221,180,135,76,39,26,7,736,2103,1516,1662,1677,1654,1771,1947,1170,13500,8807,17585,14820,12270,8538,4515,3066,1481,71082,259,1020,815,546,410,173,70,17,3310,462,1751,985,550,280,56,8,0,4092,1964,5406,6003,5754,5062,3244,1618,391,29442,939,1457,1390,1274,1099,877,426,82,7544,353,684,532,432,277,102,50,8,2438,1038,3087,3004,3112,2050,797,372,87,13547,355,1705,1687,1577,1802,897,303,66,8392,2815,7339,5870,4395,2802,1083,420,118,24842,1995,4302,3778,3142,2042,665,197,34,16155,577,1072,661,420,284,158,54,16,3242,1633,2428,1903,1292,792,379,133,37,8597,57,46,53,48,33,23,10,6,276,129,463,423,362,244,99,83,21,1824,4690,3655,3764,3661,3241,3270,3397,1759,27437,17266,34415,30868,26565,Adelaide - North
403,3617,2856,1724,707,353,141,15098,1162,2795,2848,2629,1911,671,211,55,12282,330,755,567,376,252,128,72,25,2505,951,1356,1209,711,610,296,114,37,5284,19,13,21,22,26,15,9,3,128,56,161,193,175,129,55,32,12,813,1365,964,1050,1197,1276,1382,1836,1542,10612,7005,15595,15278,14282,11358,5734,3795,2298,75345,432,1173,1088,946,825,431,134,40,5069,314,1136,898,644,325,68,4,0,3389,1275,3722,4766,5213,4835,3036,1795,574,25216,923,1582,1583,1553,1334,812,462,158,8407,289,715,663,557,307,125,70,31,2757,922,3474,3776,4390,3205,1416,748,283,18214,285,1660,1966,2539,3276,1639,584,207,12156,2257,6312,6118,5289,3781,1657,827,308,26549,1638,3948,4110,3809,3098,1248,451,121,18423,655,1329,997,662,500,252,108,43,4546,1329,2067,1841,1167,932,497,186,61,8080,36,27,28,34,36,20,13,10,204,122,329,398,351,310,155,90,32,1787,2940,2214,2255,2692,2580,2452,3071,2201,20405,13417,29688,30487,29846,Adelaide - South
404,2284,1474,836,337,147,54,9178,588,1937,1594,1321,861,264,75,18,6658,223,605,395,221,120,59,26,7,1656,618,884,756,519,348,172,77,26,3400,30,5,7,18,16,10,12,3,101,46,161,165,96,59,30,30,4,591,960,881,856,967,945,1042,1417,1218,8286,4585,11131,9255,7664,5461,2854,2314,1526,44790,230,853,683,452,329,134,47,11,2739,225,1080,618,356,156,26,3,0,2464,995,2806,3159,3183,2579,1682,1119,409,15932,458,910,944,824,567,373,281,82,4439,144,336,292,226,128,55,25,6,1212,634,2267,1928,1825,1291,509,287,89,8830,203,1069,1132,1398,1483,635,233,94,6247,1761,4786,3879,2731,1708,733,358,135,16091,886,2822,2325,1973,1384,472,166,33,10061,435,1072,687,415,245,106,43,11,3014,933,1422,1188,831,547,278,124,38,5361,47,26,14,28,21,15,20,7,178,99,331,334,230,144,62,56,11,1267,2204,2040,1977,2146,1939,1957,2422,1744,16429,9254,21820,19160,16618,Adelaide - West
405,778,585,355,165,61,16,3076,245,486,625,680,479,148,36,5,2704,34,86,79,47,60,30,10,9,355,244,367,343,212,172,68,31,4,1441,11,8,15,6,0,3,0,0,43,5,19,33,32,22,18,7,0,136,378,207,301,415,470,560,664,363,3358,1544,3062,3512,3758,3093,1774,1086,501,18330,25,138,159,151,155,70,17,3,718,43,86,81,60,32,11,0,0,313,516,1038,1354,1566,1488,1087,487,103,7639,173,253,299,414,366,314,111,37,1967,198,517,529,431,271,101,33,9,2089,137,465,727,1235,983,437,180,62,4226,98,509,519,607,866,456,127,44,3226,384,1017,1126,956,711,343,120,32,4689,306,597,744,843,680,251,78,12,3511,50,127,120,87,103,62,26,9,584,337,541,520,374,289,136,59,7,2263,14,12,15,6,3,6,4,0,60,15,48,84,69,61,49,23,7,356,862,502,714,930,1029,1068,1185,534,6824,3158,5850,6991,7729,Barossa - Yorke - Mid North
406,645,428,238,67,21,15,2449,174,440,494,470,265,86,14,5,1948,22,69,59,37,18,12,3,0,220,184,316,233,155,94,31,13,3,1029,0,7,6,11,0,0,0,0,24,0,21,29,24,12,7,0,0,93,482,415,408,444,433,453,470,209,3314,1527,3093,2948,2647,1906,1020,670,275,14086,27,114,76,63,58,16,3,3,360,39,86,45,46,25,8,3,0,252,624,1372,1524,1578,1172,686,288,68,7312,175,270,290,336,335,196,92,16,1710,166,308,295,181,123,51,13,4,1141,143,454,638,754,521,190,87,13,2800,160,551,461,399,478,214,71,21,2355,381,941,917,648,458,142,33,18,3538,245,593,642,616,382,126,23,5,2632,35,102,90,72,44,24,6,0,373,245,472,375,243,169,77,26,3,1610,4,11,11,11,5,3,0,0,45,8,63,73,75,43,23,3,0,288,1197,1120,1190,1236,1033,954,803,332,7865,3449,6457,6627,6258,South Australia - Outback
407,1340,1120,647,328,126,34,5627,432,795,960,1036,796,279,71,8,4377,60,156,149,82,82,60,20,15,624,462,622,570,350,296,145,56,8,2509,9,18,12,17,12,4,7,5,84,8,44,59,56,47,17,6,14,251,722,476,679,721,873,1017,1154,672,6314,2848,5363,5980,5935,5281,3204,1973,947,31531,38,190,204,194,209,125,39,8,1007,87,160,119,88,94,16,6,3,573,740,1646,2096,2297,2222,1690,741,200,11632,382,579,591,695,595,405,236,63,3546,362,865,985,737,517,242,83,20,3811,252,804,1171,1719,1461,761,364,110,6642,154,763,835,896,1441,786,214,79,5168,798,1863,1928,1703,1278,694,255,70,8589,537,1020,1213,1318,1149,487,124,20,5868,101,224,207,159,164,119,43,20,1037,634,973,942,631,500,272,91,20,4063,14,18,22,23,17,9,12,8,123,45,97,136,129,126,67,39,26,665,1667,1286,1662,1740,1914,2031,2032,1035,13367,5811,10488,12111,12329,South Australia - South East
497,0,0,0,0,0,0,0,0,0,0,0,0,0,0,0,0,0,0,0,0,0,0,0,0,0,0,0,0,0,0,0,0,0,0,0,0,0,0,0,0,0,0,0,0,0,0,0,0,0,0,0,0,0,0,0,0,0,0,0,0,0,0,0,0,0,0,0,0,0,0,0,0,0,0,0,0,0,0,0,0,0,0,0,0,0,0,0,0,0,3,0,0,0,0,0,0,3,0,0,0,0,0,0,0,0,0,0,0,0,0,0,0,0,0,0,0,0,0,0,0,0,0,0,0,0,0,0,0,0,0,0,0,0,0,0,0,0,0,0,0,0,0,0,0,0,0,0,0,0,0,0,0,0,0,0,0,0,0,0,0,0,0,0,0,0,0,0,0,0,0,0,0,0,0,0,0,0,0,0,0,0,0,0,0,0,0,0,0,0,3,0,0,0,0,0,3,0,3,3,0,Migratory - Offshore - Shipping (SA)
499,18,13,9,4,0,0,98,12,31,18,23,10,0,0,0,94,3,11,10,3,3,0,0,0,30,9,15,6,3,5,4,0,0,42,0,0,0,0,0,0,0,0,0,0,0,0,0,3,0,0,0,3,24,28,24,34,23,26,34,38,231,88,178,101,108,84,42,34,38,673,4,14,8,3,3,4,0,0,36,0,13,7,3,4,0,0,0,27,19,60,31,49,46,33,0,0,238,10,20,16,11,14,7,0,0,78,9,18,3,3,3,0,0,0,36,5,29,18,18,18,5,0,0,93,3,20,10,14,16,6,0,0,69,34,46,39,20,25,10,0,3,177,12,43,35,29,18,0,3,4,144,6,17,14,8,6,0,0,0,51,12,28,9,11,9,4,0,0,73,0,0,0,0,0,0,0,0,0,0,0,0,4,6,0,0,0,10,59,93,87,108,78,55,63,58,601,173,401,277,281,Special Purpose Codes SA4 (SA)
501,1378,1072,727,302,113,32,5738,388,805,933,830,620,205,47,7,3835,99,217,226,186,124,57,32,8,949,461,601,636,374,242,105,28,8,2455,16,9,3,6,5,3,3,3,48,8,45,67,51,34,18,3,0,226,690,607,769,764,701,669,777,398,5375,3075,5690,6842,6103,4568,2416,1409,568,30671,67,303,377,313,202,99,38,4,1403,128,191,155,106,74,18,0,0,672,1128,2317,2792,2919,2222,1288,497,119,13282,585,872,879,998,737,414,180,36,4701,220,549,594,498,311,161,64,8,2405,234,913,1222,1520,1210,692,253,56,6100,183,830,1395,1453,1291,565,180,54,5951,959,1694,2014,1638,1212,570,182,55,8324,469,963,1169,1052,837,320,109,11,4930,149,308,320,271,198,95,48,11,1400,602,944,1051,656,410,183,68,11,3925,24,9,11,10,15,6,6,3,84,26,93,146,124,101,55,14,5,564,1701,1588,1856,1832,1601,1315,1310,621,11824,6475,11574,13981,13390,Bunbury
502,640,605,476,343,116,28,3140,239,352,442,477,251,109,42,10,1922,58,84,66,50,40,33,13,6,350,292,335,306,214,192,124,47,8,1518,8,5,3,0,3,4,0,0,23,7,18,25,19,16,8,10,0,103,435,312,397,373,463,547,663,322,3512,1711,2508,2961,2847,2315,1755,1184,438,15719,39,86,115,89,62,42,21,6,460,102,125,79,76,38,14,6,0,440,501,967,1287,1408,1282,1105,527,101,7178,275,361,423,444,363,411,209,34,2520,54,181,160,119,84,77,33,4,712,136,350,453,621,535,373,187,38,2693,112,366,569,599,528,306,143,31,2654,432,739,873,872,753,591,218,47,4525,295,450,542,588,367,189,84,18,2533,86,119,96,80,71,61,28,10,551,365,490,450,366,281,205,72,14,2243,11,10,3,0,7,10,0,0,41,23,45,71,68,51,41,25,11,335,1009,746,919,884,1018,1082,1165,532,7355,3440,5035,6040,6214,Mandurah
503,2131,1603,844,442,204,101,8905,551,1908,1620,1298,1108,427,227,64,7203,441,893,511,328,196,119,49,23,2560,283,441,314,223,159,61,45,19,1545,25,7,8,3,5,6,3,3,60,51,129,116,107,79,54,27,9,572,896,1370,739,694,684,523,644,685,6235,4376,11692,9071,8135,6046,3166,1986,1215,45687,492,1478,1023,1000,715,350,158,46,5262,177,909,509,397,141,40,4,0,2177,794,3089,2093,2062,1599,833,415,156,11041,448,1041,696,651,538,301,130,47,3852,88,376,254,193,136,113,55,17,1232,631,2486,2368,2545,1821,1101,592,208,11752,199,873,1102,1556,1636,847,355,139,6707,1499,4841,4176,3448,2091,1072,441,195,17763,883,2957,2561,2214,1938,853,381,113,11900,732,1475,796,558,356,180,71,27,4195,449,821,521,404,277,99,59,29,2659,42,13,15,9,9,11,7,6,112,92,242,202,196,142,89,45,20,1028,2053,3215,1824,1533,1512,1038,1081,922,13178,8579,23816,18140,16766,Perth - Inner
504,2456,1709,1004,472,156,45,9548,647,1629,1475,1286,894,300,79,10,6320,323,611,412,257,161,84,36,12,1896,658,882,806,483,324,126,40,14,3333,15,7,12,6,17,5,3,3,68,32,121,117,83,64,19,7,0,443,1242,1044,1203,1124,1037,931,834,536,7951,5104,10206,10140,8292,5869,3020,1581,741,44953,185,711,779,533,361,151,42,12,2774,279,900,606,375,148,36,3,0,2347,1479,3413,3956,4001,3174,1693,696,185,18597,621,1029,970,929,810,496,206,45,5106,172,399,418,302,188,85,28,3,1595,495,1492,1600,1609,1239,608,263,64,7370,333,1162,1652,1700,1312,646,206,61,7072,1554,3951,3806,2882,1768,809,283,79,15132,906,2217,2163,1830,1360,511,149,30,9166,560,1020,708,441,327,146,50,23,3275,888,1381,1271,852,570,240,88,18,5308,30,11,25,9,23,10,8,3,119,62,230,266,236,155,64,37,7,1057,2996,2889,2950,2628,2180,1811,1476,793,17723,10560,20805,21170,18327,Perth - North East
505,6212,4332,2626,1242,559,178,24134,1597,3690,3404,2584,1759,634,179,36,13883,637,1265,816,456,338,143,75,21,3751,1550,2104,2014,1285,765,312,118,38,8186,37,30,22,16,27,20,10,13,175,75,196,224,183,115,61,23,9,886,2465,2248,2166,1997,1849,1728,1956,1268,15677,11484,24784,24159,19438,12999,6535,3954,1903,105256,524,1808,1760,1387,850,361,131,38,6859,601,2018,1693,928,382,65,6,3,5696,2779,7182,8333,8461,6554,3504,1647,425,38885,1794,3105,3136,2877,2009,1112,548,125,14706,312,910,747,506,297,141,65,11,2989,1504,4477,4821,4602,2912,1418,605,171,20510,763,3092,4101,4334,3325,1482,571,181,17849,3562,10185,10246,7611,5080,2432,976,318,40410,2254,5188,4883,3757,2695,1057,348,72,20254,1139,2116,1392,777,602,252,123,32,6433,1983,3126,3025,2080,1190,542,198,67,12211,80,52,40,35,42,28,14,17,308,157,435,473,436,295,162,71,28,2057,5512,5348,4947,4453,3847,3196,3274,1869,32446,22964,49042,49597,42244,Perth - North West
506,4821,3431,2201,1070,424,152,21412,1533,3395,2751,2411,1679,586,173,42,12570,669,1117,643,386,242,154,66,28,3305,1271,1707,1394,835,625,282,82,19,6215,60,20,17,33,24,22,13,3,192,65,210,198,160,103,46,16,12,810,2573,2317,2162,1934,1924,1648,1924,1389,15871,11932,23314,18872,15641,11465,6000,3683,1977,92884,705,2023,1718,1197,810,359,115,35,6962,670,2395,1386,750,288,51,3,0,5543,3227,8144,7583,7466,6170,3270,1408,367,37635,1295,2023,1779,1680,1542,943,491,127,9880,376,898,743,537,369,201,94,26,3244,1459,3977,3267,3369,2525,1246,583,157,16583,692,2321,2711,3026,2622,1299,497,171,13339,4452,10357,7755,5792,4115,1923,693,228,35315,2119,4659,3855,3364,2588,1026,319,73,18003,1136,1850,1034,624,420,254,102,38,5458,1850,2866,2154,1412,1020,480,153,34,9969,110,41,38,54,44,38,23,7,355,159,423,469,386,286,132,64,33,1952,6159,5962,5194,4507,4103,3187,3213,2009,34334,24409,47939,39686,34164,Perth - South East
507,4119,3098,1859,785,416,132,16387,1144,2609,2595,2261,1514,529,163,32,10847,525,870,703,407,272,139,70,18,3004,1099,1383,1343,836,512,228,96,35,5532,37,14,12,23,16,7,4,6,119,50,146,196,147,85,49,22,12,707,1794,1361,1704,1452,1401,1377,1682,1031,11802,8555,16753,17307,14508,9712,5050,3320,1548,76753,429,1371,1348,1109,781,328,96,22,5484,507,1262,901,585,238,54,7,0,3554,2451,6077,6894,6759,4969,2686,1412,372,31620,920,1747,1753,1702,1211,831,425,99,8688,294,747,665,539,325,145,68,16,2799,1085,3203,3409,3333,2140,1155,546,187,15058,567,2038,2758,3010,2414,1118,438,107,12450,2590,6201,6575,5233,3467,1481,728,228,26503,1664,3558,3637,3173,2250,876,306,62,15526,840,1389,1067,682,481,215,89,24,4787,1397,2097,1999,1357,800,430,165,50,8295,66,24,26,47,24,17,7,9,220,114,314,419,339,237,128,69,22,1642,4042,3643,3956,3490,2997,2616,2808,1545,25097,16966,33671,35407,31358,Perth - South West
508,1598,1154,601,153,49,9,6566,439,1086,946,802,452,104,16,5,3850,107,312,234,146,67,30,13,0,909,570,885,700,337,185,76,25,5,2783,13,8,9,13,5,5,3,0,56,29,79,76,65,27,21,0,0,297,1892,2106,1983,1650,1104,685,470,197,10087,4996,10010,8749,6693,4009,1666,758,257,37138,155,589,511,242,140,35,6,4,1682,138,302,197,129,52,6,0,0,824,2181,5803,5366,4445,2700,895,289,50,21729,614,1287,1165,1047,734,307,106,20,5280,337,802,690,493,303,122,41,7,2795,397,1396,1606,1453,988,372,120,26,6358,328,1539,1560,1291,867,290,73,19,5967,1117,2757,2438,1842,1036,286,80,15,9571,598,1473,1328,1128,667,171,27,5,5397,175,453,353,227,152,49,21,0,1430,726,1390,1181,698,337,156,47,9,4544,33,24,17,24,8,11,3,0,120,77,186,238,208,110,45,13,4,881,4988,6733,6018,5066,3133,1569,924,333,28764,11864,24734,22668,18293,Western Australia - Outback
509,946,751,576,251,93,27,4008,239,558,599,661,573,185,47,7,2869,69,92,158,128,122,66,17,5,657,230,362,384,227,185,75,18,7,1488,3,10,11,4,6,7,0,0,41,6,30,34,31,31,20,5,3,160,507,406,570,623,634,585,579,279,4183,2045,4012,4765,4640,4037,2203,1133,476,23311,35,189,229,186,134,86,24,7,890,86,118,94,84,50,21,0,0,453,754,1366,1649,1865,1609,1005,397,103,8748,295,394,434,507,522,349,147,20,2668,362,809,827,724,518,252,100,14,3606,168,564,817,1143,1034,616,236,61,4639,151,686,966,1058,1094,501,151,70,4677,581,1164,1310,1144,969,440,151,39,5798,300,679,790,864,806,286,84,18,3827,104,136,212,204,201,102,31,8,998,291,535,627,441,312,163,48,13,2430,17,13,15,8,15,10,3,0,81,21,62,85,90,74,61,19,7,419,1388,1150,1463,1560,1454,1219,1086,468,9788,4553,7865,9518,9878,Western Australia - Wheat Belt
597,3,0,0,0,0,0,7,0,0,0,0,0,0,0,0,0,0,0,0,0,0,0,0,0,0,0,3,0,0,0,0,0,0,3,0,0,0,0,0,0,0,0,0,0,0,0,0,0,0,0,0,0,0,4,0,0,0,0,0,0,4,4,7,3,3,3,0,0,0,20,0,5,0,0,0,0,0,0,5,0,3,0,0,0,0,0,0,3,9,36,33,31,13,3,0,0,125,0,10,11,6,0,0,0,0,27,0,3,0,0,0,0,0,0,3,0,0,3,6,3,0,3,0,15,0,0,0,0,0,3,0,0,3,4,3,3,0,0,0,0,0,10,0,3,0,0,0,0,0,0,3,0,3,0,0,0,0,0,0,3,0,8,8,7,0,0,0,0,23,0,0,3,0,0,0,0,0,3,0,3,0,4,0,0,0,0,7,9,27,16,9,7,0,0,0,68,22,104,77,63,Migratory - Offshore - Shipping (WA)
599,43,49,50,21,3,0,296,31,67,34,25,27,13,0,0,197,19,36,9,6,9,3,0,0,82,17,28,17,21,15,3,0,0,101,0,0,0,0,0,0,0,0,0,0,6,4,7,0,0,0,0,17,64,94,98,65,70,24,11,3,429,204,489,296,249,308,99,17,3,1665,20,38,28,17,10,3,0,3,119,9,24,9,3,9,0,0,0,54,52,195,153,133,152,97,3,0,785,43,71,41,31,46,26,6,0,264,7,30,18,20,15,0,0,0,90,23,76,53,46,90,21,3,0,312,6,44,29,32,61,28,0,0,200,45,143,79,70,86,29,6,0,458,40,94,53,50,42,13,0,0,292,26,55,25,12,16,8,0,0,142,22,62,26,35,28,6,0,0,179,0,3,0,0,3,0,3,0,9,0,9,7,12,6,8,0,0,42,175,318,290,254,202,79,36,6,1360,468,1162,811,715,Special Purpose Codes SA4 (WA)
601,1967,1633,1050,440,235,97,8921,747,1759,1798,1726,1229,419,134,42,7854,187,425,410,310,226,129,67,33,1787,649,760,672,450,289,148,55,18,3041,11,8,5,5,5,9,8,4,55,62,115,130,129,97,42,13,13,601,1032,720,797,904,989,1066,1142,700,7350,4599,9030,9072,8937,7109,3807,2480,1201,46235,220,770,912,723,574,242,114,34,3589,317,851,510,333,164,33,6,0,2214,758,1890,2423,2695,2346,1614,890,254,12870,663,1016,1164,1284,857,586,294,90,5954,157,466,539,461,236,108,70,18,2055,481,1535,1780,2201,1843,909,479,165,9393,143,974,1242,1769,1941,980,467,159,7675,1582,3589,3166,2845,2100,940,463,153,14838,979,2461,2571,2488,2011,757,250,76,11593,321,714,688,541,442,224,109,42,3081,915,1336,1148,782,514,274,81,33,5083,26,16,10,9,12,14,11,7,105,104,235,267,233,202,104,46,29,1220,2300,1712,1764,1946,2019,2024,1898,1049,14712,8966,17565,18184,18310,Hobart
602,1104,1000,660,254,120,45,4850,346,735,930,883,702,202,60,10,3868,62,204,187,169,149,78,33,13,895,453,540,530,279,239,105,36,9,2191,13,5,4,6,3,4,0,3,38,18,49,62,50,41,23,9,0,252,590,381,470,533,650,797,826,436,4683,2468,4717,5191,5166,4392,2536,1526,662,26658,59,198,246,218,226,108,30,9,1094,120,316,181,143,76,14,6,0,856,654,1298,1665,2050,1769,1143,543,142,9264,409,556,679,770,570,364,206,43,3597,191,443,489,410,279,134,69,14,2029,282,847,1037,1364,1157,597,244,89,5617,117,707,834,1048,1114,660,260,76,4816,682,1650,1693,1582,1160,490,198,67,7522,429,927,1195,1182,1024,355,109,21,5242,134,349,299,255,252,128,54,21,1492,629,799,811,519,418,198,69,15,3458,21,5,8,12,6,7,4,3,66,28,103,118,132,118,71,28,5,603,1310,824,1027,1170,1359,1465,1454,700,9309,5065,9022,10282,10855,Launceston and North East
603,250,230,216,86,15,4,1148,54,163,276,270,226,78,8,4,1079,10,46,71,66,64,35,6,0,298,66,127,109,97,72,35,0,3,509,0,0,0,0,0,0,0,0,0,0,13,19,17,26,8,3,0,86,114,97,142,162,233,221,139,59,1167,420,950,1296,1390,1404,773,266,98,6597,3,52,82,104,84,48,18,3,394,19,42,41,41,32,4,0,0,179,111,281,443,524,527,345,126,26,2383,72,109,213,219,218,146,44,5,1026,65,168,194,181,108,63,10,3,792,31,101,192,293,319,157,60,16,1169,4,79,159,191,292,204,54,10,993,129,292,344,336,360,151,38,7,1657,76,196,356,359,347,141,28,7,1510,16,71,110,101,121,75,15,0,509,101,208,206,172,122,61,9,3,882,0,0,0,0,0,0,0,3,3,4,23,43,38,53,25,7,3,196,273,210,321,373,496,455,295,107,2530,904,1832,2704,2932,South East
604,814,823,486,157,73,25,3764,312,579,736,751,481,110,35,0,3004,53,85,96,118,82,39,16,3,492,410,435,376,224,151,57,26,5,1684,3,4,0,3,8,7,3,0,28,4,27,32,32,31,17,3,0,146,468,271,450,485,511,691,743,383,4002,2021,3358,3731,3953,3121,1896,1210,540,19830,23,115,121,114,103,81,32,4,593,93,155,107,122,67,26,3,0,573,588,1248,1615,1742,1399,941,390,106,8029,330,368,478,641,558,339,148,35,2897,134,321,358,307,156,61,28,13,1378,162,466,627,918,838,431,153,77,3672,74,536,567,726,774,508,182,58,3425,568,1184,1162,1198,839,297,131,30,5409,377,697,900,935,658,202,65,6,3840,79,127,146,168,129,66,29,6,750,530,660,577,404,293,136,47,8,2655,3,4,0,7,14,12,3,3,46,25,58,69,87,88,41,19,3,390,1063,623,935,1072,1069,1304,1256,590,7912,4049,6562,7662,8441,West and North West
697,0,0,0,0,0,0,0,0,0,0,0,0,0,0,0,0,0,0,0,0,0,0,0,0,0,0,5,0,0,0,0,0,0,5,0,0,0,0,0,0,0,0,0,0,0,0,0,0,0,0,0,0,0,0,4,0,0,0,0,0,4,0,8,4,0,3,0,0,0,15,0,3,0,0,0,0,0,0,3,0,0,0,0,3,0,0,0,3,0,6,4,3,0,3,0,0,16,0,4,0,0,0,0,0,0,4,3,0,0,0,3,0,0,0,6,0,3,0,0,0,0,0,0,3,0,0,0,0,0,0,0,0,0,0,0,0,3,0,0,0,0,3,0,0,0,0,3,0,0,0,3,0,0,3,0,0,0,0,0,3,0,5,0,4,0,0,0,3,12,0,0,3,0,0,0,0,0,3,0,0,0,0,0,0,3,0,3,3,3,8,0,3,0,0,0,17,6,24,18,10,Migratory - Offshore - Shipping (Tas.)
699,7,3,3,0,0,0,26,5,8,6,10,11,0,0,0,40,0,3,4,3,0,0,0,0,10,3,3,3,0,0,0,0,0,9,0,0,0,0,0,3,0,0,3,0,0,0,0,0,0,0,0,0,12,8,6,3,13,7,3,0,52,33,54,33,31,45,18,6,0,220,0,0,0,3,5,3,0,0,11,3,6,0,3,0,0,0,0,12,7,24,13,19,7,9,0,0,79,4,8,6,0,3,3,0,0,24,0,4,6,3,0,0,0,0,13,3,13,4,9,17,5,3,0,54,0,8,3,3,9,0,0,0,23,4,15,16,6,6,3,0,0,50,5,14,9,15,17,3,0,0,63,0,3,4,3,0,0,0,0,10,6,7,3,3,3,0,0,0,22,0,0,0,0,0,3,0,0,3,0,4,3,5,0,0,0,0,12,26,42,32,20,24,15,8,0,167,58,148,99,92,Special Purpose Codes SA4 (Tas.)
701,1460,1031,540,135,21,10,5632,351,1020,983,810,469,134,24,6,3797,70,261,172,124,73,18,4,0,722,361,510,391,235,82,33,13,5,1630,8,8,9,5,3,4,0,0,37,16,75,92,44,42,6,6,0,281,1076,1227,1197,996,714,378,211,78,5877,3094,7255,6383,5137,3169,1137,393,119,26687,60,377,359,287,190,67,16,0,1356,178,489,307,203,112,15,4,0,1308,896,2148,2241,2008,1370,593,155,21,9432,313,695,601,563,452,187,57,5,2873,154,359,359,254,128,51,11,4,1320,299,1338,1096,1027,673,224,76,16,4749,122,725,835,917,801,304,56,11,3771,887,2560,2282,1661,1000,259,44,15,8708,511,1504,1437,1194,753,258,58,12,5727,130,433,289,212,147,49,12,0,1272,528,882,693,437,202,69,18,5,2834,18,15,18,9,8,4,0,0,72,72,212,231,133,110,31,10,3,802,2869,3253,2867,2381,1726,881,463,134,14574,7037,14990,13615,11286,Darwin
702,577,449,242,42,7,0,2208,158,483,442,393,276,55,7,0,1814,38,112,92,75,30,13,0,3,363,186,218,167,111,60,8,4,4,758,0,10,9,3,5,3,3,0,33,12,39,43,24,15,5,0,0,138,1079,944,898,643,430,250,118,55,4417,2008,3857,3489,2927,1892,579,187,74,15013,36,165,125,106,73,27,0,0,532,33,130,82,61,23,6,0,0,335,383,963,1023,958,662,213,50,5,4257,156,417,346,313,228,96,13,0,1569,157,337,294,217,89,26,6,3,1129,116,724,699,714,468,112,36,4,2873,113,586,638,687,569,152,25,3,2773,299,923,892,703,467,78,13,0,3375,241,768,725,614,441,99,12,0,2900,71,191,160,128,77,27,0,3,657,274,398,299,230,113,19,7,4,1344,5,18,16,11,10,3,6,0,69,28,101,119,91,38,14,0,0,391,2299,2245,1997,1472,1030,544,210,82,9879,4211,7966,7415,6305,Northern Territory - Outback
797,0,0,0,0,0,0,0,0,0,0,0,0,0,0,0,0,0,0,0,0,0,0,0,0,0,0,0,0,0,0,0,0,0,0,0,0,0,0,0,0,0,0,0,0,0,0,0,0,0,0,0,0,0,0,0,4,0,0,0,0,4,0,0,0,4,0,4,0,0,8,0,0,0,0,0,3,0,0,3,0,0,0,0,0,0,0,0,0,5,4,10,8,3,0,0,0,30,0,0,0,0,0,0,0,0,0,0,3,0,0,0,0,0,0,3,0,0,0,0,0,0,0,0,0,0,0,0,0,0,4,0,0,4,0,4,0,0,0,0,0,0,4,0,3,0,0,0,0,0,0,3,0,0,0,0,0,0,0,0,0,0,4,0,0,0,0,0,0,4,0,0,0,0,0,0,0,0,0,0,0,0,0,0,0,0,0,0,4,4,0,7,3,0,0,0,18,9,22,10,15,Migratory - Offshore - Shipping (NT)
799,9,9,16,4,0,0,73,13,18,13,9,9,0,0,0,62,7,9,5,3,6,0,0,0,30,6,12,6,3,3,4,0,0,34,0,0,0,0,0,0,0,0,0,0,5,0,0,0,0,0,0,5,7,17,17,29,35,13,0,0,118,57,134,67,76,103,40,0,0,477,6,8,6,3,3,3,0,0,29,0,9,3,0,3,0,0,0,15,16,31,29,34,54,26,0,0,190,5,19,14,7,17,7,4,0,73,0,15,11,8,4,0,0,0,38,8,23,7,16,30,5,0,0,89,3,4,4,9,17,17,0,0,54,12,35,14,12,27,10,0,0,110,17,28,19,15,13,5,0,0,97,7,13,5,6,6,0,0,0,37,9,19,6,3,3,9,0,0,49,0,0,0,0,0,0,0,0,0,0,8,0,3,0,4,0,0,15,26,60,48,58,71,30,0,0,293,109,272,166,174,Special Purpose Codes SA4 (NT)
801,5048,3988,2677,1001,386,187,20966,1825,5997,4630,3997,2952,1162,382,95,21040,587,1554,1074,686,380,173,78,41,4573,767,1062,904,527,307,165,69,16,3817,32,9,10,13,3,9,6,0,82,121,388,386,344,221,87,34,16,1597,1839,1430,1218,1078,992,921,993,782,9253,9060,23216,20038,17219,12688,6093,2998,1501,92813,815,2554,2344,2225,1797,875,334,107,11051,944,3935,3095,2382,1058,202,17,0,11633,1040,3634,3745,3649,2958,1735,949,253,17963,858,1704,1644,1413,1152,707,352,104,7934,231,823,888,639,440,212,107,22,3362,708,2805,2845,3065,2269,1139,559,206,13596,381,2334,2410,2584,2796,1618,558,145,12826,3215,9218,8510,6942,4772,1851,658,313,35479,2861,9604,7722,6761,5641,2582,898,240,36309,1083,2646,1723,1162,690,286,129,55,7774,1195,1844,1548,911,509,270,125,27,6429,77,23,19,13,19,9,10,0,170,222,684,750,679,475,228,123,46,3207,4183,3456,2832,2475,2046,1709,1629,1105,19435,17813,45264,40075,34900,Australian Capital Territory
897,0,0,0,0,0,0,0,0,0,0,0,0,0,0,0,0,0,0,0,0,0,0,0,0,0,0,0,0,0,0,0,0,0,0,0,0,0,0,0,0,0,0,0,0,0,0,0,0,0,0,0,0,0,0,0,0,0,0,0,0,0,0,0,0,0,0,0,0,0,0,0,0,0,0,0,0,0,0,0,0,0,0,0,0,0,0,0,0,0,0,0,0,0,0,0,0,0,0,0,0,0,0,0,0,0,0,0,0,0,0,0,0,0,0,0,0,0,0,0,0,0,0,0,0,0,0,0,0,0,0,0,0,0,0,0,0,0,0,0,0,0,0,0,0,0,0,0,0,0,3,3,0,0,0,0,0,0,0,0,0,0,0,0,0,0,0,0,0,0,0,0,0,0,0,0,0,0,0,0,0,0,0,0,0,0,0,0,0,0,0,0,0,0,0,0,0,0,0,0,0,Migratory - Offshore - Shipping (ACT)
899,12,6,3,0,0,0,32,9,20,5,14,3,0,0,0,51,0,6,0,3,3,0,0,0,12,0,3,3,0,0,0,0,0,6,0,0,0,0,0,0,0,0,0,0,0,4,0,0,0,0,0,4,8,0,3,4,0,3,0,3,21,29,57,38,33,16,7,0,3,183,6,6,8,0,0,3,0,0,23,0,4,3,6,3,0,0,0,16,3,9,4,3,3,0,0,0,22,3,0,6,0,0,0,0,0,9,0,0,0,0,3,3,0,0,6,4,14,7,6,6,0,0,0,37,0,5,4,0,7,4,0,0,20,9,20,17,9,6,3,0,0,64,12,29,11,18,7,3,0,0,80,0,11,0,3,3,0,0,0,17,4,6,3,0,0,0,0,0,13,0,0,0,0,0,0,0,0,0,0,0,4,5,0,0,0,0,9,18,13,13,14,7,3,0,3,71,59,117,80,64,Special Purpose Codes SA4 (ACT)
901,23,21,5,0,0,0,84,7,13,15,9,4,0,0,0,48,0,4,0,3,0,0,0,0,7,4,9,9,0,0,0,0,0,22,0,0,0,0,0,0,0,0,0,0,3,0,3,0,0,0,0,6,20,20,25,19,16,5,4,0,109,51,93,111,92,50,5,7,0,409,3,7,10,0,0,0,0,0,20,3,5,3,0,0,0,0,0,11,14,25,37,51,35,7,0,0,169,3,10,3,15,11,4,0,0,46,0,5,7,10,4,0,0,0,26,3,5,15,10,16,0,3,0,52,3,19,31,24,17,0,0,0,94,17,33,34,31,9,5,0,0,129,10,22,30,19,4,0,0,0,85,0,4,0,7,0,0,0,0,11,4,13,12,4,0,0,0,0,33,0,0,0,0,4,0,0,0,4,0,3,0,6,5,0,0,0,14,211,467,159,74,50,17,13,0,991,271,618,341,251,Other Territories
997,0,0,0,0,0,0,0,0,0,0,0,0,0,0,0,0,0,0,0,0,0,0,0,0,0,0,0,0,0,0,0,0,0,0,0,0,0,0,0,0,0,0,0,0,0,0,0,0,0,0,0,0,0,0,0,0,0,0,0,0,0,0,0,0,3,0,0,0,0,3,0,0,0,0,0,0,0,0,0,0,0,0,0,0,0,0,0,0,0,0,0,0,0,0,0,0,0,0,0,0,0,0,0,0,0,0,0,0,0,0,0,0,0,0,0,0,0,0,0,0,0,0,0,0,0,0,0,3,0,0,0,0,3,0,0,0,0,0,0,0,0,0,0,0,0,0,0,0,0,0,0,0,0,0,0,0,0,0,0,0,0,0,0,0,0,0,0,0,0,0,0,0,0,0,0,0,0,0,0,0,0,0,0,0,0,0,0,0,0,0,0,0,0,0,0,0,0,0,0,3,Migratory - Offshore - Shipping (OT)
999,0,0,0,0,0,0,3,0,0,0,0,0,0,0,0,0,3,0,0,0,0,0,0,0,3,0,0,0,0,0,0,0,0,0,0,0,0,0,0,0,0,0,0,0,0,0,0,0,0,0,0,0,0,0,0,0,0,0,0,0,0,3,3,0,6,0,0,0,0,12,0,0,0,0,3,0,0,0,3,0,0,0,0,0,0,0,0,0,0,0,0,0,0,0,0,0,0,3,0,0,0,0,0,0,0,3,0,0,0,0,0,0,0,0,0,0,0,0,3,0,0,0,0,3,0,0,0,3,0,0,0,0,3,0,3,0,0,0,0,0,0,3,0,3,0,0,0,0,0,0,3,3,0,0,0,0,0,0,0,3,0,0,0,0,0,0,0,0,0,0,0,0,0,0,0,0,0,0,0,0,0,0,0,0,0,0,0,0,0,0,0,0,0,0,0,0,6,6,0,6,Special Purpose Codes SA4 (OT)
