yr,pop_p_brn_ovs_num_f_num,pop_p_brn_ovs_num_m_num,pop_p_brn_ovs_tot_pop_num,age_p_brn_ovs_0_4_yrs_num,age_p_brn_ovs_5_9_yrs_num,age_p_brn_ovs_10_14_yrs_num,age_p_brn_ovs_15_19_yrs_num,age_p_brn_ovs_20_24_yrs_num,age_p_brn_ovs_25_29_yrs_num,age_p_brn_ovs_30_34_yrs_num,age_p_brn_ovs_35_39_yrs_num,age_p_brn_ovs_40_44_yrs_num,age_p_brn_ovs_45_49_yrs_num,age_p_brn_ovs_50_54_yrs_num,age_p_brn_ovs_55_59_yrs_num,age_p_brn_ovs_60_64_yrs_num,age_p_brn_ovs_65_69_yrs_num,age_p_brn_ovs_70_74_yrs_num,age_p_brn_ovs_75_79_yrs_num,age_p_brn_ovs_80_84_yrs_num,age_p_brn_ovs_85_ov_num,yr_arrival_p_brn_ovs_arrived_5_yrs_pr100,yr_arrival_p_brn_ovs_arrived_5_10_yrs_ago_pr100,yr_arrival_p_brn_ovs_arrived_ov_10_yrs_ago_pr100,yr_arrival_p_brn_ovs_arrival_ns_pr100,citizenship_status_p_brn_ovs_aus_citizen_pr100,citizenship_status_p_brn_ovs_no_aus_citizen_pr100,citizenship_status_p_brn_ovs_citizenship_ns_pr100,rel_aff_p_brn_ovs_buddhism_pr100,rel_aff_p_brn_ovs_christianity_pr100,rel_aff_p_brn_ovs_hinduism_pr100,rel_aff_p_brn_ovs_islam_pr100,rel_aff_p_brn_ovs_judaism_pr100,rel_aff_p_brn_ovs_oth_religion_pr100,rel_aff_p_brn_ovs_no_religion_pr100,rel_aff_p_brn_ovs_sec_bels_oth_sprt_blfs_no_rel_aff_pr100,rel_aff_p_brn_ovs_religion_ns_pr100,eng_prof_p_brn_ovs_proficient_eng_pr100,eng_prof_p_brn_ovs_no_proficient_eng_pr100,eng_prof_p_brn_ovs_eng_prof_ns_pr100,qualf_p_brn_ovs_postgrad_degree_lvl_pr100,qualf_p_brn_ovs_grad_dip_grad_certificate_lvl_pr100,qualf_p_brn_ovs_bachelor_degree_lvl_pr100,qualf_p_brn_ovs_adv_dip_dip_lvl_pr100,qualf_p_brn_ovs_certificate_lvl_pr100,qualf_p_brn_ovs_scl_edu_lvl_pr100,qualf_p_brn_ovs_edu_ns_pr100,occ_p_brn_ovs_managers_pr100,occ_p_brn_ovs_pros_pr100,occ_p_brn_ovs_tech_trades_wrkers_pr100,occ_p_brn_ovs_cmty_p_wrkers_pr100,occ_p_brn_ovs_clrc_admt_wrkers_pr100,occ_p_brn_ovs_sales_wrkers_pr100,occ_p_brn_ovs_mach_ops_drivers_pr100,occ_p_brn_ovs_labourers_pr100,occ_p_brn_ovs_occ_ns_pr100,lbr_frc_stat_p_brn_ovs_lbr_frc_num,lbr_frc_stat_p_brn_ovs_unemp_num,lbr_frc_stat_p_brn_ovs_ptic_rt_pr100,lbr_frc_stat_p_brn_ovs_unemp_rt_pr100,tot_p_inc_wk_p_brn_ovs_15_yrs_ov_p_earn_aud1_aud499wk_pr100,tot_p_inc_wk_p_brn_ovs_15_yrs_ov_p_earn_aud500_aud999wk_pr100,tot_p_inc_wk_p_brn_ovs_15_yrs_ov_p_earn_aud1000_aud1999wk_pr100,tot_p_inc_wk_p_brn_ovs_15_yrs_ov_p_earn_aud2000_aud2999wk_pr100,tot_p_inc_wk_p_brn_ovs_15_yrs_ov_p_earn_aud3000_plswk_pr100,tot_p_inc_wk_p_brn_ovs_15_yrs_ov_p_earn_nil_inc_pr100,tot_p_inc_wk_p_brn_ovs_15_yrs_ov_p_negative_inc_pr100,tot_p_inc_wk_p_brn_ovs_15_yrs_ov_inc_ns_pr100,sa4_code16,sa4_name16,ogc_fid
2016,13880,13469,27348,202,447,488,500,648,1227,1595,1562,1631,1922,2393,2462,2637,3216,2452,1819,1160,998.0,9.4,10.1,75.9,4.7,69.4,28.3,2.3,2.7,55.8,2.9,2.7,0.2,2.0,,28.6,4.7,94.7,3.8,1.5,7.2,2.3,16.0,10.7,19.2,,6.0,7.7,10.5,5.8,5.8,5.7,3.4,1.9,5.3,0.3,13556,686,49.6,5.1,34.4,25.7,20.3,5.0,2.9,0.1,0.5,4.5,101,Capital Region,1
2011,13045,12635,25679,212,392,519,468,483,932,1148,1442,1829,2233,2344,2444,3200,2615,2162,1435,998,836.0,9.8,6.4,78.8,5.0,71.6,26.6,1.8,2.5,64.3,1.7,2.0,0.2,1.3,22.1,,5.0,95.0,3.8,1.2,5.7,2.1,13.5,9.1,16.4,37.7,8.2,7.7,10.7,6.2,5.1,6.7,3.0,2.1,5.1,0.3,12782,548,49.8,4.3,,,,,,,,,101,Capital Region,2
2016,25052,22893,47948,294,840,1071,1084,1084,1711,2482,3136,3475,3998,4355,4290,4087,4746,4072,3196,2049,1973.0,7.8,10.4,78.2,3.6,66.3,31.7,2.0,3.1,60.9,1.7,1.2,0.3,0.8,,27.6,3.9,95.9,3.4,0.7,4.8,1.4,15.0,10.6,20.3,,5.5,6.5,11.7,6.6,5.4,6.1,3.6,2.3,4.6,0.3,24374,1512,50.8,6.2,34.2,25.0,20.7,4.7,2.8,0.1,0.4,3.7,102,Central Coast,3
2011,22658,20994,43652,313,736,968,955,963,1452,2113,2873,3567,4161,4023,3774,4355,3910,3330,2569,1796,1788.0,8.4,8.6,78.3,4.7,66.9,31.7,1.4,2.7,69.3,1.2,1.2,0.4,0.7,19.9,,3.9,96.7,2.6,0.7,3.4,1.2,12.1,9.4,17.1,41.0,8.7,6.3,11.0,6.8,5.1,6.7,3.8,2.4,4.6,0.3,22003,1317,50.4,6.0,,,,,,,,,102,Central Coast,4
2016,7892,7626,15518,99,315,402,405,467,809,1044,1043,1090,1147,1339,1284,1271,1528,1267,887,586,519.0,12.0,11.9,70.0,6.0,59.8,36.6,3.6,3.1,60.3,3.5,1.9,0.1,1.5,,23.3,5.8,93.1,4.0,2.9,5.8,1.7,16.0,9.7,18.6,,7.1,6.9,11.5,6.3,5.3,4.5,3.2,2.8,5.7,0.4,7791,495,50.2,6.4,35.9,23.0,19.3,4.1,2.9,0.1,0.4,5.8,103,Central West,5
2011,7076,7131,14208,135,287,346,410,449,578,800,895,1071,1289,1202,1251,1535,1327,990,730,473,442.0,11.2,8.9,72.5,7.4,62.7,33.5,3.8,2.7,67.5,1.6,1.7,0.1,0.9,18.8,,6.0,93.7,3.4,2.9,4.1,1.4,12.8,8.4,15.6,39.4,10.1,6.9,10.9,6.5,4.5,5.3,2.7,3.5,5.7,0.5,7041,399,49.6,5.7,,,,,,,,,103,Central West,6
2016,8198,7240,15438,136,372,440,432,420,724,848,875,995,1048,1325,1408,1367,1700,1251,916,586,583.0,13.4,11.5,70.8,4.3,62.4,35.3,2.3,2.9,51.3,1.4,2.7,0.2,6.0,,30.2,4.7,93.0,5.9,1.1,4.2,1.9,14.4,10.4,20.1,,5.6,6.6,9.9,5.0,5.4,4.4,2.4,1.5,7.1,0.3,7198,558,46.6,7.8,40.1,27.2,15.4,2.7,2.3,0.1,0.8,4.4,104,Coffs Harbour - Grafton,7
2011,7340,6647,13987,129,308,354,359,384,510,586,822,938,1250,1306,1254,1672,1314,1023,713,549,520.0,12.5,8.5,73.5,5.4,64.9,32.9,2.1,2.8,59.6,1.0,1.1,0.2,4.8,24.2,,5.2,94.9,4.1,1.0,3.3,1.5,12.5,9.0,17.1,39.3,8.5,6.7,9.6,4.9,5.0,5.2,2.9,1.5,4.7,0.4,6335,583,45.3,9.2,,,,,,,,,104,Coffs Harbour - Grafton,8
2016,3480,3288,6773,84,174,185,159,232,614,672,570,476,408,526,491,459,585,480,311,190,162.0,17.1,18.4,58.7,5.8,51.7,44.9,3.4,4.4,55.8,7.5,4.1,0.2,1.7,,20.7,5.3,93.4,4.1,2.5,7.3,2.0,18.6,9.0,17.2,,7.0,6.7,13.0,6.5,6.9,4.3,4.3,2.4,7.6,0.3,3782,232,55.8,6.1,30.7,27.4,19.5,4.0,2.8,0.1,0.6,5.6,105,Far West and Orana,9
2011,2986,2943,5926,66,128,148,137,185,317,356,408,416,518,540,510,647,523,402,285,194,140.0,16.1,9.4,67.2,7.4,59.4,37.0,3.5,3.1,67.9,3.1,2.3,0.1,1.0,16.6,,5.1,93.5,4.2,2.4,4.5,1.5,13.6,8.2,15.7,38.1,10.6,7.9,13.4,6.3,5.4,5.0,2.9,2.6,5.9,0.4,3119,166,52.6,5.3,,,,,,,,,105,Far West and Orana,10
2016,11251,10756,22006,164,448,569,535,542,997,1423,1495,1526,1779,1946,1811,1892,2438,1837,1228,731,643.0,9.5,12.7,73.0,4.7,63.3,34.2,2.5,2.9,62.1,2.3,1.7,0.2,1.0,,24.9,4.6,95.7,2.7,1.6,4.3,1.4,13.4,10.4,22.2,,5.9,6.6,9.2,7.9,5.3,5.2,3.0,3.9,5.6,0.2,11148,736,50.7,6.6,34.0,24.0,20.2,5.0,3.0,0.1,0.5,4.6,106,Hunter Valley exc Newcastle,11
2011,10192,9945,20133,186,408,483,482,584,938,1150,1304,1663,1881,1769,1720,2292,1839,1345,887,608,604.0,12.5,9.4,72.6,5.5,63.2,34.6,2.2,2.3,68.9,1.5,1.3,0.2,0.9,19.7,,4.6,96.1,2.5,1.4,3.4,1.2,11.6,9.0,18.2,40.5,8.1,6.8,9.3,8.6,4.7,5.8,3.1,4.6,5.5,0.5,10470,530,52.0,5.1,,,,,,,,,106,Hunter Valley exc Newcastle,12
2016,29990,28208,58194,475,1016,1009,1409,2858,2965,2932,3275,3356,4209,5083,5031,4991,5611,4463,3897,2987,2639.0,13.7,8.2,74.1,4.0,65.6,32.3,2.1,3.4,60.9,2.0,5.6,0.1,0.6,,23.2,3.8,88.9,10.3,0.8,7.1,1.4,13.0,8.1,17.9,,5.4,4.6,10.1,5.3,4.5,4.8,2.8,2.6,4.4,0.2,25099,2019,43.1,8.0,40.4,21.1,17.2,4.1,2.4,0.1,0.6,3.5,107,Illawarra,13
2011,28767,27182,55945,415,710,861,1057,2699,2658,2582,2863,4010,5090,5022,4981,5799,4620,4352,3625,2557,2036.0,12.1,6.2,77.3,4.4,68.4,29.9,1.7,3.4,69.4,1.4,4.9,0.1,0.6,16.5,,3.2,88.6,10.6,0.8,5.5,1.1,10.9,7.2,14.8,44.6,8.5,4.4,9.7,5.8,4.0,5.3,2.8,3.3,4.6,0.4,24602,1827,44.0,7.4,,,,,,,,,107,Illawarra,14
2016,10686,9806,20498,114,230,317,299,265,512,729,906,1074,1258,1663,1801,1980,2825,2512,1846,1107,1051.0,6.3,7.4,81.6,4.7,69.1,28.8,2.1,2.5,61.3,1.4,0.7,0.2,0.7,,28.1,4.7,97.2,1.7,1.0,4.0,1.5,13.6,10.4,22.8,,6.9,5.0,9.8,4.6,4.8,4.1,2.4,1.5,3.8,0.2,8065,575,39.3,7.1,43.8,25.5,14.7,2.6,2.1,0.1,0.5,4.8,108,Mid North Coast,15
2011,9822,9136,18961,106,230,309,273,199,379,574,836,1139,1534,1649,1641,2394,2455,2012,1419,945,860.0,6.3,5.8,82.3,5.6,70.0,28.2,1.8,2.3,68.1,0.8,0.8,0.3,0.6,21.2,,5.1,97.7,1.4,0.9,2.7,1.3,11.3,9.7,18.8,40.7,9.5,5.2,8.8,4.8,4.4,4.7,2.5,1.5,3.6,0.3,7445,601,39.3,8.1,,,,,,,,,108,Mid North Coast,16
2016,5051,4737,9792,102,239,274,257,313,602,781,667,613,644,729,748,734,934,805,603,397,352.0,15.1,15.5,65.2,4.1,58.6,39.7,1.7,4.2,56.2,8.2,2.2,0.2,2.9,,22.4,3.5,92.6,6.5,0.8,4.9,1.4,13.4,9.6,18.1,,5.9,6.6,9.3,5.7,5.9,4.4,2.8,3.1,8.0,0.5,4896,327,50.0,6.7,37.4,26.6,17.6,3.2,1.9,0.1,0.7,4.4,109,Murray,17
2011,4498,4321,8816,89,174,210,240,310,501,496,522,576,678,665,695,923,804,716,516,362,338.0,16.1,8.6,69.9,5.4,60.4,37.7,1.9,3.2,65.0,5.3,2.3,0.2,1.6,17.3,,4.4,94.2,5.0,0.9,4.3,1.5,11.9,7.8,15.0,42.1,9.0,7.0,9.4,6.0,4.5,4.6,2.7,3.4,7.2,0.7,4337,277,49.2,6.4,,,,,,,,,109,Murray,18
2016,6517,6191,12709,161,356,373,447,675,1079,1042,924,890,931,951,896,953,1056,787,554,348,287.0,21.9,13.7,59.1,5.3,52.3,45.9,1.8,3.8,54.5,4.5,4.6,0.1,1.3,,26.4,4.2,92.8,6.1,1.0,9.8,1.9,17.4,9.4,15.4,,4.9,7.3,12.4,5.3,5.5,4.1,2.6,2.1,10.0,0.5,6901,487,54.3,7.1,31.3,28.4,18.7,3.8,2.5,0.1,1.0,3.8,110,New England and North West,19
2011,5454,5288,10742,153,227,303,344,557,589,609,727,789,925,866,941,1112,882,650,472,322,270.0,17.7,9.2,67.3,5.7,58.3,39.8,1.9,3.0,61.7,2.2,3.7,0.2,0.9,21.6,,5.6,95.0,4.0,0.9,7.6,1.6,14.6,8.6,14.1,37.0,7.5,8.5,12.5,5.5,4.5,5.0,2.5,2.1,7.0,0.4,5543,377,51.6,6.8,,,,,,,,,110,New England and North West,20
2016,21703,20153,41861,442,982,1088,1266,2513,2798,3192,3098,2887,3004,3101,3023,2869,3514,2754,2188,1504,1635.0,16.3,12.4,66.9,4.3,61.4,36.6,1.9,4.1,54.9,3.1,4.4,0.2,0.9,,27.8,4.3,92.5,6.3,1.1,8.6,1.8,17.8,8.9,16.4,,4.9,5.1,14.8,5.5,5.5,5.1,3.0,2.1,4.7,0.3,21078,1664,50.4,7.9,33.2,23.0,20.4,4.9,3.5,0.1,0.6,3.6,111,Newcastle and Lake Macquarie,21
2011,19116,18087,37200,439,824,854,981,2033,2305,2472,2459,2681,2982,2958,2832,3539,2769,2338,1796,1411,1536.0,15.8,9.3,69.8,5.1,65.0,33.4,1.7,3.6,65.3,2.5,3.7,0.2,0.7,19.6,,3.8,93.6,5.6,0.9,6.6,1.4,15.9,8.0,14.2,37.6,8.0,5.2,14.3,6.0,4.4,5.6,2.9,2.4,4.5,0.3,18309,1143,49.2,6.2,,,,,,,,,111,Newcastle and Lake Macquarie,22
2016,15677,14043,29716,205,496,646,637,679,1044,1604,1997,2124,2303,2616,2674,2747,3089,2385,1852,1294,1339.0,8.7,10.4,76.4,4.5,65.5,32.9,1.6,3.4,47.4,1.5,0.7,0.7,1.7,,39.3,4.8,97.4,1.8,0.8,5.1,2.0,16.6,11.3,20.1,,5.4,6.4,11.4,6.2,6.3,4.5,3.3,1.7,5.5,0.4,14690,988,49.4,6.7,39.6,27.7,16.9,2.8,2.2,0.1,0.5,4.2,112,Richmond - Tweed,23
2011,14797,13546,28340,219,518,649,606,699,955,1449,1883,2232,2646,2623,2623,2889,2378,1934,1644,1240,1143.0,10.7,8.9,75.4,5.0,65.0,33.5,1.4,3.9,54.5,1.2,0.6,0.8,1.6,29.7,,5.6,97.6,1.9,0.5,3.7,1.6,14.2,9.9,16.1,39.4,7.6,6.4,10.5,5.9,5.5,4.7,3.3,1.7,5.1,0.4,13568,1125,47.9,8.3,,,,,,,,,112,Richmond - Tweed,24
2016,7402,7720,15118,172,454,543,521,804,1390,1467,1252,1107,1050,1049,973,886,1008,778,647,473,543.0,22.4,16.7,54.4,6.6,52.8,44.3,3.0,2.6,57.7,5.9,6.1,0.1,5.0,,17.8,4.4,86.4,11.8,1.7,5.6,1.3,14.2,8.3,14.1,,6.7,6.9,10.2,6.1,4.9,3.6,2.3,2.7,13.9,0.4,8319,559,55.0,6.7,28.6,29.6,19.4,3.5,2.2,0.1,0.7,5.8,113,Riverina,25
2011,6397,6588,12986,172,386,444,446,678,955,995,950,980,1047,931,890,1045,846,734,579,441,453.0,21.2,12.0,60.5,6.4,57.9,38.7,3.3,2.3,65.6,3.9,4.4,0.1,5.4,13.0,,4.7,87.7,9.9,2.3,4.9,1.2,11.5,6.8,11.9,43.1,9.4,7.2,10.5,6.2,4.2,3.8,2.3,2.7,10.5,0.7,6770,457,52.1,6.8,,,,,,,,,113,Riverina,26
2016,10531,9789,20321,93,235,331,432,330,539,738,803,942,1241,1621,1763,1985,2979,2412,1835,1120,915.0,6.3,7.0,82.0,4.7,70.2,27.3,2.4,2.6,59.8,1.9,0.8,0.4,0.8,,28.3,5.0,95.9,2.9,1.2,5.2,1.9,13.6,10.6,21.0,,7.0,5.8,9.0,5.3,5.0,4.2,3.0,1.5,3.6,0.3,8201,450,40.4,5.5,39.8,25.1,16.3,3.4,2.6,0.1,0.5,5.3,114,Southern Highlands and Shoalhaven,27
2011,9515,8929,18448,101,234,281,298,210,372,484,737,1103,1496,1565,1682,2507,2293,1983,1417,892,788.0,5.3,5.0,83.7,6.0,72.3,25.5,2.2,2.1,68.6,0.6,0.6,0.4,0.9,20.7,,5.4,96.5,1.9,1.6,3.7,1.5,11.5,9.6,17.5,40.3,9.6,6.0,9.4,5.9,4.3,5.0,2.9,1.5,3.7,0.3,7647,393,41.5,5.1,,,,,,,,,114,Southern Highlands and Shoalhaven,28
2016,37575,35256,72822,537,1534,2299,2825,2812,3034,5044,6689,7059,7164,7474,6601,5943,5267,3420,2288,1452,1379.0,10.7,13.1,73.7,2.4,70.8,27.9,1.4,6.5,49.2,9.1,4.1,0.2,2.6,,24.4,3.8,91.0,8.4,0.6,13.2,2.2,26.6,10.5,10.4,,2.5,11.2,19.8,5.1,3.9,9.3,4.3,2.0,2.8,0.4,45721,2462,62.8,5.4,22.0,18.9,26.4,9.9,6.9,0.1,0.4,2.1,115,Sydney - Baulkham Hills and Hawkesbury,29
2011,31426,30009,61434,467,1334,2059,2537,2747,2706,3527,4947,6101,7322,6683,5846,5423,3578,2477,1566,1090,1013.0,10.9,11.0,74.9,3.1,74.4,24.6,1.0,6.4,58.8,7.3,4.2,0.2,2.5,17.3,,2.8,93.2,6.3,0.5,9.5,1.7,24.4,10.8,9.1,31.3,3.6,11.6,19.3,5.9,3.6,10.2,4.5,2.0,2.8,0.4,39231,1858,63.9,4.7,,,,,,,,,115,Sydney - Baulkham Hills and Hawkesbury,30
2016,69870,67729,137591,1210,2975,4281,5725,7511,11026,15596,15756,12722,11292,11243,10169,8809,7319,4704,3183,2106,1968.0,14.0,17.9,65.3,2.8,66.8,31.4,1.8,3.3,50.7,16.1,10.3,,6.9,,9.3,3.1,89.5,9.5,1.0,8.7,1.2,21.6,9.6,12.4,,3.3,5.2,12.6,6.3,5.6,8.9,4.0,6.7,6.1,0.5,83973,6198,61.0,7.4,25.9,24.7,26.2,4.7,1.4,0.1,0.7,2.7,116,Sydney - Blacktown,31
2011,58076,56144,114223,993,2873,4210,5055,6998,9665,11553,11031,10515,11028,9857,8631,7350,5061,3518,2559,1792,1538.0,15.0,16.1,65.2,3.8,70.4,27.8,1.8,3.4,60.1,12.1,9.6,,5.2,6.7,,2.3,89.7,9.1,1.1,5.8,1.0,18.3,8.6,10.4,39.1,5.5,4.5,11.5,6.6,4.8,9.7,3.8,6.4,6.4,0.6,67637,5026,59.2,7.4,,,,,,,,,116,Sydney - Blacktown,32
2016,70621,69098,139723,730,950,904,5292,20214,24390,21626,14183,9613,7486,7098,6152,5435,5003,3690,3004,2184,1767.0,34.4,15.3,45.7,4.6,42.0,56.5,1.6,12.0,32.6,2.8,3.6,1.0,0.6,,43.1,3.7,86.7,12.8,0.5,14.1,1.7,30.0,9.4,7.5,,2.8,9.0,19.6,6.1,6.9,6.5,4.8,1.7,5.2,0.5,91811,6614,65.7,7.2,23.5,20.9,24.4,7.7,5.2,0.2,0.8,2.1,117,Sydney - City and Inner South,33
2011,52803,54745,107547,650,790,802,2875,11956,18193,16061,10847,8032,7140,6194,5541,5228,4048,3445,2709,1809,1236.0,28.1,14.5,52.7,4.6,50.8,47.8,1.4,11.9,42.5,3.1,5.1,1.5,0.8,30.9,,3.4,86.8,12.5,0.7,12.4,1.7,26.7,9.8,6.6,32.1,4.5,8.5,20.2,6.2,6.0,8.0,4.7,1.9,4.6,0.5,70907,4940,65.9,7.0,,,,,,,,,117,Sydney - City and Inner South,34
2016,53133,49049,102182,877,1623,1652,3794,9839,12184,12609,10216,8152,6987,6321,5474,4851,5259,4016,3184,2411,2729.0,27.0,14.5,54.9,3.6,53.1,44.8,2.1,4.1,38.6,1.5,2.1,10.2,0.5,,37.6,4.8,93.2,6.0,0.8,14.3,2.0,30.6,8.9,8.7,,3.2,11.0,21.9,5.0,5.1,6.7,4.3,1.4,3.1,0.4,64504,3660,63.1,5.7,18.8,18.6,26.8,9.3,9.9,0.1,0.6,2.8,118,Sydney - Eastern Suburbs,35
2011,47155,44017,91174,958,1425,1494,2745,7835,10542,11135,9133,7306,6585,5699,5191,5791,4283,3533,2743,2308,2479.0,24.6,13.3,57.6,4.5,57.5,40.8,1.7,5.1,46.1,1.4,2.4,12.9,0.5,26.5,,4.2,93.3,5.7,1.0,12.0,1.8,27.9,9.4,7.4,29.1,4.8,10.1,22.2,5.2,4.6,7.7,4.2,1.4,2.8,0.5,57279,3167,62.8,5.5,,,,,,,,,118,Sydney - Eastern Suburbs,36
2016,131389,125552,256940,2130,3559,4237,7179,15948,26298,27536,22150,19157,19701,21687,20653,17746,15032,11423,9551,7064,5884.0,17.7,14.3,64.4,3.5,63.0,35.5,1.5,9.4,40.5,6.2,16.3,0.1,0.8,,22.9,3.6,77.3,22.0,0.7,8.2,1.0,18.6,8.9,10.2,,3.2,5.0,10.1,6.7,5.6,6.3,4.6,4.5,6.8,0.6,142228,11969,55.4,8.4,33.4,24.9,19.0,3.2,1.4,0.1,0.8,2.7,119,Sydney - Inner South West,37
2011,113280,107836,221117,1516,3022,4070,5963,13316,20925,20251,18321,19242,21206,20271,17395,15666,11932,10348,8307,5383,3994.0,14.9,12.4,68.5,4.2,70.9,27.4,1.7,10.5,48.2,4.4,15.5,0.1,0.9,17.3,,2.8,77.7,21.4,0.9,6.3,0.8,15.7,8.6,8.5,44.3,5.9,4.7,9.7,7.1,4.6,7.1,4.3,4.7,6.4,0.7,119661,9460,54.1,7.9,,,,,,,,,119,Sydney - Inner South West,38
2016,64805,60220,125028,1210,1781,1770,3104,10157,15724,15171,11504,9317,8418,8960,7961,7115,6542,4902,4405,3584,3403.0,22.5,15.6,58.4,3.5,54.7,43.8,1.5,7.7,39.4,10.9,2.7,0.3,0.9,,34.4,3.5,83.5,15.9,0.6,13.7,1.8,26.3,8.9,8.2,,2.7,8.3,18.5,5.7,5.0,7.2,4.6,2.0,4.6,0.5,76575,5255,61.2,6.9,25.3,21.4,23.6,7.0,5.4,0.1,0.8,2.2,120,Sydney - Inner West,39
2011,54432,50891,105324,973,1428,1608,2470,7583,12191,11190,9588,8361,8788,7951,7134,6855,5122,4692,4092,2951,2342.0,20.1,13.8,62.0,4.1,61.4,37.1,1.5,8.5,48.8,9.7,2.9,0.3,1.0,25.0,,3.3,84.3,14.9,0.8,11.3,1.7,23.4,9.5,7.1,33.7,4.9,8.2,18.1,6.1,4.4,7.9,4.6,2.1,4.4,0.6,64302,4078,61.1,6.3,,,,,,,,,120,Sydney - Inner West,40
2016,83944,73868,157817,2108,4702,4986,5697,6516,11047,16658,17314,15715,14153,13054,10971,9397,8647,6043,4465,3202,3153.0,18.8,16.0,62.4,2.7,60.7,37.8,1.5,6.1,40.4,5.6,1.9,1.9,1.2,,38.1,4.5,90.7,8.9,0.4,17.3,2.5,31.6,9.3,6.5,,2.0,11.9,24.1,3.9,4.3,7.6,4.2,1.0,2.3,0.3,100404,5234,63.6,5.2,18.2,17.7,26.1,11.0,11.6,0.1,0.5,1.9,121,Sydney - North Sydney and Hornsby,41
2011,71133,63927,135065,1957,3879,4456,5097,6478,10362,13360,13634,13195,13246,11404,9345,8813,6345,4707,3524,2601,2655.0,19.9,14.0,62.7,3.4,63.3,35.5,1.1,6.6,49.6,4.6,2.0,2.7,1.3,28.7,,3.9,92.3,7.3,0.5,13.9,2.4,30.1,10.3,5.2,24.7,3.0,11.5,24.0,4.2,3.9,8.4,4.1,0.9,2.2,0.4,85769,4336,63.5,5.1,,,,,,,,,121,Sydney - North Sydney and Hornsby,42
2016,37907,35020,72930,672,1893,2145,2294,2509,4480,6354,7269,7575,7116,6817,5312,4392,4290,3549,2590,1763,1924.0,15.5,15.3,66.3,2.9,62.9,35.0,2.0,3.6,49.5,1.8,1.0,0.6,1.2,,37.6,4.2,95.1,4.2,0.6,10.1,2.2,26.2,11.6,12.7,,3.1,13.0,18.9,6.5,5.6,7.6,5.0,2.0,3.6,0.3,47819,1774,65.6,3.7,20.2,21.9,26.0,9.3,11.0,0.1,0.4,2.7,122,Sydney - Northern Beaches,43
2011,33888,31864,65755,811,1704,1828,1884,2337,4125,6058,6905,6794,6946,5522,4575,4578,3674,2779,2003,1522,1708.0,17.3,13.8,64.8,4.0,62.8,35.8,1.4,3.6,60.0,1.3,1.1,0.6,1.1,27.2,,4.1,95.4,4.2,0.5,7.9,1.9,23.7,11.9,10.3,29.6,5.2,11.9,18.6,6.8,5.1,8.5,4.9,2.1,3.7,0.3,42659,1566,64.9,3.7,,,,,,,,,122,Sydney - Northern Beaches,44
2016,33137,31166,64304,493,1170,1662,2100,2717,3863,5934,6115,5753,5968,6171,5506,4939,4592,3028,2054,1264,966.0,10.3,13.3,73.3,3.1,68.4,29.9,1.7,5.1,55.8,8.7,11.8,0.1,2.0,,12.8,3.4,91.5,7.6,0.8,6.5,1.2,15.7,9.7,17.2,,3.8,5.3,10.4,7.1,6.0,8.0,4.0,6.6,6.2,0.4,37817,2746,58.8,7.3,29.1,25.7,24.3,4.0,1.5,0.1,0.5,2.9,123,Sydney - Outer South West,45
2011,27758,25989,53749,351,941,1425,1926,2388,3333,4060,4474,5384,5840,5338,4896,4782,3195,2279,1463,898,774.0,9.9,9.9,76.2,4.0,71.0,27.5,1.5,4.8,65.6,6.6,9.3,0.1,1.4,9.2,,2.6,92.3,6.9,0.8,4.2,0.9,12.9,8.5,14.4,43.6,6.2,5.4,9.8,7.5,5.0,9.2,3.9,6.5,6.3,0.5,31456,2022,58.5,6.4,,,,,,,,,123,Sydney - Outer South West,46
2016,30632,28750,59379,329,884,1208,1633,2031,3146,4291,4709,4445,4956,5497,5642,5351,5510,3902,2635,1751,1472.0,9.0,10.5,76.8,3.6,67.3,30.3,2.4,3.3,60.6,4.7,4.3,0.2,2.4,,20.1,4.1,93.8,5.1,1.1,6.4,1.6,15.4,10.2,18.2,,4.6,5.9,11.3,6.7,5.7,8.4,3.5,5.5,5.4,0.3,33646,1991,56.7,5.9,29.9,24.7,24.9,4.6,1.8,0.1,0.5,3.8,124,Sydney - Outer West and Blue Mountains,47
2011,27642,26286,53927,303,747,1107,1373,1959,2570,3433,3606,4594,5450,5650,5496,5855,4198,2979,2049,1329,1229.0,8.2,8.2,79.1,4.5,69.4,28.6,2.0,2.9,68.6,3.3,3.9,0.2,1.9,14.8,,3.8,94.3,4.5,1.3,4.3,1.4,13.0,9.0,15.7,42.0,6.7,6.2,11.1,7.4,5.1,9.1,3.6,5.1,5.4,0.4,30973,1794,57.4,5.8,,,,,,,,,124,Sydney - Outer West and Blue Mountains,48
2016,109786,115111,224895,3077,4948,5093,6910,14330,25582,31050,24220,18261,17009,17090,15187,12590,10100,7007,5409,3744,3302.0,22.4,17.9,56.1,3.7,57.5,40.8,1.7,7.4,33.4,16.9,16.4,0.1,2.6,,19.1,3.9,78.6,20.2,1.2,10.6,1.3,20.8,8.7,8.9,,3.4,5.1,13.0,7.0,4.8,6.7,4.0,4.2,6.0,0.6,129069,12015,57.4,9.3,29.5,23.5,21.7,4.4,1.4,0.2,0.9,3.0,125,Sydney - Parramatta,49
2011,90760,91090,181849,1904,3754,4816,6398,12734,21338,20715,17075,16217,16627,14748,12146,10288,7334,5895,4455,3005,2399.0,20.4,16.0,59.2,4.4,65.5,32.3,2.2,9.2,40.7,13.5,15.6,0.1,2.7,14.8,,3.1,79.6,18.9,1.5,8.4,1.0,18.1,8.9,7.7,38.9,5.5,4.7,12.2,6.9,4.2,7.6,3.9,4.3,6.0,0.6,101317,8362,55.7,8.3,,,,,,,,,125,Sydney - Parramatta,50
2016,42958,38953,81916,1014,1637,1638,2584,6195,8404,9429,8190,6643,5883,6381,5699,5123,4360,2882,2388,1722,1740.0,21.5,15.6,59.6,3.3,56.8,41.9,1.3,7.5,39.4,7.3,3.1,0.5,1.2,,36.5,4.3,84.5,14.8,0.6,16.8,1.9,29.0,8.9,7.1,,2.5,7.9,20.9,5.1,4.2,7.7,4.2,1.6,3.2,0.4,49323,3716,60.2,7.5,22.7,19.4,25.0,8.0,4.9,0.2,0.6,2.2,126,Sydney - Ryde,51
2011,34257,31029,65286,615,1120,1362,2205,6106,6209,6013,5592,5410,6225,5550,4700,4239,2873,2499,1892,1335,1325.0,19.5,13.6,63.4,3.6,63.7,34.9,1.4,8.5,47.6,6.2,3.1,0.8,1.3,28.5,,3.5,86.4,13.0,0.6,13.4,1.8,26.7,9.6,6.1,30.4,3.9,7.8,20.2,5.3,3.8,8.5,4.1,1.8,3.5,0.5,39288,2718,60.2,6.9,,,,,,,,,126,Sydney - Ryde,52
2016,97306,89609,186918,1235,3049,4409,5960,8983,12396,15605,16363,17023,17678,18200,17389,14638,11847,8060,6089,4221,3779.0,12.7,11.6,72.6,3.0,74.3,24.1,1.6,18.6,50.9,4.7,8.9,,3.5,,10.1,3.0,71.7,27.5,0.8,2.9,0.6,11.0,8.4,13.1,,3.5,4.0,6.6,6.6,4.5,5.8,3.3,6.0,6.8,0.6,92678,8706,49.6,9.4,38.6,24.0,17.9,2.4,0.9,0.1,0.8,3.2,127,Sydney - South West,53
2011,85430,79186,164613,899,2437,3715,5941,8591,12015,13545,14914,16171,17233,16811,14466,12186,8258,6578,4886,3463,2501.0,10.6,10.6,74.6,4.1,79.7,18.5,1.8,21.0,54.9,4.6,8.2,,2.5,6.3,,2.1,72.9,26.1,1.0,1.9,0.4,9.5,7.2,10.3,50.7,6.9,3.9,6.4,7.4,3.8,6.4,3.3,6.2,7.3,0.8,83132,7368,50.5,8.9,,,,,,,,,127,Sydney - South West,54
2016,20626,18588,39217,268,654,780,914,1071,1738,2796,3306,3387,3599,3893,3551,3159,3207,2548,1840,1252,1246.0,9.3,11.0,76.8,2.9,70.6,27.8,1.6,4.0,59.4,2.4,2.0,0.3,0.7,,27.3,3.5,93.5,6.0,0.5,8.0,1.7,20.0,11.2,17.0,,3.5,9.7,15.6,6.7,5.5,9.2,4.7,2.6,3.8,0.4,24044,975,61.3,4.1,25.3,22.9,26.7,7.7,5.3,0.1,0.4,2.9,128,Sydney - Sutherland,55
2011,18980,17397,36372,287,620,705,850,1156,1775,2491,2872,3410,3847,3609,3274,3398,2643,1982,1478,1049,916.0,10.0,9.3,76.8,3.9,72.0,26.7,1.3,4.0,67.5,2.1,2.3,0.4,0.6,19.1,,3.5,94.5,5.1,0.5,5.7,1.5,17.4,11.0,14.3,36.9,4.8,9.4,15.0,7.3,5.0,10.2,4.9,2.9,4.1,0.4,22648,918,62.3,4.1,,,,,,,,,128,Sydney - Sutherland,56
2016,7997,7574,15573,103,304,388,411,626,780,942,980,969,1063,1222,1231,1444,1756,1232,976,616,521.0,11.5,12.6,71.5,4.4,60.8,37.2,2.0,3.3,51.6,3.5,2.2,0.2,1.9,,32.1,4.7,95.5,3.5,0.8,7.6,2.6,16.4,9.7,16.4,,5.7,5.7,12.5,5.7,5.4,4.3,2.7,2.0,4.5,0.4,7400,595,47.5,8.0,39.1,23.4,17.6,3.3,2.5,0.1,0.7,3.8,201,Ballarat,57
2011,6999,6668,13665,120,298,256,308,432,631,662,805,913,1122,1102,1323,1696,1285,1033,762,493,433.0,12.3,8.8,74.3,4.7,62.9,35.4,1.7,2.6,60.4,2.1,2.1,0.2,1.5,24.4,,5.7,95.7,3.4,0.8,6.1,2.4,14.0,8.8,14.4,39.0,8.1,5.5,11.9,6.0,4.8,4.9,2.6,2.3,4.3,0.3,6401,452,46.8,7.1,,,,,,,,,201,Ballarat,58
2016,6878,6794,13676,132,321,415,476,516,780,960,954,1003,985,1108,1091,1107,1349,972,715,399,394.0,12.6,14.9,66.1,6.4,59.5,37.4,3.1,4.8,50.6,3.2,2.6,0.2,1.8,,31.1,5.2,90.9,6.7,2.3,6.9,2.6,17.4,9.7,15.7,,6.3,5.9,13.8,5.1,5.1,4.1,2.8,2.1,7.5,0.4,6880,425,50.3,6.2,35.5,25.8,17.9,4.0,2.9,0.1,0.5,5.1,202,Bendigo,59
2011,5721,5684,11405,114,243,309,294,409,469,590,709,857,1005,1029,1049,1292,997,803,495,391,346.0,13.2,9.1,71.6,6.0,61.2,35.5,3.2,3.7,59.1,1.9,1.4,0.3,1.0,25.9,,5.6,94.2,3.8,1.9,5.5,2.7,15.4,9.2,13.7,37.0,8.2,6.8,14.1,5.3,4.7,4.9,2.8,2.3,5.7,0.4,5728,305,50.2,5.3,,,,,,,,,202,Bendigo,60
2016,21798,21049,42842,401,929,1222,1477,1844,2470,2929,2642,2670,2717,3148,3289,3320,4167,3206,2571,1970,1863.0,13.9,13.2,68.7,4.2,62.2,35.5,2.3,3.1,56.1,3.3,4.7,0.1,1.9,,25.8,4.5,91.3,7.4,1.3,6.2,1.9,14.7,9.4,16.7,,5.6,5.3,10.5,5.8,5.4,4.6,3.3,2.7,5.3,0.3,20155,1520,47.0,7.5,38.1,23.5,17.6,3.7,2.4,0.1,0.6,4.5,203,Geelong,61
2011,19395,18527,37924,358,725,897,1040,1366,1797,1775,2167,2475,3042,3194,3144,4093,3288,2834,2389,1774,1566.0,13.3,8.1,73.7,4.9,65.6,32.5,1.9,3.0,66.9,1.8,3.0,0.1,1.1,18.9,,4.6,91.8,7.2,1.0,4.3,1.6,11.9,8.1,14.8,42.0,9.0,5.1,9.8,6.6,4.5,4.9,3.0,2.9,5.3,0.4,17440,1056,46.0,6.1,,,,,,,,,203,Geelong,62
2016,8542,8008,16551,125,251,361,458,448,726,818,879,942,1016,1287,1365,1460,2015,1685,1155,794,761.0,9.7,10.5,74.8,4.9,65.3,32.9,1.8,3.1,57.5,3.1,1.4,0.1,1.4,,28.8,4.0,94.4,4.4,1.1,4.2,2.2,13.4,10.4,19.7,,6.5,6.8,9.3,6.0,5.6,4.2,2.7,2.2,6.1,0.4,7648,407,46.2,5.3,39.1,25.1,17.8,2.9,1.8,0.1,0.8,4.6,204,Hume,63
2011,7926,7607,15541,122,223,302,384,385,513,608,759,958,1260,1322,1387,1944,1723,1337,980,704,621.0,10.7,6.0,77.9,5.4,67.7,30.9,1.4,2.7,65.7,2.1,1.0,0.1,0.9,21.9,,5.0,95.2,4.0,0.8,3.1,1.5,11.2,9.0,16.6,42.8,8.8,7.4,8.9,6.2,4.9,4.8,2.7,2.9,5.9,0.4,7293,364,46.9,5.0,,,,,,,,,204,Hume,64
2016,16451,15193,31647,161,430,553,530,647,1132,1499,1463,1551,1746,2319,2608,3189,4322,3517,2728,1700,1543.0,7.5,8.8,78.6,5.1,65.1,32.4,2.5,2.7,59.9,1.7,1.3,0.1,1.0,,27.9,5.0,94.6,3.7,1.7,3.8,1.8,11.7,9.4,20.4,,7.7,6.1,8.3,5.1,4.5,3.6,2.6,1.8,5.2,0.3,12918,908,40.8,7.0,42.9,24.2,14.8,2.7,1.9,0.1,0.7,5.5,205,Latrobe - Gippsland,65
2011,15728,14954,30686,215,467,510,558,756,1045,1180,1354,1613,2108,2363,2852,4056,3604,3009,2118,1560,1326.0,9.3,6.7,78.3,5.6,65.4,32.4,2.2,2.4,67.2,1.2,1.2,0.1,0.7,20.5,,5.8,95.0,3.4,1.6,2.9,1.6,10.4,7.9,16.6,43.5,10.4,6.2,8.5,5.5,3.9,4.2,2.6,2.0,5.1,0.4,12718,789,41.4,6.2,,,,,,,,,205,Latrobe - Gippsland,66
2016,111426,100187,211616,2025,2349,2176,9606,30728,36249,31390,18795,12177,9989,9465,8536,7808,8158,6351,6142,4931,4727.0,35.2,15.7,45.1,4.0,42.2,56.3,1.5,7.8,32.9,5.8,5.1,1.4,0.8,,41.7,3.9,87.7,11.7,0.6,14.1,2.5,29.4,8.2,6.8,,2.6,7.9,20.5,4.9,5.8,5.8,3.8,1.2,3.7,0.4,127773,12337,60.4,9.7,25.8,19.7,23.8,6.7,4.7,0.2,0.8,2.3,206,Melbourne - Inner,67
2011,85693,80246,165942,1636,1865,1628,5269,20975,27390,21582,13414,10229,9246,8628,8128,8571,6775,6757,5949,4461,3436.0,30.5,13.6,51.4,4.5,50.2,48.3,1.5,8.8,42.9,5.5,6.1,2.0,1.2,28.7,,3.6,86.7,12.5,0.8,11.7,2.6,26.4,8.5,5.8,33.3,5.1,7.6,21.0,5.1,4.9,6.9,3.7,1.4,3.3,0.4,99240,7578,59.8,7.6,,,,,,,,,206,Melbourne - Inner,68
2016,70146,62264,132410,1321,3071,3637,6347,10194,12021,11995,10377,9689,9382,9847,8952,8286,7877,6001,5417,4128,3872.0,21.5,15.1,60.0,3.3,56.7,41.9,1.3,9.3,37.3,5.2,3.2,0.5,1.5,,38.4,4.2,84.6,14.9,0.5,13.5,2.6,26.3,8.9,6.6,,2.5,8.3,17.4,4.2,4.3,6.1,4.3,1.2,3.1,0.4,71904,6024,54.3,8.4,27.3,19.9,20.9,6.0,5.4,0.2,0.7,2.3,207,Melbourne - Inner East,69
2011,59357,53396,112753,1034,2125,2924,4754,9556,10129,8095,7597,8327,9686,9017,8162,8192,6256,5746,4782,3559,2807.0,20.5,12.0,63.7,3.8,62.8,35.9,1.3,10.1,46.8,4.9,2.9,0.9,1.7,28.2,,3.9,86.8,12.5,0.7,10.8,2.5,24.6,9.8,5.8,33.5,5.0,8.1,17.8,4.9,4.0,7.0,4.4,1.4,3.2,0.5,62674,4129,55.6,6.6,,,,,,,,,207,Melbourne - Inner East,70
2016,63742,57163,120902,1374,3154,3292,4125,7389,9641,11227,10337,9739,9497,9045,8006,7232,7878,5809,4989,3807,4350.0,19.3,15.0,62.9,2.8,60.6,37.9,1.6,4.6,39.3,6.8,1.6,9.5,1.2,,32.5,4.3,91.4,8.0,0.6,12.2,2.6,26.1,10.0,9.5,,2.9,9.7,18.3,5.2,4.7,7.0,4.2,1.5,3.0,0.3,70575,4599,58.4,6.5,25.5,20.4,23.9,7.2,6.8,0.1,0.6,2.8,208,Melbourne - Inner South,71
2011,56563,52180,108741,1325,2523,2783,3286,6639,9539,8711,8571,9103,9172,8235,7407,8216,6116,5368,4432,3578,3732.0,20.0,12.3,64.0,3.7,63.7,35.0,1.4,4.7,46.7,5.8,1.9,11.9,1.4,22.9,,4.0,91.7,7.5,0.8,9.8,2.5,23.4,10.5,8.2,31.1,6.0,8.9,17.7,5.7,4.3,7.8,4.4,1.8,3.3,0.4,63539,3380,58.4,5.3,,,,,,,,,208,Melbourne - Inner South,72
2016,74155,71870,146023,1508,3160,3393,4176,8174,12724,15868,13238,10394,9797,10587,10245,9982,10155,7518,6440,4855,3814.0,17.8,16.4,62.4,3.4,61.3,37.0,1.7,6.2,48.1,7.5,9.5,0.1,4.4,,20.3,3.4,84.5,14.7,0.8,8.8,1.9,17.9,9.2,11.1,,3.6,5.4,11.6,6.3,5.5,5.9,3.6,3.9,5.8,0.4,77789,6433,53.3,8.3,33.9,23.7,20.0,3.7,1.9,0.1,0.7,3.2,209,Melbourne - North East,73
2011,61445,60002,121449,1178,2190,2419,3149,7490,10213,9858,8761,8986,10107,9964,9832,10447,7931,7015,5608,3769,2530.0,17.4,10.9,67.4,4.4,66.9,31.4,1.7,6.6,57.9,5.2,8.4,0.1,3.4,14.8,,2.9,83.8,15.4,0.8,6.4,1.6,14.9,8.2,9.3,43.2,7.2,5.1,10.9,6.4,4.5,6.4,3.5,4.2,5.9,0.5,62835,4148,51.7,6.6,,,,,,,,,209,Melbourne - North East,74
2016,59636,59055,118686,1331,2858,3342,3828,5839,9733,12243,10668,8926,9093,9313,8049,7411,7635,6013,5244,3856,3311.0,17.3,16.3,62.8,3.6,63.7,34.7,1.6,4.9,50.5,6.3,19.3,,4.0,,11.1,3.5,82.8,16.2,1.1,5.9,1.4,13.7,8.8,12.3,,4.3,4.4,8.2,6.3,5.4,5.2,3.2,4.9,5.9,0.4,58048,5333,48.9,9.2,38.3,23.4,17.5,2.8,1.3,0.1,0.9,3.8,210,Melbourne - North West,75
2011,49207,48194,97401,792,1894,2393,2882,4760,7139,7713,7342,8204,8879,7799,7279,8028,6463,5741,4590,3254,2248.0,15.2,11.1,68.9,4.7,70.5,27.8,1.7,4.9,59.7,4.0,18.3,,2.3,7.8,,2.6,81.8,17.1,1.1,3.6,1.1,10.8,7.4,10.3,48.2,8.1,4.2,7.3,6.8,4.0,5.8,3.2,4.9,6.1,0.6,45759,3290,47.0,7.2,,,,,,,,,210,Melbourne - North West,76
2016,64877,59160,124035,933,2336,3325,4197,4473,6991,10404,10429,9662,9760,10599,10301,9984,9794,7296,5665,4028,3863.0,12.2,15.0,70.0,2.8,62.9,35.5,1.6,7.4,49.7,4.9,2.1,0.2,2.2,,29.2,4.0,89.5,10.0,0.5,8.7,2.3,20.1,10.3,13.9,,3.3,7.2,14.4,6.6,5.2,7.5,4.1,2.7,4.7,0.3,70451,4400,56.8,6.2,30.4,24.2,23.2,4.9,2.4,0.1,0.6,2.8,211,Melbourne - Outer East,77
2011,57091,53134,110222,767,2090,2745,3321,3992,5823,7480,8015,8985,10416,10365,10149,10471,7916,6288,4797,3572,3035.0,12.2,11.2,72.9,3.7,66.9,31.6,1.5,7.2,58.8,4.0,2.0,0.2,2.0,21.0,,4.1,91.8,7.6,0.6,5.9,2.0,17.0,9.8,12.7,38.3,6.5,7.2,13.8,7.3,4.7,8.6,4.1,3.1,5.0,0.4,63430,3016,57.5,4.8,,,,,,,,,211,Melbourne - Outer East,78
2016,162590,159525,322116,3189,7579,10551,14855,23620,27766,34062,30185,26205,24689,24342,21837,19129,17173,13009,10355,7295,6264.0,19.4,18.7,59.0,3.0,59.5,39.0,1.5,12.3,41.8,7.9,10.4,0.2,4.2,,19.3,3.6,84.0,15.3,0.7,7.4,1.5,16.8,9.8,12.2,,3.3,5.1,10.1,7.0,5.3,6.1,3.8,4.9,6.9,0.5,178063,15894,55.3,8.9,30.5,25.4,20.2,3.2,1.4,0.2,0.9,2.9,212,Melbourne - South East,79
2011,133237,131080,264321,2620,6455,8495,10877,19485,24467,23464,21982,22185,23248,21339,18704,17471,13501,11108,8573,5863,4480.0,20.6,14.2,61.2,3.9,63.4,34.8,1.8,13.1,51.0,6.4,8.3,0.3,3.2,14.1,,3.2,84.7,14.4,0.9,5.4,1.2,14.8,9.3,10.2,41.6,6.8,4.9,9.7,7.3,4.3,6.9,3.7,5.5,7.1,0.6,145568,10949,55.1,7.5,,,,,,,,,212,Melbourne - South East,80
2016,142933,140560,283490,3416,7022,8693,10174,16058,26223,35526,30757,23960,21558,19924,18855,17167,15383,10600,7993,5601,4581.0,18.5,19.6,58.7,3.3,60.1,38.2,1.8,9.8,47.0,9.3,8.5,0.1,4.9,,16.6,3.5,83.6,15.4,1.0,7.6,1.4,16.9,9.0,12.2,,3.7,5.0,9.9,6.3,5.8,6.4,3.8,6.0,7.1,0.5,161468,15552,57.0,9.6,31.3,24.8,21.0,3.5,1.5,0.1,0.9,3.3,213,Melbourne - West,81
2011,111898,110858,222758,2490,5439,6153,6902,13328,22068,23119,20708,19581,18876,17872,16518,15521,10948,8797,6668,4459,3309.0,19.7,14.0,61.7,4.6,65.0,32.9,2.1,11.8,55.5,6.3,7.6,0.1,3.4,11.9,,3.0,82.6,16.2,1.2,5.3,1.2,14.3,7.9,10.0,43.5,7.3,4.5,9.2,6.9,4.7,7.0,3.6,6.1,7.5,0.6,123166,9896,55.3,8.0,,,,,,,,,213,Melbourne - West,82
2016,29494,26827,56318,356,977,1493,1798,1491,1907,2843,3428,4029,4607,5008,4816,4734,5561,4594,3763,2599,2329.0,8.3,11.6,76.7,3.4,64.6,33.5,1.9,2.4,58.6,2.1,1.1,0.3,0.9,,30.2,4.0,96.2,3.2,0.6,4.0,1.9,13.3,11.1,20.2,,5.4,6.6,9.9,7.2,5.7,6.1,3.9,3.0,4.8,0.3,28745,1680,51.0,5.8,33.3,25.5,21.3,3.9,2.6,0.1,0.5,4.2,214,Mornington Peninsula,83
2011,27832,25944,53774,384,1151,1420,1534,1411,1976,2767,3480,4277,4998,4678,4441,5389,4729,4017,3076,2224,1815.0,11.1,9.9,74.7,4.4,63.2,35.2,1.6,2.1,66.9,1.7,1.4,0.3,0.8,21.4,,4.5,96.4,2.9,0.7,2.8,1.6,11.7,9.6,16.6,41.5,8.4,6.4,9.9,7.9,4.9,6.8,3.9,3.3,4.9,0.4,27788,1471,51.7,5.3,,,,,,,,,214,Mornington Peninsula,84
2016,6745,6555,13298,121,270,357,405,623,1130,1186,953,893,918,914,905,962,1157,901,704,457,444.0,17.5,16.2,59.0,7.2,53.7,43.0,3.3,6.3,52.7,3.4,8.2,0.1,3.0,,20.9,5.0,84.3,13.3,2.4,3.5,1.2,11.7,8.2,13.8,,7.9,6.3,8.6,4.5,4.7,2.7,2.1,2.4,10.7,0.7,6330,625,47.6,9.9,39.9,26.6,13.7,1.8,1.7,0.1,1.2,6.0,215,North West,85
2011,6139,6195,12335,136,288,431,381,575,820,802,818,872,952,884,934,1187,985,846,618,424,385.0,20.7,9.3,63.4,6.7,56.4,40.7,3.0,5.1,62.6,2.6,7.8,0.1,2.5,13.8,,4.9,87.1,11.1,1.8,2.7,1.1,10.0,6.9,10.9,45.4,11.8,7.2,8.2,4.5,3.9,2.9,1.8,2.2,8.5,0.7,5482,485,44.4,8.8,,,,,,,,,215,North West,86
2016,7418,7229,14647,152,382,535,615,706,1146,1291,1100,949,909,983,900,997,1240,1001,779,516,449.0,18.9,17.1,59.3,4.7,53.4,44.7,1.9,3.4,50.3,3.6,15.6,0.1,5.4,,17.4,3.9,86.6,12.3,1.2,4.0,1.5,11.2,7.7,13.4,,5.9,7.2,8.6,4.7,4.0,2.9,2.5,2.1,9.5,0.5,6759,577,46.1,8.5,39.2,25.3,15.3,2.1,1.8,0.1,1.1,5.0,216,Shepparton,87
2011,6431,6316,12747,170,320,523,560,544,836,821,821,856,947,916,929,1205,1010,821,644,418,419.0,18.6,13.2,62.6,5.6,57.3,40.0,2.6,2.3,56.6,3.0,16.1,0.1,4.2,13.0,,4.1,86.4,12.3,1.3,2.7,0.9,9.0,6.2,10.7,47.2,9.8,8.0,8.0,4.3,3.3,2.9,2.3,2.0,9.1,0.6,5623,423,44.1,7.5,,,,,,,,,216,Shepparton,88
2016,4846,4551,9399,79,202,260,295,380,672,669,576,590,631,777,700,787,899,688,533,333,333.0,14.8,13.1,67.5,4.6,53.0,45.4,1.6,3.5,54.3,1.9,2.0,0.2,0.7,,32.8,4.3,93.8,5.5,0.7,4.5,2.0,15.9,9.8,17.3,,6.1,9.0,10.4,5.5,5.1,3.3,2.5,2.0,11.2,0.4,4951,267,52.7,5.4,35.1,29.0,17.9,2.8,2.5,0.1,0.9,4.0,217,Warrnambool and South West,89
2011,4379,4235,8608,90,214,271,294,319,491,480,535,602,776,699,741,846,696,577,407,307,288.0,15.6,11.3,67.7,5.5,54.8,43.2,2.0,2.8,63.4,1.3,1.2,0.2,0.7,24.0,,5.6,96.4,2.9,0.8,3.4,2.0,13.5,9.1,13.9,40.6,8.2,10.0,11.5,6.2,4.5,3.8,2.8,2.3,8.0,0.4,4544,228,52.8,5.0,,,,,,,,,217,Warrnambool and South West,90
2016,26233,24554,50785,386,1325,2096,2377,2002,2367,3145,3886,4600,5037,5094,4225,3611,3583,2676,1933,1295,1139.0,10.8,18.7,67.9,2.7,61.2,37.1,1.7,2.5,57.5,2.2,0.9,0.2,1.2,,31.0,4.1,97.3,2.3,0.5,5.1,1.7,14.8,11.2,20.6,,3.4,7.9,12.1,8.1,6.1,8.4,4.5,3.8,6.0,0.4,31210,1841,61.5,5.9,26.8,24.9,26.4,6.2,3.8,0.1,0.4,2.5,301,Brisbane - East,91
2011,24415,23041,47455,573,1606,2144,2223,2013,2143,2919,3879,4711,5007,4228,3690,3741,2689,2092,1518,1162,1107.0,18.8,15.4,61.6,4.2,58.4,40.0,1.6,2.5,66.3,1.7,0.9,0.2,0.9,22.4,,4.4,97.2,2.2,0.5,3.6,1.3,12.3,9.9,16.6,39.2,5.9,7.7,11.5,8.6,5.3,9.1,4.7,3.6,6.3,0.4,28816,1429,60.7,5.0,,,,,,,,,301,Brisbane - East,92
2016,25859,24038,49893,553,1370,1783,2087,2834,4538,5852,5202,4475,4116,3705,3150,2661,2459,1755,1351,1014,990.0,17.4,22.7,56.8,3.1,56.5,41.7,1.8,3.7,50.3,8.2,2.6,0.1,4.8,,25.7,4.1,93.8,5.4,0.8,8.2,1.9,20.8,10.6,15.3,,3.2,6.5,15.4,7.3,6.6,7.9,4.1,3.9,6.8,0.4,31921,2332,64.0,7.3,24.3,25.9,27.0,5.8,2.9,0.1,0.5,2.4,302,Brisbane - North,93
2011,21473,20612,42083,615,1301,1498,1754,2619,3984,4109,4015,3851,3619,3169,2723,2637,1770,1488,1175,910,859.0,24.5,14.0,56.8,4.6,55.9,42.3,1.7,3.7,59.8,5.2,2.8,0.1,3.4,20.0,,4.1,94.0,5.1,0.9,5.5,1.5,17.6,9.4,12.9,36.8,5.8,6.1,14.6,7.7,5.6,9.0,4.2,3.8,7.0,0.5,26350,1474,62.6,5.6,,,,,,,,,302,Brisbane - North,94
2016,64343,61076,125417,1323,2966,3836,5524,11903,15502,15591,12517,10173,8941,8347,7353,6400,5407,3517,2619,1742,1756.0,22.3,21.0,53.5,3.3,52.9,45.5,1.6,7.9,38.0,6.4,6.6,0.1,3.6,,33.0,3.8,86.5,12.9,0.6,11.6,1.9,23.4,9.5,10.9,,2.4,6.2,15.2,6.4,5.8,6.8,4.5,3.2,6.4,0.4,76608,7019,61.1,9.2,26.9,24.2,22.8,4.6,2.4,0.2,0.8,2.1,303,Brisbane - South,95
2011,53735,52131,105865,1382,2760,3547,5105,11350,12781,11003,9287,8610,8375,7423,6454,5840,3850,2905,2118,1602,1462.0,26.6,16.1,53.2,4.1,55.9,42.4,1.7,9.3,47.5,5.4,6.5,0.2,3.2,23.7,,3.6,88.2,10.9,0.9,8.6,1.5,20.5,9.2,9.6,35.5,5.1,5.7,14.9,7.1,5.2,7.6,4.5,3.5,6.0,0.6,63726,4791,60.2,7.5,,,,,,,,,303,Brisbane - South,96
2016,27101,25019,52118,614,1681,2140,3027,5208,3581,4032,4484,4663,4532,4242,3437,2964,2724,1867,1287,787,858.0,22.1,16.9,58.4,2.6,58.9,39.4,1.7,5.2,44.2,5.1,3.9,0.4,1.2,,35.2,4.3,95.0,4.6,0.4,15.2,2.7,25.4,9.6,9.6,,2.1,7.9,20.1,4.6,5.0,6.7,3.7,1.3,3.2,0.2,30515,2618,58.5,8.6,23.1,19.5,24.5,8.0,6.3,0.2,0.5,2.1,304,Brisbane - West,97
2011,24056,22942,46997,672,1616,1941,2634,4484,3670,3545,3924,4284,4447,3808,3218,2967,1992,1388,939,742,725.0,25.4,14.8,56.5,3.3,59.6,39.3,1.2,5.8,52.7,4.7,3.6,0.5,1.4,26.6,,4.0,95.4,4.1,0.4,13.2,2.4,24.1,9.7,7.8,28.6,3.6,8.1,21.2,5.3,4.7,7.7,4.1,1.4,3.1,0.3,28336,1780,60.3,6.3,,,,,,,,,304,Brisbane - West,98
2016,36171,35513,71684,936,1677,1604,2835,8880,11559,10372,7161,5497,4616,4165,3244,2622,2377,1527,1080,738,789.0,33.5,17.5,44.8,4.2,44.6,53.7,1.7,5.5,37.7,5.8,3.6,0.3,1.6,,40.8,4.0,92.5,7.1,0.4,14.3,2.6,29.6,9.2,9.0,,2.3,8.5,21.3,5.5,6.3,6.7,4.3,1.6,6.0,0.3,47995,4255,67.0,8.9,21.6,21.8,25.1,7.7,6.7,0.1,0.8,1.8,305,Brisbane Inner City,99
2011,29485,30103,59586,1009,1329,1260,1981,6950,9925,8034,5815,4623,4067,3421,2950,2750,1758,1238,943,780,755.0,36.7,13.2,45.3,4.9,45.7,52.8,1.5,5.9,48.2,4.6,3.9,0.4,1.8,30.1,,3.9,93.5,5.9,0.7,12.1,2.5,27.8,9.5,8.1,27.9,3.9,8.6,23.0,6.1,5.7,7.7,4.1,1.6,5.0,0.4,40061,2592,67.2,6.5,,,,,,,,,305,Brisbane Inner City,100
2016,24392,21415,45813,374,997,1359,1520,2026,3425,3731,3659,3816,3975,4094,3716,3404,3386,2531,1746,1149,910.0,15.3,16.3,64.1,4.2,57.1,41.2,1.7,4.5,50.2,2.6,1.0,0.2,3.4,,33.7,3.9,92.9,6.4,0.7,4.5,1.6,15.3,11.5,19.3,,4.6,7.1,10.7,6.8,9.1,5.4,4.8,2.6,8.2,0.4,27461,2011,59.9,7.3,31.3,31.0,20.0,3.1,2.0,0.1,0.8,3.1,306,Cairns,101
2011,21433,19322,40755,462,968,1267,1290,1644,2606,2998,3506,3794,4103,3711,3375,3442,2647,1936,1397,831,770.0,18.3,11.9,64.5,5.3,58.4,39.8,1.7,4.4,58.2,1.6,1.0,0.2,2.6,26.2,,4.8,93.7,5.6,0.6,3.3,1.3,13.1,9.6,16.0,39.1,7.3,7.3,10.4,7.6,7.6,6.4,4.9,3.0,7.6,0.5,24287,1556,59.6,6.4,,,,,,,,,306,Cairns,102
2016,5291,4962,10260,78,236,355,324,379,717,760,729,743,802,797,817,799,907,747,529,296,233.0,15.9,17.1,62.1,4.9,56.2,42.1,1.6,1.9,65.3,2.2,1.0,0.2,2.0,,23.2,3.7,94.4,4.8,0.7,3.0,1.3,14.1,9.5,21.1,,5.4,7.2,7.0,7.9,4.9,4.4,3.4,3.3,11.7,0.4,5535,343,53.9,6.2,35.6,28.4,19.0,2.9,1.6,0.1,0.7,3.5,307,Darling Downs - Maranoa,103
2011,4634,4430,9058,124,233,260,229,292,503,585,625,724,726,798,747,935,810,607,421,229,224.0,19.6,8.9,65.9,5.6,56.7,41.6,1.6,1.8,69.3,1.2,0.9,0.1,0.9,20.1,,4.9,94.5,4.8,0.8,2.3,1.2,12.0,7.9,15.9,43.4,8.0,8.4,7.6,7.8,4.5,4.3,2.7,4.0,9.9,0.5,4762,213,52.6,4.5,,,,,,,,,307,Darling Downs - Maranoa,104
2016,12133,12110,24244,286,885,1146,1040,994,1607,2142,2289,2255,2239,2215,1857,1554,1424,951,656,388,312.0,19.2,22.1,55.0,3.7,50.8,47.4,1.7,4.0,58.0,4.1,3.2,0.1,1.6,,24.8,3.6,94.5,4.8,0.7,4.8,1.5,14.2,8.3,20.8,,4.3,5.1,11.0,9.3,6.1,5.0,3.2,5.2,10.3,0.3,14835,1295,61.2,8.7,25.8,23.0,22.8,7.3,4.9,0.1,0.8,3.1,308,Central Queensland,105
2011,10563,10975,21539,382,777,918,787,881,1498,1850,2043,2072,2052,1934,1707,1655,1107,786,526,328,239.0,25.7,14.4,54.3,5.5,47.9,50.0,2.1,3.7,62.8,3.0,2.5,0.1,1.0,21.6,,4.6,94.4,4.8,0.8,4.1,1.2,13.0,7.8,17.0,38.4,6.6,5.4,11.7,10.4,4.7,5.8,3.4,6.0,10.0,0.4,13232,650,61.4,4.9,,,,,,,,,308,Central Queensland,106
2016,84016,76001,160019,1340,3694,5505,7187,9622,11851,13116,12781,12996,13634,13366,11800,10185,10943,8352,6157,3836,3647.0,16.0,17.6,62.9,3.5,52.1,46.1,1.8,3.5,51.2,2.0,1.9,0.4,1.3,,35.2,4.0,95.0,4.6,0.5,5.0,1.3,15.2,11.2,19.1,,3.9,6.9,10.3,8.1,7.0,6.8,5.7,2.9,6.3,0.4,95098,7115,59.4,7.5,29.6,27.3,22.2,3.9,2.6,0.1,0.7,2.9,309,Gold Coast,107
2011,73144,67731,140879,1641,3937,5509,6364,8630,10222,10607,11270,12422,12748,11328,9884,10590,8391,6583,4494,3403,2842.0,21.2,14.5,59.8,4.6,52.2,46.2,1.7,3.5,60.7,1.5,2.0,0.6,1.0,25.4,,4.4,95.7,3.6,0.6,3.7,1.0,12.5,9.7,15.9,40.7,6.4,6.6,9.6,8.5,6.0,7.2,5.8,2.8,6.0,0.4,81702,6426,58.0,7.9,,,,,,,,,309,Gold Coast,108
2016,37481,35557,73032,750,2341,3425,3809,4160,5475,6767,6807,6638,6573,6160,5242,4213,3781,2720,2036,1171,966.0,15.1,19.6,61.3,3.9,56.1,41.2,2.7,7.6,53.9,4.0,4.4,0.1,1.8,,23.1,4.7,88.0,10.4,1.6,4.4,1.1,11.7,8.9,18.3,,4.6,4.6,8.6,6.7,6.8,6.2,3.6,5.7,8.2,0.4,41778,4159,57.2,10.0,30.2,27.2,22.3,3.0,1.2,0.1,0.8,3.8,310,Ipswich,109
2011,30601,29624,60224,882,2106,2663,3000,3241,4290,5384,5710,5846,5820,4991,4119,3927,2844,2300,1450,911,737.0,19.3,14.4,60.9,5.4,57.3,39.8,2.9,8.6,60.7,2.7,3.3,0.1,1.2,17.5,,5.1,88.3,10.0,1.7,3.1,1.0,9.9,7.3,13.9,44.7,7.4,4.6,8.5,7.7,5.6,6.7,3.4,5.8,8.1,0.5,33645,2641,55.9,7.8,,,,,,,,,310,Ipswich,110
2016,43221,40997,84214,885,2367,3537,4444,5082,6161,7147,7178,6826,7152,7135,6547,5539,5268,3642,2495,1486,1334.0,14.5,17.9,64.3,3.2,52.7,45.4,1.9,3.7,55.6,2.5,7.0,0.1,2.0,,24.2,4.5,91.1,8.1,0.8,3.0,1.0,9.9,8.6,20.8,,4.0,4.5,7.0,7.7,6.0,6.7,3.7,6.7,8.3,0.4,48078,4553,57.1,9.5,30.7,28.9,21.6,2.6,1.1,0.1,0.8,3.0,311,Logan - Beaudesert,111
2011,37766,36097,73859,929,2340,3161,4018,4229,5148,5770,6116,6748,6958,6502,5607,5642,3926,2819,1845,1193,920.0,17.6,13.4,64.3,4.7,55.1,42.7,2.1,3.7,63.9,1.8,4.2,0.1,1.2,19.5,,4.7,92.9,6.3,0.8,2.1,0.7,8.3,7.2,16.5,46.4,7.2,4.7,7.1,8.8,5.1,7.9,3.9,6.5,8.1,0.6,42489,3279,57.5,7.7,,,,,,,,,311,Logan - Beaudesert,112
2016,10772,9939,20712,213,582,809,816,1092,1742,1894,1731,1768,1891,1870,1651,1351,1268,838,596,323,271.0,17.6,22.3,56.1,4.0,51.4,47.1,1.5,3.4,59.5,2.8,1.3,0.1,1.1,,28.2,3.2,95.9,3.6,0.5,3.6,1.2,14.3,9.5,22.3,,4.6,6.3,10.1,10.5,6.7,5.3,4.2,6.2,9.8,0.4,13468,1039,65.0,7.7,24.8,27.1,23.8,6.4,3.9,0.1,1.1,3.0,312,Mackay - Isaac - Whitsunday,113
2011,9800,10075,19875,305,670,773,785,1079,1614,1618,1747,1977,2049,1753,1480,1447,926,693,419,304,227.0,27.2,14.7,52.6,5.5,46.9,51.0,2.1,2.3,65.1,1.7,1.3,0.1,0.6,23.6,,4.6,96.4,3.0,0.7,3.0,1.0,12.1,8.0,19.3,39.3,6.4,6.5,10.4,12.2,5.3,6.2,4.2,7.6,9.5,0.5,13007,511,65.4,3.9,,,,,,,,,312,Mackay - Isaac - Whitsunday,114
2016,22715,20351,43064,265,905,1460,1714,1756,2225,2336,2684,3279,3769,3889,3505,3414,3938,3129,2305,1322,1173.0,10.8,15.0,70.3,3.9,57.6,40.2,2.2,2.2,59.7,1.3,0.6,0.1,0.9,,30.1,4.7,95.6,3.5,1.0,2.3,1.1,10.1,9.7,23.3,,5.4,4.8,7.3,7.1,6.3,6.0,3.8,3.9,8.5,0.4,22758,1835,52.8,8.1,35.4,27.0,20.0,3.3,1.5,0.1,0.6,3.7,313,Moreton Bay - North,115
2011,20339,18689,39031,380,1087,1399,1505,1373,1673,2183,2781,3463,3630,3289,3123,3732,3026,2485,1681,1263,955.0,16.2,11.5,67.5,4.7,57.6,40.6,1.8,1.8,66.8,1.2,0.7,0.1,0.8,22.2,,5.6,96.7,2.4,1.0,1.8,1.0,8.7,8.2,18.4,44.3,8.2,4.9,7.6,7.7,5.4,6.8,3.9,4.0,7.3,0.4,20392,1458,52.2,7.1,,,,,,,,,313,Moreton Bay - North,116
2016,21019,20099,41120,398,1395,2002,2162,1977,2422,3424,3830,4226,4269,3760,3023,2297,2285,1537,997,605,515.0,13.5,23.2,60.9,2.4,58.5,39.8,1.7,2.1,57.1,3.9,1.0,0.2,1.5,,29.8,4.0,97.3,2.2,0.5,5.3,1.9,16.3,11.4,19.6,,2.8,7.5,13.4,8.1,7.0,8.9,4.9,4.0,5.8,0.4,26709,1807,65.0,6.8,23.6,25.4,28.0,6.4,3.4,0.1,0.5,2.2,314,Moreton Bay - South,117
2011,16749,16546,33295,476,1361,1744,1748,1414,1708,2489,3306,3800,3684,2911,2236,2239,1546,1089,705,442,395.0,21.0,16.8,58.3,3.9,56.9,41.7,1.4,1.8,65.2,2.8,0.8,0.2,0.9,23.1,,4.5,98.0,1.6,0.4,3.8,1.5,13.7,10.2,16.1,37.6,4.5,7.5,13.5,9.0,5.8,9.9,5.0,3.9,5.5,0.3,21399,1049,64.3,4.9,,,,,,,,,314,Moreton Bay - South,118
2016,3624,3562,7183,76,212,249,210,330,649,651,645,557,593,695,594,489,470,344,219,120,72.0,18.7,19.0,56.1,6.1,50.5,47.1,2.4,3.3,58.8,3.0,1.4,,1.3,,27.2,4.6,94.8,3.8,1.6,4.4,1.4,14.9,8.8,20.0,,5.3,7.9,11.6,9.6,7.1,5.8,3.7,6.6,9.8,0.5,4712,198,65.6,4.2,23.4,25.3,26.0,8.9,3.1,0.1,0.7,4.5,315,Queensland - Outback,119
2011,3362,4051,7413,117,195,256,219,448,733,677,676,652,691,581,547,576,429,297,162,100,62.0,24.4,11.3,53.2,11.2,46.9,45.5,7.7,2.5,60.8,2.0,1.0,,0.7,20.3,,11.5,88.9,4.1,7.0,3.5,1.0,12.3,6.8,15.7,37.9,12.8,8.1,10.7,9.8,5.5,5.1,3.4,7.0,8.9,0.6,4616,172,62.3,3.7,,,,,,,,,315,Queensland - Outback,120
2016,36450,32243,68694,485,1673,2471,2587,2331,2972,3763,4245,5278,6052,6144,5593,5292,6267,5000,3800,2507,2235.0,12.0,15.4,69.6,3.1,61.3,36.8,1.9,2.3,54.0,1.3,0.6,0.2,0.9,,36.0,4.2,98.0,1.5,0.5,4.4,1.9,15.0,12.1,21.3,,4.2,6.5,10.9,7.5,6.4,6.0,4.7,2.1,5.5,0.3,37007,2491,53.9,6.7,33.4,27.5,20.5,3.8,2.9,0.1,0.5,3.4,316,Sunshine Coast,121
2011,31888,28813,60705,583,1797,2425,2212,1817,2348,2855,4165,5246,5815,5215,4877,5707,4922,4006,2895,2007,1820.0,16.4,13.6,65.6,4.4,60.3,38.3,1.4,2.4,61.5,0.6,0.5,0.3,0.7,28.1,,5.0,98.4,1.1,0.5,3.0,1.4,12.3,10.6,17.6,38.3,6.6,6.4,9.9,7.6,5.3,6.3,4.8,2.2,5.2,0.3,31623,2208,52.1,7.0,,,,,,,,,316,Sunshine Coast,122
2016,9794,9362,19153,289,630,903,934,1474,1873,1747,1557,1479,1448,1365,1203,978,1049,821,612,397,391.0,25.0,18.6,52.8,3.6,52.3,46.0,1.6,4.3,53.3,6.1,8.2,0.1,2.0,,22.2,3.4,91.9,7.5,0.6,8.3,1.7,18.0,9.0,15.9,,3.8,5.3,12.4,6.0,6.4,4.7,3.2,2.2,9.6,0.3,10723,1058,56.0,9.9,29.6,28.5,19.8,3.9,2.5,0.1,0.9,3.0,317,Toowoomba,123
2011,8127,7792,15925,287,585,710,787,1079,1396,1221,1253,1319,1338,1174,977,1099,866,695,513,357,280.0,26.6,14.8,53.7,4.8,54.7,43.2,2.1,4.1,62.0,3.5,5.7,0.1,1.5,18.0,,4.4,92.7,6.4,0.9,6.5,1.6,15.6,8.7,13.0,35.9,6.3,5.4,12.4,6.5,5.4,5.1,3.2,2.5,9.1,0.5,8621,582,54.1,6.8,,,,,,,,,317,Toowoomba,124
2016,14987,13702,28689,275,780,1145,1312,1682,2077,2166,2236,2241,2520,2422,2153,1868,2039,1405,1052,702,622.0,15.7,18.9,61.5,3.8,59.8,38.1,2.1,3.2,58.1,3.0,2.7,0.1,1.2,,27.5,3.7,94.6,4.7,0.7,6.7,1.7,16.0,9.1,18.4,,3.6,5.6,14.0,6.7,7.7,5.2,3.4,3.2,6.5,0.3,16744,1494,58.4,8.9,29.8,24.7,23.9,4.8,2.7,0.1,0.6,3.0,318,Townsville,125
2011,13634,12911,26540,353,798,947,1169,1533,1785,1938,2138,2425,2536,2239,1935,2124,1539,1150,821,601,517.0,22.6,12.3,59.9,5.2,57.7,40.5,1.8,3.2,64.6,2.3,1.8,0.2,0.9,22.0,,4.1,94.9,4.2,0.8,5.3,1.4,14.4,8.2,15.0,39.1,6.3,6.4,14.0,8.5,6.8,6.2,3.7,4.1,6.9,0.4,16156,873,60.9,5.4,,,,,,,,,318,Townsville,126
2016,18222,16257,34483,172,478,694,734,830,1439,1456,1543,1899,2374,2962,3025,3275,4445,3810,2680,1527,1147.0,9.0,9.4,76.9,4.7,64.1,33.8,2.1,2.5,61.0,1.6,1.0,0.2,0.9,,28.0,4.5,96.4,2.8,0.8,2.8,1.3,10.9,9.0,22.9,,7.0,4.3,7.9,4.3,4.8,3.5,2.7,1.9,6.6,0.4,14142,1421,41.0,10.0,46.8,24.5,13.2,1.9,1.6,0.1,0.5,4.3,319,Wide Bay,127
2011,16999,15764,32760,208,530,791,677,709,1055,1342,1694,2243,2806,2838,2976,4097,3848,3051,1867,1160,866.0,11.0,8.2,75.7,5.1,65.0,33.2,1.8,2.4,66.0,1.2,1.1,0.1,0.7,22.1,,5.6,96.9,2.3,0.8,2.1,1.0,9.2,7.7,18.6,44.9,9.4,4.8,7.3,5.1,4.6,4.2,2.9,2.3,6.4,0.3,13723,1219,41.9,8.9,,,,,,,,,319,Wide Bay,128
2016,41064,37889,78955,805,1910,2381,3810,6771,6091,6212,5787,5134,5020,5070,4938,5006,5693,4267,3862,3026,3191.0,23.2,15.1,58.6,3.1,56.0,42.5,1.4,5.4,43.6,5.5,3.8,0.3,2.4,,34.5,4.3,90.3,9.1,0.6,12.0,2.4,23.0,8.8,9.7,,2.8,6.1,15.9,4.6,5.2,5.1,3.0,1.4,3.8,0.3,39998,3809,50.7,9.5,30.5,21.4,20.0,5.0,4.2,0.2,0.8,2.3,401,Adelaide - Central and Hills,129
2011,37527,34719,72252,773,1693,1940,2820,6414,5815,4821,4461,4723,5170,5095,5116,5929,4527,4133,3567,2799,2440.0,24.4,10.8,60.2,4.6,57.6,40.6,1.8,5.6,52.8,4.6,3.4,0.3,2.3,25.6,,4.7,90.0,8.9,1.0,9.4,2.3,20.9,8.6,8.6,35.5,5.8,6.3,16.5,5.0,4.8,5.8,3.1,1.5,4.2,0.4,37262,2540,51.6,6.8,,,,,,,,,401,Adelaide - Central and Hills,130
2016,58424,55872,114295,954,2559,3730,4596,5905,7713,9893,8978,7383,7744,9488,9159,8218,8026,6301,5493,4304,3842.0,15.2,17.4,64.4,3.0,63.6,34.3,2.0,6.5,49.7,6.9,9.4,0.1,3.0,,20.3,3.9,86.7,12.4,0.9,5.2,1.1,12.9,8.0,16.5,,4.0,4.4,7.9,6.0,6.3,4.9,3.0,3.4,7.0,0.3,55792,5831,48.8,10.5,39.6,25.5,17.3,2.2,0.8,0.1,0.8,3.1,402,Adelaide - North,131
2011,50957,48873,99833,917,2240,2890,3227,4444,6201,6599,6203,7199,9289,9026,8357,8375,6664,6143,5259,3861,2933.0,16.2,10.1,69.2,4.6,64.9,32.9,2.2,6.2,60.2,4.1,5.8,0.1,1.7,16.6,,4.6,88.9,10.2,0.9,3.4,0.9,10.3,6.9,14.5,45.7,8.4,4.5,7.9,6.8,5.2,6.1,3.1,3.7,6.8,0.4,48252,3330,48.3,6.9,,,,,,,,,402,Adelaide - North,132
2016,42907,38992,81900,698,1891,2671,3396,3572,4324,5443,5615,5781,6640,7264,6533,6074,6527,5116,4139,3074,3135.0,14.5,15.8,67.0,2.7,64.6,33.8,1.6,2.8,50.9,3.2,3.7,0.2,1.8,,32.8,4.3,94.6,5.0,0.5,7.0,2.0,17.1,10.2,18.1,,3.5,5.4,12.2,6.8,7.1,6.2,3.6,2.1,4.7,0.2,43171,3289,52.7,7.6,34.2,25.0,21.7,4.0,1.9,0.1,0.6,2.7,403,Adelaide - South,133
2011,40157,37238,77392,862,2005,2523,2781,3105,3881,4521,5018,6376,7438,6724,6237,6812,5326,4616,3704,2852,2618.0,17.8,11.4,66.8,4.0,63.5,35.1,1.5,2.7,60.3,2.2,3.0,0.2,1.6,24.4,,4.9,95.1,4.3,0.6,5.0,1.7,14.5,8.9,15.3,38.6,6.7,5.5,12.1,7.7,5.9,7.1,3.6,2.3,4.8,0.3,40962,2402,52.9,5.9,,,,,,,,,403,Adelaide - South,134
2016,33712,31451,65165,723,1392,1669,2353,4033,5127,5961,5106,4297,4183,4433,4417,4122,4566,3502,3386,2946,2944.0,18.7,16.4,61.8,3.2,62.6,35.6,1.8,8.0,50.3,5.5,6.4,0.1,3.6,,21.9,3.8,83.8,15.5,0.8,6.5,1.3,16.0,8.3,13.4,,3.8,4.5,9.3,5.9,6.4,4.7,3.2,2.9,6.7,0.3,32329,3353,49.6,10.4,39.5,23.9,17.1,2.7,1.4,0.1,0.9,2.9,404,Adelaide - West,135
2011,30978,29658,60637,700,1345,1443,1996,3725,4913,4654,4133,4018,4302,4408,4132,4691,3721,3708,3534,2739,2489.0,21.9,10.2,63.2,4.7,63.3,34.8,1.8,8.6,58.3,4.1,5.8,0.1,3.2,15.9,,3.5,82.9,16.1,1.0,4.7,1.1,13.3,7.2,11.2,44.2,7.9,4.1,9.1,6.3,4.9,5.1,3.0,3.2,6.6,0.5,28557,2268,47.1,7.9,,,,,,,,,404,Adelaide - West,136
2016,5481,5051,10533,40,120,182,146,161,262,383,364,457,666,1072,1259,1199,1372,1124,799,524,402.0,6.2,7.5,82.4,4.0,68.2,30.5,1.4,1.7,60.7,0.9,0.8,0.1,0.8,,29.7,4.9,98.0,1.5,0.5,2.5,1.5,11.0,8.9,23.2,,6.1,5.8,7.7,5.5,4.6,4.1,2.5,2.6,6.6,0.3,4549,311,43.2,6.8,45.9,23.8,16.0,2.7,1.6,0.1,0.6,3.6,405,Barossa - Yorke - Mid North,137
2011,5411,5027,10431,55,126,147,142,111,226,295,392,633,1058,1171,1152,1337,1178,956,693,425,340.0,6.9,5.0,83.1,5.0,68.1,30.8,1.2,1.3,65.8,0.5,0.8,,0.7,24.0,,5.9,98.1,1.5,0.4,1.8,1.5,8.9,7.8,19.5,47.0,8.3,6.1,8.1,6.2,4.6,4.7,2.4,2.8,6.3,0.2,4598,231,44.1,5.0,,,,,,,,,405,Barossa - Yorke - Mid North,138
2016,4408,4310,8720,58,161,211,139,141,335,459,468,459,631,903,911,833,850,772,636,401,336.0,9.9,11.8,73.7,4.6,63.4,33.8,2.7,2.4,62.9,2.4,1.5,,1.6,,24.3,4.4,96.1,2.5,1.3,3.5,1.4,11.1,7.4,22.5,,7.0,5.1,8.7,7.3,5.7,3.6,2.8,3.7,6.2,0.3,4128,286,47.3,6.9,39.3,21.1,19.3,4.8,2.6,0.1,0.5,5.3,406,South Australia - Outback,139
2011,4620,4760,9375,84,204,190,126,182,383,462,496,684,952,1009,881,930,847,747,550,391,262.0,13.9,6.7,73.5,6.0,61.8,35.8,2.5,1.7,67.5,2.1,1.2,0.1,0.8,19.9,,6.2,95.6,2.7,1.7,2.7,1.1,9.9,6.4,19.9,42.2,10.7,5.3,9.5,8.6,5.2,4.6,2.8,4.4,6.2,0.4,4691,206,50.0,4.4,,,,,,,,,406,South Australia - Outback,140
2016,11825,11290,23115,146,408,574,554,682,1174,1121,1105,1223,1396,1859,1851,2107,2648,2215,1819,1206,1030.0,12.5,10.8,71.2,5.5,62.7,35.1,2.3,2.5,56.6,1.0,3.4,0.1,2.3,,28.3,5.3,91.2,7.4,1.4,2.7,1.2,10.3,8.1,19.2,,6.9,5.8,6.0,4.5,4.6,3.3,2.2,1.9,11.4,0.3,10067,708,43.6,7.0,42.9,28.5,13.4,1.8,1.2,0.1,0.8,5.0,407,South Australia - South East,141
2011,10981,10477,21461,171,389,491,481,559,817,915,1029,1330,1733,1724,1880,2476,2226,1997,1470,1035,737.0,13.5,7.2,74.0,5.3,63.2,34.5,2.2,2.1,62.4,0.8,2.6,0.1,2.8,22.5,,6.1,92.3,6.5,1.2,2.1,1.2,8.8,7.0,16.3,46.7,9.5,6.7,6.3,4.8,4.2,3.7,2.4,2.2,10.1,0.6,9478,604,44.2,6.4,,,,,,,,,407,South Australia - South East,142
2016,17159,15842,33003,257,793,1156,1071,1001,1758,2244,2349,2556,2858,3115,2848,2511,2921,2183,1480,996,916.0,13.5,16.0,66.7,3.8,61.0,37.4,1.7,2.4,57.5,1.2,1.5,0.1,0.9,,31.8,4.0,96.7,2.7,0.6,3.3,1.8,14.3,10.6,22.3,,4.5,6.5,9.4,8.9,6.1,4.9,3.8,3.9,8.7,0.3,18782,1260,56.9,6.7,31.2,25.5,22.0,5.6,3.1,0.1,0.7,3.1,501,Bunbury,143
2011,14735,14486,29223,332,806,1015,877,871,1502,1773,2128,2628,3032,2721,2333,2683,2178,1628,1139,809,772.0,18.3,10.9,64.6,6.3,59.7,37.6,2.7,2.0,64.5,0.9,1.2,0.1,0.7,24.2,,5.5,95.9,2.5,1.6,2.2,1.4,11.9,9.2,19.3,39.8,5.5,6.9,9.5,9.8,5.0,5.6,3.7,4.0,8.3,0.3,16407,770,56.1,4.7,,,,,,,,,501,Bunbury,144
2016,13208,11889,25091,192,755,1063,1124,879,1042,1315,1509,1874,2154,2260,1878,1771,2202,1926,1519,923,699.0,14.7,18.8,63.6,2.8,60.5,37.4,2.1,2.4,61.9,1.3,1.0,0.1,0.9,,28.1,3.9,98.2,1.3,0.5,2.6,1.3,10.5,9.9,24.0,,4.5,4.5,7.2,8.8,6.3,4.9,3.9,4.2,5.5,0.2,12768,1212,50.9,9.5,33.6,21.9,20.1,6.2,3.2,0.1,0.7,3.4,502,Mandurah,145
2011,10466,9664,20132,249,642,776,743,616,773,896,1258,1656,1950,1662,1422,1864,1784,1576,1062,678,536.0,19.9,11.8,63.3,5.1,60.1,38.2,1.6,2.2,70.4,0.7,0.7,0.1,0.7,20.9,,3.7,98.1,1.3,0.6,1.6,1.0,9.0,8.2,19.2,42.5,7.0,4.5,7.5,9.5,5.2,5.3,3.9,4.1,5.2,0.3,9808,597,48.7,6.1,,,,,,,,,502,Mandurah,146
2016,30837,29707,60543,796,1495,1670,2146,4819,7106,7554,5449,4386,4280,4179,3736,3206,3095,2190,1635,1300,1490.0,28.1,15.6,53.0,3.3,53.3,45.0,1.7,6.0,44.1,4.7,3.0,0.6,1.1,,36.1,4.0,93.9,5.7,0.5,14.7,2.8,30.3,9.6,8.4,,2.8,8.7,22.6,5.5,5.6,6.2,3.4,1.2,4.5,0.3,38370,3056,63.4,8.0,21.9,18.4,23.8,8.9,11.4,0.1,0.6,2.3,503,Perth - Inner,147
2011,27370,27303,54668,841,1329,1435,1995,4814,7099,5573,4256,4128,4282,4007,3427,3370,2348,1769,1507,1238,1261.0,31.5,11.2,52.8,4.5,53.9,44.7,1.3,5.7,53.3,4.0,3.5,0.7,1.2,27.3,,3.7,94.1,5.4,0.5,12.5,2.8,28.2,9.4,7.4,26.5,3.6,8.6,24.1,5.9,5.0,6.9,3.4,1.3,4.2,0.4,34610,1683,63.3,4.9,,,,,,,,,503,Perth - Inner,148
2016,41866,40642,82508,673,1797,2596,3040,4026,6559,8200,7265,6759,6968,7317,6365,5488,5342,3771,2807,1865,1677.0,15.1,19.2,62.3,3.4,61.6,36.0,2.3,5.8,52.4,4.7,4.9,0.6,2.4,,24.7,4.1,91.4,7.4,1.2,4.8,1.6,15.6,10.6,18.5,,4.1,5.8,10.3,9.5,7.2,7.2,4.3,4.9,6.6,0.4,50888,4077,61.7,8.0,27.3,23.4,25.9,5.7,2.7,0.1,0.8,3.4,504,Perth - North East,149
2011,34681,35128,69807,600,1516,2014,2379,3525,5058,5478,5707,6331,6992,6250,5558,5661,4040,3145,2316,1669,1562.0,17.0,11.1,65.7,6.2,63.6,32.5,3.8,6.1,59.4,2.7,4.6,0.8,1.4,18.6,,5.7,90.2,6.9,2.8,3.3,1.3,12.6,9.1,15.0,41.2,7.9,6.0,10.5,9.9,6.0,8.3,4.1,4.8,6.2,0.5,41589,1950,59.6,4.7,,,,,,,,,504,Perth - North East,150
2016,106072,101920,207984,1837,5770,8455,10012,11571,16372,19298,17844,17983,18685,17847,15000,12592,11993,8358,6209,4347,3820.0,16.6,20.8,60.0,2.6,63.3,35.0,1.7,4.3,55.0,3.6,4.1,0.8,1.7,,26.5,3.6,93.4,6.1,0.5,5.2,1.8,17.3,10.9,18.4,,3.1,6.9,12.5,9.7,6.7,7.4,4.8,3.3,6.0,0.3,131204,10360,63.1,7.9,26.3,22.3,26.1,6.9,4.4,0.1,0.6,2.5,505,Perth - North West,151
2011,92285,89088,181374,2326,6290,8255,8818,10334,12984,13362,15278,17347,17732,15230,13006,12711,8736,6857,5104,3672,3318.0,22.2,15.6,58.3,4.0,63.6,34.8,1.6,4.3,64.0,2.6,3.8,1.1,1.3,18.9,,3.4,93.7,5.7,0.6,3.9,1.5,14.5,9.8,15.3,37.7,4.4,6.8,12.6,10.0,5.9,8.3,4.5,3.4,5.7,0.4,110605,5167,61.0,4.7,,,,,,,,,505,Perth - North West,152
2016,96537,95680,192215,2084,5658,7101,8555,13541,18336,21399,17932,14940,14723,14607,12350,10711,10064,7237,5664,3810,3494.0,21.3,22.4,53.4,3.0,53.8,44.4,1.8,6.6,47.5,6.5,8.1,0.1,2.9,,24.2,3.8,91.8,7.5,0.7,7.3,1.7,19.4,10.0,15.3,,3.3,5.3,11.9,8.6,6.3,6.7,4.0,4.5,6.4,0.3,115968,11182,60.3,9.6,26.0,22.4,24.8,5.7,3.0,0.1,0.9,2.7,506,Perth - South East,153
2011,78887,78812,157702,1954,4440,5388,6897,12551,14367,13337,12191,13150,14079,12293,10806,10945,7994,6332,4663,3334,2982.0,25.1,13.5,56.6,4.8,55.2,42.4,2.4,6.9,56.2,4.2,7.1,0.1,1.9,19.0,,4.0,92.3,6.2,1.5,5.3,1.5,16.4,9.3,13.8,37.6,5.2,5.6,12.4,8.9,5.6,8.1,4.0,4.4,6.0,0.4,93513,5177,59.3,5.5,,,,,,,,,506,Perth - South East,154
2016,68376,64621,132991,1259,3924,5115,5667,6411,8837,11506,11442,11061,11650,11941,10102,8548,8327,6100,4777,3384,2942.0,16.5,19.7,61.2,2.6,60.4,37.8,1.8,3.8,55.9,2.7,1.9,0.1,1.5,,29.6,4.0,95.1,4.3,0.6,6.1,1.9,17.5,10.1,18.6,,3.5,6.3,13.1,9.1,6.1,6.7,4.1,3.6,5.3,0.3,79893,6671,60.1,8.3,26.1,20.9,25.7,7.5,4.7,0.1,0.7,2.6,507,Perth - South West,155
2011,57430,55765,113190,1393,3171,4067,4566,6020,7235,7944,8794,10329,11447,10156,8600,8568,6476,5165,4082,2787,2401.0,20.3,12.4,62.6,4.7,61.2,36.8,2.0,4.0,64.6,1.7,1.7,0.2,1.0,22.0,,4.2,94.6,4.2,1.1,4.5,1.6,15.2,9.3,15.1,37.8,5.6,6.4,13.2,9.7,5.5,7.7,3.9,3.6,5.2,0.4,66688,3239,58.9,4.9,,,,,,,,,507,Perth - South West,156
2016,11766,11526,23297,132,388,584,574,762,1210,1335,1364,1537,1875,2251,2281,1997,2453,1852,1290,752,641.0,11.3,12.2,70.0,6.5,61.0,37.1,1.9,1.9,57.7,0.8,1.6,0.1,0.9,,30.3,6.2,93.9,3.4,2.8,2.8,1.5,12.2,9.7,21.7,,7.7,7.4,8.1,7.9,5.9,5.2,2.9,3.7,8.6,0.3,12430,652,53.4,5.2,33.6,24.5,21.0,4.4,2.3,0.1,0.7,5.9,509,Western Australia - Wheat Belt,157
2011,11051,10766,21820,178,457,566,492,765,870,1139,1370,1808,2173,2139,1929,2380,1950,1480,948,608,568.0,14.7,8.7,70.2,6.3,60.6,36.0,3.4,1.9,64.1,0.5,1.2,0.1,0.8,23.8,,6.8,94.9,2.7,2.3,2.2,1.4,10.5,8.8,17.0,43.4,7.7,8.5,8.7,8.4,5.4,5.4,3.0,3.9,7.7,0.4,11810,507,54.1,4.3,,,,,,,,,509,Western Australia - Wheat Belt,158
2016,6964,10127,17090,185,429,514,440,790,1923,2415,2108,1825,1781,1706,1350,821,429,201,111,48,18.0,23.8,26.3,45.9,4.1,43.4,55.1,1.5,4.7,52.0,3.2,2.6,0.2,0.8,,32.5,3.2,96.6,2.6,0.8,4.5,1.6,17.0,10.6,25.8,,3.6,7.2,12.0,18.7,6.9,6.4,3.8,10.4,11.5,0.3,13806,457,80.8,3.3,9.3,15.0,31.1,19.0,15.2,0.1,0.7,2.8,510,Western Australia - Outback (North),159
2011,5804,10752,16552,180,403,378,344,1075,2202,2038,2025,1917,1875,1600,1118,795,336,149,70,29,25.0,29.4,13.3,43.5,13.9,38.9,50.0,11.1,3.9,51.6,2.1,2.0,0.1,0.6,25.1,,13.5,86.6,3.2,10.3,3.1,1.3,14.1,8.3,20.9,30.1,13.5,6.6,12.1,17.5,4.8,7.2,2.9,10.8,9.7,0.4,12255,225,74.0,1.8,,,,,,,,,510,Western Australia - Outback (North),160
2016,9959,10002,19959,199,608,786,765,848,1497,1819,1726,1693,1858,1953,1679,1266,1171,868,593,337,292.0,18.5,23.3,54.3,3.9,49.3,48.7,2.0,3.3,58.9,2.3,1.8,0.1,0.9,,28.5,3.7,96.6,2.7,0.8,3.8,1.5,13.2,9.3,21.0,,4.6,7.0,10.8,10.5,6.7,5.8,4.2,8.5,7.9,0.3,13160,710,65.9,5.4,23.6,21.0,28.0,10.3,3.8,0.1,0.8,3.6,511,Western Australia - Outback (South),161
2011,9506,10615,20125,295,676,775,690,1094,1657,1627,1850,2000,2110,1824,1469,1342,997,712,473,273,257.0,28.1,11.8,52.4,7.7,45.6,50.0,4.4,2.8,62.8,1.5,1.3,0.1,0.7,23.0,,6.9,94.4,2.5,3.1,2.6,1.3,10.9,8.1,17.6,39.9,7.8,7.4,10.4,11.6,5.5,6.1,3.2,8.9,8.1,0.5,12956,489,64.4,3.8,,,,,,,,,511,Western Australia - Outback (South),162
2016,15885,14692,30577,284,665,776,1137,1911,2327,2271,2011,1919,2033,2212,2271,2187,2558,2016,1632,1195,1164.0,18.4,12.9,65.2,3.5,61.9,36.3,1.8,4.0,43.6,4.5,3.8,0.2,1.8,,37.2,4.5,93.1,6.2,0.7,11.6,2.7,19.9,9.6,13.9,,3.8,5.5,14.2,4.8,6.5,5.0,2.9,1.5,4.2,0.2,15148,1267,49.5,8.4,34.4,24.8,20.3,4.1,2.4,0.1,0.5,2.5,601,Hobart,163
2011,14272,13626,27894,309,640,732,954,1724,1747,1580,1702,1940,2224,2288,2164,2580,2078,1758,1409,1095,974.0,18.4,9.9,67.3,4.4,64.2,34.4,1.5,3.6,54.2,2.9,2.9,0.3,1.3,29.5,,4.6,94.0,5.4,0.6,8.6,2.4,18.6,9.5,12.4,33.4,6.6,5.9,15.0,5.2,5.3,5.7,3.1,1.6,3.7,0.3,13860,996,49.7,7.2,,,,,,,,,601,Hobart,164
2016,8338,7954,16298,174,376,459,529,857,816,848,855,886,1020,1227,1299,1387,1739,1486,1076,659,616.0,16.1,11.1,68.9,3.9,62.0,36.5,1.5,4.0,51.5,3.5,4.0,0.1,1.9,,30.1,4.3,93.0,6.4,0.6,6.1,1.9,16.0,10.1,17.1,,4.6,5.2,10.9,4.3,4.7,3.8,2.2,1.7,5.0,0.1,6898,652,42.3,9.5,43.5,23.5,14.9,2.9,2.2,0.1,0.7,2.9,602,Launceston and North East,165
2011,7919,7640,15558,143,339,414,501,754,676,726,824,987,1219,1253,1319,1709,1530,1207,807,636,517.0,16.1,8.2,71.6,4.1,62.5,36.0,1.5,2.8,60.8,2.9,1.6,0.1,1.5,24.5,,5.1,95.3,4.2,0.6,5.0,1.8,14.8,9.4,14.9,38.2,7.5,5.3,11.5,5.3,4.6,4.6,2.6,1.9,4.0,0.2,6859,575,44.1,8.4,,,,,,,,,602,Launceston and North East,166
2016,2198,2270,4465,16,34,73,55,39,104,137,192,245,322,425,500,563,706,477,292,174,96.0,5.5,6.7,84.3,3.5,70.4,28.1,1.5,1.8,43.4,0.3,0.6,0.2,1.0,,46.1,5.8,98.2,1.3,0.3,6.5,2.6,17.3,14.2,20.6,,4.3,7.7,9.2,5.4,4.6,4.7,2.0,1.1,4.9,0.2,1931,134,43.2,6.9,45.3,25.1,15.0,2.8,1.4,0.1,0.5,2.5,603,South East,167
2011,2085,2160,4249,20,59,51,41,39,84,140,232,306,379,415,519,652,542,343,227,105,85.0,7.0,6.9,82.1,3.9,69.5,29.4,1.1,2.5,50.0,0.1,0.5,0.1,1.3,37.4,,6.8,98.8,0.8,0.4,5.7,1.8,15.6,11.8,18.3,34.8,6.4,8.3,10.8,5.9,3.9,5.4,2.4,1.6,5.0,0.3,1998,143,47.0,7.2,,,,,,,,,603,South East,168
2016,4986,4592,9577,68,120,188,184,197,363,411,420,460,612,849,904,890,1191,1068,805,483,369.0,8.2,8.6,79.4,3.8,66.5,31.8,1.7,2.5,57.1,1.4,0.9,0.2,0.8,,31.4,5.3,97.2,2.0,0.7,4.2,2.0,14.1,10.7,20.6,,6.0,6.4,9.9,3.8,4.3,4.0,2.1,1.9,5.7,0.2,4004,293,41.8,7.3,44.0,23.6,16.0,3.0,2.3,0.1,0.5,3.6,604,West and North West,169
2011,4916,4703,9618,72,165,190,199,176,298,384,462,588,836,889,851,1180,1111,905,611,367,333.0,9.9,6.7,78.9,4.5,65.8,33.1,1.1,2.4,62.2,1.6,1.0,0.1,0.8,24.7,,6.6,98.2,1.4,0.5,3.5,1.5,12.6,9.2,17.5,41.4,7.8,6.9,10.6,5.2,4.0,4.5,2.0,2.1,5.0,0.3,4233,304,44.0,7.2,,,,,,,,,604,West and North West,170
2016,17462,17442,34908,597,1168,1334,1242,1992,3845,4429,3763,3074,2847,2586,2226,1850,1636,1015,698,372,235.0,26.8,22.4,46.8,4.0,53.0,45.1,1.9,7.3,51.9,7.4,4.4,0.1,1.5,,23.6,3.3,91.7,7.4,0.9,7.5,1.9,20.2,9.3,16.5,,3.6,7.1,13.3,10.7,9.2,7.4,4.9,3.4,8.2,0.4,23935,1146,68.6,4.8,18.3,23.7,31.5,8.1,4.9,0.1,0.7,2.9,701,Darwin,171
2011,12996,13082,26072,400,826,890,1051,1474,2498,2567,2459,2472,2408,2198,1972,1891,1210,842,471,286,157.0,26.2,11.1,55.0,7.7,56.5,38.7,4.8,7.0,57.8,4.2,3.7,0.1,1.2,18.8,,6.4,88.7,7.6,3.7,5.8,1.8,16.3,8.6,13.5,34.2,8.7,7.7,13.9,9.5,8.1,8.4,4.5,3.3,6.9,0.5,17153,641,65.8,3.7,,,,,,,,,701,Darwin,172
2016,5053,4893,9944,167,325,386,354,480,1059,1205,1011,839,857,895,782,614,439,259,162,62,48.0,27.5,21.4,46.1,5.0,47.2,50.6,2.2,4.7,52.9,4.5,2.0,0.2,2.1,,28.7,4.3,95.1,3.9,1.0,7.5,2.7,21.1,10.8,16.8,,3.9,8.7,18.2,8.4,12.3,7.3,4.3,2.7,8.3,0.4,7311,188,73.5,2.6,12.7,26.4,37.0,8.9,3.5,0.1,0.5,3.2,702,Northern Territory - Outback,173
2011,4299,4248,8550,152,281,312,282,481,816,907,852,810,893,820,698,562,329,200,77,59,22.0,30.8,14.0,49.6,5.6,46.6,51.3,2.0,4.3,60.5,3.1,1.8,0.2,1.6,23.0,,4.2,95.4,3.8,0.8,6.2,2.3,18.6,10.4,14.4,30.8,5.9,8.5,19.0,9.9,9.5,8.2,4.0,3.5,7.7,0.6,6323,166,74.0,2.6,,,,,,,,,702,Northern Territory - Outback,174
2016,54349,50432,104780,1209,2694,3047,4350,8166,9209,11275,10119,8494,7607,7641,6937,6041,5910,4355,3325,2286,2115.0,21.3,16.2,59.8,2.7,64.6,33.7,1.7,7.0,40.5,7.6,6.5,0.3,2.1,,31.5,4.1,92.2,7.2,0.6,16.4,3.3,24.5,8.6,9.2,,2.4,7.6,19.4,5.0,6.4,7.7,3.4,1.4,4.2,0.3,62797,3852,59.9,6.1,22.1,21.1,28.2,9.5,4.3,0.1,0.5,1.9,801,Australian Capital Territory,175
2011,44344,41611,85960,1092,1934,2138,3149,6551,7710,7619,7092,6962,7450,6985,6231,6353,4634,3556,2714,1997,1798.0,20.1,11.4,64.7,3.8,69.5,29.1,1.4,7.6,48.5,5.7,6.2,0.4,1.6,25.5,,3.8,92.6,6.6,0.7,14.1,3.2,22.4,8.7,7.9,30.9,3.8,8.0,20.2,5.5,5.3,9.4,3.4,1.4,3.9,0.3,52733,2545,61.3,4.8,,,,,,,,,801,Australian Capital Territory,176
2016,630,817,1448,26,23,26,21,55,107,139,137,113,133,149,134,126,120,73,41,17,11.0,10.5,9.3,57.1,23.0,47.9,51.2,1.7,17.5,35.6,0.5,9.8,,0.2,,17.9,17.7,68.2,15.7,16.1,2.0,0.8,8.6,7.4,18.6,,19.7,7.8,4.7,11.7,7.3,6.0,3.8,4.9,10.4,0.2,846,12,58.4,1.4,20.6,21.5,23.3,6.1,1.9,0.1,0.4,18.0,901,Other Territories,177
2011,297,958,1255,6,8,15,47,131,254,173,101,122,100,70,97,79,29,19,5,4,,6.1,3.9,39.2,51.0,26.5,24.9,49.2,23.3,11.3,0.6,10.4,0.3,0.2,4.1,,49.8,34.9,16.1,49.4,1.3,0.4,3.8,3.2,7.6,23.4,54.3,3.6,4.5,7.5,3.3,4.5,0.6,4.0,8.0,0.7,479,8,38.2,1.7,,,,,,,,,901,Other Territories,178
